PlayerID,Player,Round,Opponent,Opponent_FDR,isHome,Points,minutes,Opponent_PrevWeek,Opponent_FDR_PrevWeek,isHome_PrevWeek,Points_PrevWeek,Opponent_2PrevWeek,Opponent_FDR_2PrevWeek,isHome_2PrevWeek,Points_2PrevWeek,isCaptain,ICT_index,Threat,Influence,Transfers_Balance,Value,BPS,DefenseOdds,OffenceOdds,elementID
122,Wan-Bissaka,1,6,4,1,8,90,0,0,0,0,0,0,0,0,1,4.9,2.0,30.4,0,55,34,75.54,36.72,2
368,Doucouré,1,4,2,1,0,90,0,0,0,0,0,0,0,0,0,3.0,2.0,4.4,0,60,7,64.39,29.55,3
417,Traoré,1,9,3,0,0,0,0,0,0,0,0,0,0,0,0,0.0,0.0,0.0,0,50,0,37.16,15.15,3
195,Lallana,1,14,2,1,0,0,0,0,0,0,0,0,0,0,0,0.0,0.0,0.0,0,60,0,66.6,32.86,3
355,Masina,1,4,2,1,0,0,0,0,0,0,0,0,0,0,0,0.0,0.0,0.0,0,45,0,64.39,29.55,2
63,Smith,1,15,2,1,1,90,0,0,0,0,0,0,0,0,0,1.4,4.0,3.4,0,45,10,60.15,30.82,2
493,Webster,1,18,3,0,0,0,0,0,0,0,0,0,0,0,0,0.0,0.0,0.0,0,45,0,40.87,16.04,2
155,Lookman,1,7,2,0,0,0,0,0,0,0,0,0,0,0,0,0.0,0.0,0.0,0,50,0,51.82,25.82,3
356,Mariappa,1,4,2,1,0,0,0,0,0,0,0,0,0,0,0,0.0,0.0,0.0,0,45,0,64.39,29.55,2
526,San Miguel del Castillo,1,14,2,1,1,51,0,0,0,0,0,0,0,0,0,1.1,0.0,10.6,0,45,7,66.6,32.86,1
22,El Mohamady,1,17,5,0,1,90,0,0,0,0,0,0,0,0,0,1.4,0.0,13.4,0,45,10,22.17,6.88,2
4,Maitland-Niles,1,13,3,0,12,90,0,0,0,0,0,0,0,0,1,5.1,0.0,38.4,0,50,38,46.5,20.47,2
514,Ajeti,1,11,5,1,0,0,0,0,0,0,0,0,0,0,0,0.0,0.0,0.0,0,60,0,87.94,41.88,4
289,Tettey,1,10,5,0,0,0,0,0,0,0,0,0,0,0,0,0.0,0.0,0.0,0,45,0,80.79,38.31,3
387,Costa Silva,1,11,5,1,0,0,0,0,0,0,0,0,0,0,0,0.0,0.0,0.0,0,45,0,87.94,41.88,4
12,Lacazette,1,13,3,0,0,0,0,0,0,0,0,0,0,0,0,0.0,0.0,0.0,0,95,0,46.5,20.47,4
240,Sánchez,1,6,4,1,0,0,0,0,0,0,0,0,0,0,0,0.0,0.0,0.0,0,70,0,75.54,36.72,3
17,Iwobi,1,7,2,0,0,0,0,0,0,0,0,0,0,0,0,0.0,0.0,0.0,0,60,0,51.82,25.82,3
318,McCarthy,1,5,3,0,0,0,0,0,0,0,0,0,0,0,0,0.0,0.0,0.0,0,45,0,20.09,7.84,1
193,Oxlade-Chamberlain,1,14,2,1,0,0,0,0,0,0,0,0,0,0,0,0.0,0.0,0.0,0,65,0,66.6,32.86,3
50,Jahanbakhsh,1,18,3,0,0,0,0,0,0,0,0,0,0,0,0,0.0,0.0,0.0,0,60,0,40.87,16.04,3
189,Ramses Becker,1,14,2,1,1,38,0,0,0,0,0,0,0,0,0,0.6,0.0,5.6,0,60,7,66.6,32.86,1
500,Saint-Maximin,1,1,4,1,1,23,0,0,0,0,0,0,0,0,0,0.0,0.0,0.0,0,55,2,88.62,47.41,3
108,Christensen,1,12,4,0,0,90,0,0,0,0,0,0,0,0,0,2.7,2.0,23.2,0,50,16,59.72,31.11,2
246,Pereira,1,6,4,1,6,73,0,0,0,0,0,0,0,0,1,4.6,4.0,22.0,0,50,22,75.54,36.72,3
181,Robertson,1,14,2,1,2,90,0,0,0,0,0,0,0,0,0,4.4,7.0,12.4,0,70,15,66.6,32.86,2
80,Surman,1,15,2,1,0,0,0,0,0,0,0,0,0,0,0,0.0,0.0,0.0,0,50,0,60.15,30.82,3
364,Gray,1,4,2,1,2,74,0,0,0,0,0,0,0,0,0,2.1,17.0,1.4,0,60,3,64.39,29.55,4
32,Green,1,17,5,0,0,0,0,0,0,0,0,0,0,0,0,0.0,0.0,0.0,0,50,0,22.17,6.88,3
392,Yarmolenko,1,11,5,1,0,0,0,0,0,0,0,0,0,0,0,0.0,0.0,0.0,0,60,0,87.94,41.88,3
135,Townsend,1,8,3,1,3,90,0,0,0,0,0,0,0,0,0,2.2,0.0,10.0,0,60,14,73.03,32.96,3
422,Tavares Gomes,1,7,2,0,1,45,0,0,0,0,0,0,0,0,0,1.9,0.0,7.6,0,55,6,51.82,25.82,3
520,Carroll,1,1,4,1,0,0,0,0,0,0,0,0,0,0,0,0.0,0.0,0.0,0,55,0,88.62,47.41,4
480,King,1,20,3,1,0,0,0,0,0,0,0,0,0,0,0,0.0,0.0,0.0,0,45,0,51.39,26.11,3
377,Ogbonna,1,11,5,1,0,0,0,0,0,0,0,0,0,0,0,0.0,0.0,0.0,0,45,0,87.94,41.88,2
245,Gomes,1,6,4,1,0,0,0,0,0,0,0,0,0,0,0,0.0,0.0,0.0,0,50,0,75.54,36.72,1
319,Gunn,1,5,3,0,1,90,0,0,0,0,0,0,0,0,0,1.0,0.0,9.8,0,45,10,20.09,7.84,1
52,Knockaert,1,18,3,0,0,0,0,0,0,0,0,0,0,0,0,0.0,0.0,0.0,0,55,0,40.87,16.04,3
239,Martial,1,6,4,1,7,90,0,0,0,0,0,0,0,0,1,13.0,71.0,39.2,0,75,19,75.54,36.72,3
104,Rüdiger,1,12,4,0,0,0,0,0,0,0,0,0,0,0,0,0.0,0.0,0.0,0,60,0,59.72,31.11,2
30,El Ghazi,1,17,5,0,2,90,0,0,0,0,0,0,0,0,0,1.5,8.0,1.4,0,55,0,22.17,6.88,3
492,Danjuma Groeneveld,1,15,2,1,0,0,0,0,0,0,0,0,0,0,0,0.0,0.0,0.0,0,60,0,60.15,30.82,3
378,Masuaku,1,11,5,1,0,0,0,0,0,0,0,0,0,0,0,0.0,0.0,0.0,0,45,0,87.94,41.88,2
73,Boruc,1,15,2,1,0,0,0,0,0,0,0,0,0,0,0,0.0,0.0,0.0,0,45,0,60.15,30.82,1
90,Barnes,1,16,2,1,13,83,0,0,0,0,0,0,0,0,1,16.2,89.0,71.4,0,65,58,30.72,11.04,3
101,Westwood,1,16,2,1,3,90,0,0,0,0,0,0,0,0,0,1.8,0.0,6.4,0,55,7,30.72,11.04,3
224,Young,1,6,4,1,0,0,0,0,0,0,0,0,0,0,0,0.0,0.0,0.0,0,55,0,75.54,36.72,2
72,Begovic,1,15,2,1,0,0,0,0,0,0,0,0,0,0,0,0.0,0.0,0.0,0,45,0,60.15,30.82,1
481,Tuanzebe,1,6,4,1,0,0,0,0,0,0,0,0,0,0,0,0.0,0.0,0.0,0,45,0,75.54,36.72,2
202,Laporte,1,19,3,0,6,90,0,0,0,0,0,0,0,0,1,2.0,0.0,19.2,0,65,26,49.63,21.22,2
265,Pérez,1,20,3,1,3,75,0,0,0,0,0,0,0,0,0,1.8,12.0,2.0,0,65,7,51.39,26.11,3
495,Peacock-Farrell,1,16,2,1,0,0,0,0,0,0,0,0,0,0,0,0.0,0.0,0.0,0,45,0,30.72,11.04,1
344,Alli,1,2,2,1,0,0,0,0,0,0,0,0,0,0,0,0.0,0.0,0.0,0,85,0,64.33,26.21,3
161,Chilwell,1,20,3,1,6,90,0,0,0,0,0,0,0,0,1,3.1,9.0,5.4,0,55,23,51.39,26.11,2
204,Mendy,1,19,3,0,0,0,0,0,0,0,0,0,0,0,0,0.0,0.0,0.0,0,60,0,49.63,21.22,2
329,Davies,1,2,2,1,0,0,0,0,0,0,0,0,0,0,0,0.0,0.0,0.0,0,55,0,64.33,26.21,2
366,Foster,1,4,2,1,1,90,0,0,0,0,0,0,0,0,0,1.0,0.0,10.0,0,50,9,64.39,29.55,1
89,Gibson,1,16,2,1,0,0,0,0,0,0,0,0,0,0,0,0.0,0.0,0.0,0,40,0,30.72,11.04,2
273,Godfrey,1,10,5,0,0,90,0,0,0,0,0,0,0,0,0,3.1,7.0,23.8,0,45,18,80.79,38.31,2
384,Johnson,1,11,5,1,0,0,0,0,0,0,0,0,0,0,0,0.0,0.0,0.0,0,40,0,87.94,41.88,2
83,Mee,1,16,2,1,6,90,0,0,0,0,0,0,0,0,1,2.3,2.0,21.2,0,50,27,30.72,11.04,2
472,Osborn,1,3,3,0,0,0,0,0,0,0,0,0,0,0,0,0.0,0.0,0.0,0,50,0,51.08,19.78,3
56,Kayal,1,18,3,0,0,0,0,0,0,0,0,0,0,0,0,0.0,0.0,0.0,0,45,0,40.87,16.04,3
218,Veiga de Carvalho e Silva,1,19,3,0,0,0,0,0,0,0,0,0,0,0,0,0.0,0.0,0.0,0,80,0,49.63,21.22,3
39,Fernandes da Silva Junior,1,18,3,0,1,1,0,0,0,0,0,0,0,0,0,0.0,0.0,0.0,0,45,3,40.87,16.04,2
152,Anício Caldeira Duarte,1,7,2,0,2,90,0,0,0,0,0,0,0,0,0,3.6,10.0,6.8,0,65,4,51.82,25.82,3
14,Leno,1,13,3,0,7,90,0,0,0,0,0,0,0,0,1,1.8,0.0,18.0,0,50,27,46.5,20.47,1
298,Sharp,1,3,3,0,8,8,0,0,0,0,0,0,0,0,1,6.8,35.0,32.4,0,60,26,51.08,19.78,4
33,Bjarnason,1,17,5,0,0,0,0,0,0,0,0,0,0,0,0,0.0,0.0,0.0,0,45,0,22.17,6.88,3
455,Engels,1,17,5,0,1,90,0,0,0,0,0,0,0,0,0,2.8,0.0,27.8,0,45,12,22.17,6.88,2
116,Hudson-Odoi,1,12,4,0,0,0,0,0,0,0,0,0,0,0,0,0.0,0.0,0.0,0,60,0,59.72,31.11,3
453,Robinson,1,3,3,0,2,90,0,0,0,0,0,0,0,0,0,3.5,29.0,4.6,0,55,2,51.08,19.78,3
327,Slattery,1,5,3,0,0,0,0,0,0,0,0,0,0,0,0,0.0,0.0,0.0,0,45,0,20.09,7.84,3
67,Wilson,1,15,2,1,5,89,0,0,0,0,0,0,0,0,0,4.0,35.0,2.4,0,80,10,60.15,30.82,3
467,Chambers,1,13,3,0,6,90,0,0,0,0,0,0,0,0,1,1.3,0.0,13.0,0,45,26,46.5,20.47,2
9,Jenkinson,1,13,3,0,0,0,0,0,0,0,0,0,0,0,0,0.0,0.0,0.0,0,45,0,46.5,20.47,2
146,Tosun,1,7,2,0,0,0,0,0,0,0,0,0,0,0,0,0.0,0.0,0.0,0,60,0,51.82,25.82,4
312,Austin,1,5,3,0,0,0,0,0,0,0,0,0,0,0,0,0.0,0.0,0.0,0,60,0,20.09,7.84,4
60,Daniels,1,15,2,1,0,0,0,0,0,0,0,0,0,0,0,0.0,0.0,0.0,0,45,0,60.15,30.82,2
87,Taylor,1,16,2,1,0,0,0,0,0,0,0,0,0,0,0,0.0,0.0,0.0,0,45,0,30.72,11.04,2
139,Kouyaté,1,8,3,1,0,0,0,0,0,0,0,0,0,0,0,0.0,0.0,0.0,0,50,0,73.03,32.96,3
437,Adams,1,5,3,0,2,72,0,0,0,0,0,0,0,0,0,1.6,21.0,0.0,0,60,-5,20.09,7.84,4
267,Atsu,1,1,4,1,0,0,0,0,0,0,0,0,0,0,0,0.0,0.0,0.0,0,55,0,88.62,47.41,3
129,Benteke,1,8,3,1,2,82,0,0,0,0,0,0,0,0,0,2.7,2.0,9.6,0,60,9,73.03,32.96,4
343,Eriksen,1,2,2,1,1,26,0,0,0,0,0,0,0,0,0,7.1,18.0,12.6,0,90,10,64.33,26.21,3
163,Fuchs,1,20,3,1,0,0,0,0,0,0,0,0,0,0,0,0.0,0.0,0.0,0,45,0,51.39,26.11,2
354,Kabasele,1,4,2,1,0,0,0,0,0,0,0,0,0,0,0,0.0,0.0,0.0,0,45,0,64.39,29.55,2
431,Pulisic,1,12,4,0,1,32,0,0,0,0,0,0,0,0,0,2.6,8.0,6.0,0,75,4,59.72,31.11,3
275,Zimmermann,1,10,5,0,0,0,0,0,0,0,0,0,0,0,0,0.0,0.0,0.0,0,45,0,80.79,38.31,2
423,Basham,1,3,3,0,2,81,0,0,0,0,0,0,0,0,0,1.3,2.0,9.6,0,45,9,51.08,19.78,2
61,Mepham,1,15,2,1,10,90,0,0,0,0,0,0,0,0,1,11.7,68.0,47.4,0,45,24,60.15,30.82,2
223,Smalling,1,6,4,1,0,0,0,0,0,0,0,0,0,0,0,0.0,0.0,0.0,0,55,0,75.54,36.72,2
91,Wood,1,16,2,1,2,90,0,0,0,0,0,0,0,0,0,0.8,8.0,0.0,0,65,-1,30.72,11.04,4
259,Clark,1,1,4,1,0,0,0,0,0,0,0,0,0,0,0,0.0,0.0,0.0,0,45,0,88.62,47.41,2
213,Bravo,1,19,3,0,0,0,0,0,0,0,0,0,0,0,0,0.0,0.0,0.0,0,50,0,49.63,21.22,1
130,Wickham,1,8,3,1,1,7,0,0,0,0,0,0,0,0,0,0.2,2.0,0.0,0,45,1,73.03,32.96,4
403,Coady,1,9,3,0,6,90,0,0,0,0,0,0,0,0,1,1.0,0.0,10.0,0,50,20,37.16,15.15,2
28,Hourihane,1,17,5,0,2,81,0,0,0,0,0,0,0,0,0,2.7,0.0,16.4,0,60,12,22.17,6.88,3
358,Cathcart,1,4,2,1,1,90,0,0,0,0,0,0,0,0,0,1.1,0.0,10.4,0,45,10,64.39,29.55,2
439,Dawson,1,4,2,1,1,90,0,0,0,0,0,0,0,0,0,5.9,37.0,21.2,0,50,13,64.39,29.55,2
486,Soares,1,5,3,0,0,0,0,0,0,0,0,0,0,0,0,0.0,0.0,0.0,0,50,0,20.09,7.84,2
105,Azpilicueta,1,12,4,0,0,90,0,0,0,0,0,0,0,0,0,4.3,2.0,24.2,0,60,9,59.72,31.11,2
57,Stephens,1,18,3,0,3,90,0,0,0,0,0,0,0,0,0,2.6,0.0,15.0,0,45,11,40.87,16.04,2
178,Amartey,1,20,3,1,0,0,0,0,0,0,0,0,0,0,0,0.0,0.0,0.0,0,45,0,51.39,26.11,3
469,Ceballos Fernández,1,13,3,0,1,26,0,0,0,0,0,0,0,0,0,0.6,0.0,3.0,0,55,3,46.5,20.47,3
120,Drinkwater,1,16,2,1,0,0,0,0,0,0,0,0,0,0,0,0.0,0.0,0.0,0,45,0,30.72,11.04,3
243,James,1,6,4,1,6,16,0,0,0,0,0,0,0,0,1,5.1,17.0,33.0,0,60,21,75.54,36.72,3
209,da Silva,1,19,3,0,0,0,0,0,0,0,0,0,0,0,0,0.0,0.0,0.0,0,50,0,49.63,21.22,2
313,Ings,1,5,3,0,2,65,0,0,0,0,0,0,0,0,0,1.6,0.0,4.8,0,60,8,20.09,7.84,4
332,Rose,1,2,2,1,2,90,0,0,0,0,0,0,0,0,0,7.0,2.0,15.2,0,55,13,64.33,26.21,2
170,Ward,1,20,3,1,0,0,0,0,0,0,0,0,0,0,0,0.0,0.0,0.0,0,45,0,51.39,26.11,1
512,Welbeck,1,4,2,1,0,0,0,0,0,0,0,0,0,0,0,0.0,0.0,0.0,0,60,0,64.39,29.55,4
475,Burn,1,18,3,0,6,90,0,0,0,0,0,0,0,0,1,1.5,1.0,12.8,0,45,23,40.87,16.04,2
81,Gosling,1,15,2,1,0,0,0,0,0,0,0,0,0,0,0,0.0,0.0,0.0,0,50,0,60.15,30.82,3
359,Janmaat,1,4,2,1,0,0,0,0,0,0,0,0,0,0,0,0.0,0.0,0.0,0,45,0,64.39,29.55,2
109,Zappacosta,1,12,4,0,0,0,0,0,0,0,0,0,0,0,0,0.0,0.0,0.0,0,45,0,59.72,31.11,2
76,Brooks,1,15,2,1,0,0,0,0,0,0,0,0,0,0,0,0.0,0.0,0.0,0,65,0,60.15,30.82,3
48,Button,1,18,3,0,0,0,0,0,0,0,0,0,0,0,0,0.0,0.0,0.0,0,40,0,40.87,16.04,1
235,de Gea,1,6,4,1,10,90,0,0,0,0,0,0,0,0,1,4.3,0.0,43.2,0,55,34,75.54,36.72,1
106,Luiz Moreira Marinho,1,13,3,0,0,0,0,0,0,0,0,0,0,0,0,0.0,0.0,0.0,0,60,0,46.5,20.47,2
303,McGoldrick,1,3,3,0,2,62,0,0,0,0,0,0,0,0,0,1.5,8.0,2.0,0,55,0,51.08,19.78,4
219,Silva,1,19,3,0,3,79,0,0,0,0,0,0,0,0,0,5.7,17.0,7.2,0,75,11,49.63,21.22,3
333,Sánchez,1,2,2,1,2,90,0,0,0,0,0,0,0,0,0,4.8,21.0,15.2,0,55,14,64.33,26.21,3
54,Pröpper,1,18,3,0,6,90,0,0,0,0,0,0,0,0,1,4.8,1.0,30.8,0,50,26,40.87,16.04,3
253,Yedlin,1,1,4,1,0,0,0,0,0,0,0,0,0,0,0,0.0,0.0,0.0,0,45,0,88.62,47.41,2
471,Henderson,1,3,3,0,2,90,0,0,0,0,0,0,0,0,0,1.4,0.0,13.6,0,45,12,51.08,19.78,1
395,Rice,1,11,5,1,2,90,0,0,0,0,0,0,0,0,0,1.8,0.0,16.0,0,50,15,87.94,41.88,3
186,Lovren,1,14,2,1,0,0,0,0,0,0,0,0,0,0,0,0.0,0.0,0.0,0,55,0,66.6,32.86,2
175,Gray,1,20,3,1,0,0,0,0,0,0,0,0,0,0,0,0.0,0.0,0.0,0,55,0,51.39,26.11,4
517,Praet,1,20,3,1,0,0,0,0,0,0,0,0,0,0,0,0.0,0.0,0.0,0,55,0,51.39,26.11,3
279,Srbeny,1,10,5,0,0,0,0,0,0,0,0,0,0,0,0,0.0,0.0,0.0,0,55,0,80.79,38.31,4
65,Rico,1,15,2,1,2,90,0,0,0,0,0,0,0,0,0,4.1,3.0,21.0,0,40,13,60.15,30.82,2
410,Jota,1,9,3,0,2,75,0,0,0,0,0,0,0,0,0,3.9,25.0,1.6,0,65,4,37.16,15.15,4
188,Origi,1,14,2,1,12,73,0,0,0,0,0,0,0,0,1,9.3,21.0,45.4,0,55,46,66.6,32.86,4
511,Sidibé,1,7,2,0,0,0,0,0,0,0,0,0,0,0,0,0.0,0.0,0.0,0,55,0,51.82,25.82,2
375,Quina,1,4,2,1,0,0,0,0,0,0,0,0,0,0,0,0.0,0.0,0.0,0,45,0,64.39,29.55,3
147,Calvert-Lewin,1,7,2,0,2,68,0,0,0,0,0,0,0,0,0,1.9,6.0,1.4,0,60,5,51.82,25.82,4
69,Solanke,1,15,2,1,1,1,0,0,0,0,0,0,0,0,0,0.0,0.0,0.0,0,55,3,60.15,30.82,4
470,Soares de Paulo,1,17,5,0,1,8,0,0,0,0,0,0,0,0,0,2.2,0.0,11.6,0,45,3,22.17,6.88,3
97,McNeil,1,16,2,1,3,83,0,0,0,0,0,0,0,0,0,2.1,0.0,15.8,0,60,15,30.72,11.04,3
212,Santana de Moraes,1,19,3,0,7,90,0,0,0,0,0,0,0,0,1,2.9,0.0,28.8,0,60,26,49.63,21.22,1
13,Nketiah,1,13,3,0,0,0,0,0,0,0,0,0,0,0,0,0.0,0.0,0.0,0,45,0,46.5,20.47,4
169,Jakupovic,1,20,3,1,0,0,0,0,0,0,0,0,0,0,0,0.0,0.0,0.0,0,45,0,51.39,26.11,1
107,Palmieri dos Santos,1,12,4,0,0,90,0,0,0,0,0,0,0,0,0,8.8,45.0,23.2,0,55,8,59.72,31.11,2
283,Buendía,1,10,5,0,4,90,0,0,0,0,0,0,0,0,0,9.9,24.0,34.2,0,60,16,80.79,38.31,3
427,Martínez,1,13,3,0,0,0,0,0,0,0,0,0,0,0,0,0.0,0.0,0.0,0,45,0,46.5,20.47,1
519,Krafth,1,1,4,1,0,0,0,0,0,0,0,0,0,0,0,0.0,0.0,0.0,0,45,0,88.62,47.41,2
291,Stevens,1,3,3,0,2,90,0,0,0,0,0,0,0,0,0,1.5,2.0,10.2,0,50,11,51.08,19.78,2
228,Bailly,1,6,4,1,0,0,0,0,0,0,0,0,0,0,0,0.0,0.0,0.0,0,50,0,75.54,36.72,2
350,Dier,1,2,2,1,0,0,0,0,0,0,0,0,0,0,0,0.0,0.0,0.0,0,50,0,64.33,26.21,3
346,Lamela,1,2,2,1,1,87,0,0,0,0,0,0,0,0,0,8.9,39.0,11.6,0,60,15,64.33,26.21,3
447,Pieters,1,16,2,1,14,90,0,0,0,0,0,0,0,0,1,8.3,1.0,56.8,0,45,43,30.72,11.04,2
121,Ampadu,1,12,4,0,0,0,0,0,0,0,0,0,0,0,0,0.0,0.0,0.0,0,45,0,59.72,31.11,3
373,Capoue,1,4,2,1,2,90,0,0,0,0,0,0,0,0,0,1.3,1.0,9.2,0,50,7,64.39,29.55,3
452,Konsa Ngoyo,1,17,5,0,0,0,0,0,0,0,0,0,0,0,0,0.0,0.0,0.0,0,45,0,22.17,6.88,2
205,Delph,1,7,2,0,0,0,0,0,0,0,0,0,0,0,0,0.0,0.0,0.0,0,55,0,51.82,25.82,2
252,Schär,1,1,4,1,2,90,0,0,0,0,0,0,0,0,0,3.0,5.0,23.4,0,50,12,88.62,47.41,2
197,Tavares,1,14,2,1,2,90,0,0,0,0,0,0,0,0,0,4.4,7.0,25.6,0,55,18,66.6,32.86,3
382,Balbuena,1,11,5,1,-1,90,0,0,0,0,0,0,0,0,0,0.6,0.0,5.6,0,45,6,87.94,41.88,2
254,Fernández,1,1,4,1,0,0,0,0,0,0,0,0,0,0,0,0.0,0.0,0.0,0,45,0,88.62,47.41,2
390,Pereira Gomes,1,11,5,1,1,65,0,0,0,0,0,0,0,0,0,0.5,0.0,3.8,0,70,0,87.94,41.88,3
221,Luiz Rosa,1,19,3,0,0,0,0,0,0,0,0,0,0,0,0,0.0,0.0,0.0,0,55,0,49.63,21.22,3
529,Tomori,1,12,4,0,0,0,0,0,0,0,0,0,0,0,0,0.0,0.0,0.0,0,45,0,59.72,31.11,2
257,Lejeune,1,1,4,1,0,0,0,0,0,0,0,0,0,0,0,0.0,0.0,0.0,0,45,0,88.62,47.41,2
46,Andone,1,18,3,0,6,26,0,0,0,0,0,0,0,0,1,5.8,17.0,40.0,0,50,27,40.87,16.04,4
357,Femenía Far,1,4,2,1,1,90,0,0,0,0,0,0,0,0,0,5.9,7.0,17.2,0,45,16,64.39,29.55,2
317,Forster,1,5,3,0,0,0,0,0,0,0,0,0,0,0,0,0.0,0.0,0.0,0,45,0,20.09,7.84,1
264,Woodman,1,1,4,1,0,0,0,0,0,0,0,0,0,0,0,0.0,0.0,0.0,0,40,0,88.62,47.41,1
244,Rodrigues de Paula Santos,1,6,4,1,0,0,0,0,0,0,0,0,0,0,0,0.0,0.0,0.0,0,55,0,75.54,36.72,3
458,Guilbert,1,17,5,0,0,0,0,0,0,0,0,0,0,0,0,0.0,0.0,0.0,0,45,0,22.17,6.88,2
211,de Jesus,1,19,3,0,6,68,0,0,0,0,0,0,0,0,1,8.0,42.0,33.4,0,95,31,49.63,21.22,4
504,Martinelli Silva,1,13,3,0,1,6,0,0,0,0,0,0,0,0,0,0.0,0.0,0.0,0,45,2,46.5,20.47,4
503,Cahill,1,8,3,1,0,0,0,0,0,0,0,0,0,0,0,0.0,0.0,0.0,0,45,0,73.03,32.96,2
41,Bong,1,18,3,0,0,0,0,0,0,0,0,0,0,0,0,0.0,0.0,0.0,0,45,0,40.87,16.04,2
527,Nkoudou,1,2,2,1,1,2,0,0,0,0,0,0,0,0,0,1.8,18.0,0.0,0,50,3,64.33,26.21,3
294,Baldock,1,3,3,0,2,90,0,0,0,0,0,0,0,0,0,0.7,3.0,0.4,0,45,1,51.08,19.78,2
199,Wijnaldum,1,14,2,1,2,90,0,0,0,0,0,0,0,0,0,1.1,2.0,3.8,0,55,11,66.6,32.86,3
363,Deulofeu,1,4,2,1,1,45,0,0,0,0,0,0,0,0,0,0.6,3.0,0.0,0,65,1,64.39,29.55,4
523,Lo Celso,1,2,2,1,0,0,0,0,0,0,0,0,0,0,0,0.0,0.0,0.0,0,75,0,64.33,26.21,3
44,Murray,1,18,3,0,2,63,0,0,0,0,0,0,0,0,0,1.1,4.0,4.2,0,60,0,40.87,16.04,4
398,Diangana,1,11,5,1,0,0,0,0,0,0,0,0,0,0,0,0.0,0.0,0.0,0,45,0,87.94,41.88,3
18,Xhaka,1,13,3,0,2,90,0,0,0,0,0,0,0,0,0,4.5,5.0,15.8,0,55,11,46.5,20.47,3
277,Hanley,1,10,5,0,-2,90,0,0,0,0,0,0,0,0,0,0.9,0.0,8.6,0,40,2,80.79,38.31,2
151,Sigurdsson,1,7,2,0,3,78,0,0,0,0,0,0,0,0,0,5.5,37.0,4.8,0,80,3,51.82,25.82,3
180,Choudhury,1,20,3,1,3,60,0,0,0,0,0,0,0,0,0,3.1,8.0,10.6,0,45,15,51.39,26.11,3
338,Kane,1,2,2,1,13,90,0,0,0,0,0,0,0,0,1,18.3,95.0,64.2,0,110,50,64.33,26.21,4
160,Maguire,1,6,4,1,6,90,0,0,0,0,0,0,0,0,1,5.4,8.0,34.8,0,55,29,75.54,36.72,2
505,Wilson,1,15,2,1,0,0,0,0,0,0,0,0,0,0,0,0.0,0.0,0.0,0,60,0,60.15,30.82,3
347,Winks,1,2,2,1,2,63,0,0,0,0,0,0,0,0,0,4.1,1.0,10.8,0,55,14,64.33,26.21,3
172,Barnes,1,20,3,1,1,29,0,0,0,0,0,0,0,0,0,1.9,11.0,5.6,0,60,3,51.39,26.11,3
16,Mkhitaryan,1,13,3,0,2,83,0,0,0,0,0,0,0,0,0,4.2,22.0,0.2,0,70,0,46.5,20.47,3
35,Lansbury,1,17,5,0,0,0,0,0,0,0,0,0,0,0,0,0.0,0.0,0.0,0,45,0,22.17,6.88,3
342,Son,1,2,2,1,0,0,0,0,0,0,0,0,0,0,0,0.0,0.0,0.0,0,95,0,64.33,26.21,3
513,Gomes,1,4,2,1,0,0,0,0,0,0,0,0,0,0,0,0.0,0.0,0.0,0,45,0,64.39,29.55,1
340,Lloris,1,2,2,1,3,90,0,0,0,0,0,0,0,0,0,2.1,0.0,21.4,0,55,13,64.33,26.21,1
2,Bellerín,1,13,3,0,0,0,0,0,0,0,0,0,0,0,0,0.0,0.0,0.0,0,55,0,46.5,20.47,2
418,Costa,1,9,3,0,0,0,0,0,0,0,0,0,0,0,0,0.0,0.0,0.0,0,50,0,37.16,15.15,3
507,Amadou,1,10,5,0,0,0,0,0,0,0,0,0,0,0,0,0.0,0.0,0.0,0,45,0,80.79,38.31,3
156,Gueye,1,7,2,0,0,0,0,0,0,0,0,0,0,0,0,0.0,0.0,0.0,0,50,0,51.82,25.82,3
222,Gündogan,1,19,3,0,1,11,0,0,0,0,0,0,0,0,0,0.5,0.0,1.2,0,55,3,49.63,21.22,3
271,Hayden,1,1,4,1,2,90,0,0,0,0,0,0,0,0,0,3.4,0.0,22.4,0,45,20,88.62,47.41,3
365,Success Ajayi,1,4,2,1,1,15,0,0,0,0,0,0,0,0,0,0.0,0.0,0.0,0,50,1,64.39,29.55,4
525,Sarr,1,4,2,1,0,0,0,0,0,0,0,0,0,0,0,0.0,0.0,0.0,0,65,0,64.39,29.55,3
381,Diop,1,11,5,1,0,90,0,0,0,0,0,0,0,0,0,1.2,7.0,5.0,0,45,3,87.94,41.88,2
419,Cavaleiro,1,9,3,0,0,0,0,0,0,0,0,0,0,0,0,0.0,0.0,0.0,0,50,0,37.16,15.15,3
482,Colback,1,1,4,1,0,0,0,0,0,0,0,0,0,0,0,0.0,0.0,0.0,0,45,0,88.62,47.41,3
102,Cork,1,16,2,1,3,90,0,0,0,0,0,0,0,0,0,1.0,0.0,8.2,0,50,10,30.72,11.04,3
29,Grealish,1,17,5,0,2,90,0,0,0,0,0,0,0,0,0,4.9,0.0,27.0,0,60,22,22.17,6.88,3
293,O'Connell,1,3,3,0,2,90,0,0,0,0,0,0,0,0,0,2.0,0.0,15.6,0,45,12,51.08,19.78,2
66,Simpson,1,15,2,1,0,0,0,0,0,0,0,0,0,0,0,0.0,0.0,0.0,0,40,0,60.15,30.82,2
446,Stacey,1,15,2,1,0,0,0,0,0,0,0,0,0,0,0,0.0,0.0,0.0,0,45,0,60.15,30.82,2
308,Stephens,1,5,3,0,1,72,0,0,0,0,0,0,0,0,0,1.3,2.0,10.6,0,45,10,20.09,7.84,2
394,Wilshere,1,11,5,1,1,55,0,0,0,0,0,0,0,0,0,0.5,0.0,2.6,0,50,3,87.94,41.88,3
483,Murphy,1,1,4,1,0,0,0,0,0,0,0,0,0,0,0,0.0,0.0,0.0,0,50,0,88.62,47.41,3
299,Eastwood,1,3,3,0,0,0,0,0,0,0,0,0,0,0,0,0.0,0.0,0.0,0,45,0,51.08,19.78,1
258,Lascelles,1,1,4,1,2,90,0,0,0,0,0,0,0,0,0,2.0,0.0,19.6,0,45,13,88.62,47.41,2
276,Lewis,1,10,5,0,0,90,0,0,0,0,0,0,0,0,0,4.9,0.0,24.2,0,45,15,80.79,38.31,2
23,Chester,1,17,5,0,0,0,0,0,0,0,0,0,0,0,0,0.0,0.0,0.0,0,45,0,22.17,6.88,2
250,Garner,1,6,4,1,0,0,0,0,0,0,0,0,0,0,0,0.0,0.0,0.0,0,45,0,75.54,36.72,3
433,Justin,1,20,3,1,0,0,0,0,0,0,0,0,0,0,0,0.0,0.0,0.0,0,50,0,51.39,26.11,2
171,Maddison,1,20,3,1,3,90,0,0,0,0,0,0,0,0,0,6.6,13.0,3.6,0,70,9,51.39,26.11,3
138,McArthur,1,8,3,1,3,90,0,0,0,0,0,0,0,0,0,3.3,0.0,21.2,0,55,15,73.03,32.96,3
157,McCarthy,1,8,3,1,0,0,0,0,0,0,0,0,0,0,0,0.0,0.0,0.0,0,45,0,73.03,32.96,1
200,Milner,1,14,2,1,1,4,0,0,0,0,0,0,0,0,0,0.1,0.0,0.2,0,55,3,66.6,32.86,3
84,Tarkowski,1,16,2,1,6,90,0,0,0,0,0,0,0,0,1,5.4,36.0,18.0,0,50,23,30.72,11.04,2
124,Tomkins,1,8,3,1,0,0,0,0,0,0,0,0,0,0,0,0.0,0.0,0.0,0,50,0,73.03,32.96,2
321,Ward-Prowse,1,5,3,0,2,90,0,0,0,0,0,0,0,0,0,4.3,17.0,10.8,0,60,10,20.09,7.84,3
166,Vardy,1,20,3,1,2,90,0,0,0,0,0,0,0,0,0,1.6,4.0,6.8,0,90,5,51.39,26.11,4
304,Vestergaard,1,5,3,0,1,90,0,0,0,0,0,0,0,0,0,5.1,33.0,16.4,0,50,13,20.09,7.84,2
307,Bednarek,1,5,3,0,1,90,0,0,0,0,0,0,0,0,0,4.1,10.0,20.4,0,45,13,20.09,7.84,2
330,Vertonghen,1,2,2,1,0,0,0,0,0,0,0,0,0,0,0,0.0,0.0,0.0,0,55,0,64.33,26.21,2
386,Hernández Balcázar,1,11,5,1,1,24,0,0,0,0,0,0,0,0,0,2.1,18.0,1.6,0,60,-2,87.94,41.88,4
256,Manquillo,1,1,4,1,2,90,0,0,0,0,0,0,0,0,0,2.2,2.0,8.6,0,45,10,88.62,47.41,2
451,Rodriguez,1,16,2,1,1,6,0,0,0,0,0,0,0,0,0,0.0,0.0,0.0,0,60,2,30.72,11.04,4
497,Gbamin,1,7,2,0,1,45,0,0,0,0,0,0,0,0,0,1.1,0.0,6.8,0,50,6,51.82,25.82,3
429,Steer,1,17,5,0,0,0,0,0,0,0,0,0,0,0,0,0.0,0.0,0.0,0,45,0,22.17,6.88,1
82,Lerma,1,15,2,1,2,90,0,0,0,0,0,0,0,0,0,2.4,9.0,12.0,0,50,13,60.15,30.82,3
137,Schlupp,1,8,3,1,0,0,0,0,0,0,0,0,0,0,0,0.0,0.0,0.0,0,55,0,73.03,32.96,3
100,Hendrick,1,16,2,1,0,0,0,0,0,0,0,0,0,0,0,0.0,0.0,0.0,0,55,0,30.72,11.04,3
241,Lingard,1,6,4,1,2,85,0,0,0,0,0,0,0,0,0,1.6,2.0,0.2,0,65,2,75.54,36.72,3
473,Vallejo Lázaro,1,9,3,0,0,0,0,0,0,0,0,0,0,0,0,0.0,0.0,0.0,0,50,0,37.16,15.15,2
498,Willems,1,1,4,1,1,36,0,0,0,0,0,0,0,0,0,1.9,2.0,5.4,0,45,6,88.62,47.41,2
466,Apolinário de Lira,1,1,4,1,2,90,0,0,0,0,0,0,0,0,0,0.0,0.0,0.0,0,60,15,88.62,47.41,4
185,Matip,1,14,2,1,0,0,0,0,0,0,0,0,0,0,0,0.0,0.0,0.0,0,55,0,66.6,32.86,2
126,Ward,1,8,3,1,6,90,0,0,0,0,0,0,0,0,1,1.5,0.0,14.2,0,45,23,73.03,32.96,1
95,Hart,1,16,2,1,0,0,0,0,0,0,0,0,0,0,0,0.0,0.0,0.0,0,45,0,30.72,11.04,1
96,Gudmundsson,1,16,2,1,9,90,0,0,0,0,0,0,0,0,1,9.9,22.0,44.2,0,60,28,30.72,11.04,3
295,Egan,1,3,3,0,2,90,0,0,0,0,0,0,0,0,0,2.2,2.0,19.6,0,45,16,51.08,19.78,2
301,Fleck,1,3,3,0,1,90,0,0,0,0,0,0,0,0,0,3.7,0.0,8.2,0,50,9,51.08,19.78,3
297,Lundstram,1,3,3,0,3,77,0,0,0,0,0,0,0,0,0,3.5,3.0,4.8,0,40,20,51.08,19.78,2
31,McGinn,1,17,5,0,7,90,0,0,0,0,0,0,0,0,1,8.7,24.0,49.6,0,55,23,22.17,6.88,3
412,Ruddy,1,9,3,0,0,0,0,0,0,0,0,0,0,0,0,0.0,0.0,0.0,0,45,0,37.16,15.15,1
207,Stones,1,19,3,0,6,90,0,0,0,0,0,0,0,0,1,2.0,0.0,18.8,0,55,33,49.63,21.22,2
479,Lössl,1,7,2,0,0,0,0,0,0,0,0,0,0,0,0,0.0,0.0,0.0,0,45,0,51.82,25.82,1
402,Castro Otto,1,9,3,0,5,90,0,0,0,0,0,0,0,0,0,2.8,0.0,16.0,0,55,18,37.16,15.15,2
26,Kodjia,1,17,5,0,1,16,0,0,0,0,0,0,0,0,0,0.2,2.0,0.0,0,55,4,22.17,6.88,4
269,Shelvey,1,1,4,1,1,53,0,0,0,0,0,0,0,0,0,3.6,26.0,5.0,0,50,4,88.62,47.41,3
162,Evans,1,20,3,1,7,90,0,0,0,0,0,0,0,0,1,3.7,9.0,27.4,0,50,30,51.39,26.11,2
468,Ayew,1,8,3,1,2,64,0,0,0,0,0,0,0,0,0,4.1,19.0,9.0,0,50,8,73.03,32.96,4
198,Henderson,1,14,2,1,2,90,0,0,0,0,0,0,0,0,0,5.9,41.0,12.2,0,55,12,66.6,32.86,1
148,Pickford,1,7,2,0,7,90,0,0,0,0,0,0,0,0,1,2.1,0.0,20.8,0,55,25,51.82,25.82,1
78,Ibe,1,15,2,1,0,0,0,0,0,0,0,0,0,0,0,0.0,0.0,0.0,0,50,0,60.15,30.82,3
118,Frello Filho,1,12,4,0,1,72,0,0,0,0,0,0,0,0,0,1.9,8.0,6.2,0,50,10,59.72,31.11,3
261,Mato Sanmartín,1,1,4,1,0,0,0,0,0,0,0,0,0,0,0,0.0,0.0,0.0,0,50,0,88.62,47.41,4
184,Gomez,1,14,2,1,2,90,0,0,0,0,0,0,0,0,0,2.6,0.0,14.0,0,55,10,66.6,32.86,2
490,Willock,1,13,3,0,3,63,0,0,0,0,0,0,0,0,0,1.0,6.0,2.0,0,50,6,46.5,20.47,3
68,King,1,15,2,1,2,90,0,0,0,0,0,0,0,0,0,4.0,22.0,6.0,0,65,6,60.15,30.82,3
434,Drmic,1,10,5,0,1,7,0,0,0,0,0,0,0,0,0,0.2,2.0,0.0,0,55,3,80.79,38.31,4
229,Dalot Teixeira,1,6,4,1,0,0,0,0,0,0,0,0,0,0,0,0.0,0.0,0.0,0,50,0,75.54,36.72,2
51,Izquierdo Mena,1,18,3,0,0,0,0,0,0,0,0,0,0,0,0,0.0,0.0,0.0,0,55,0,40.87,16.04,3
36,Peleteiro Romallo,1,17,5,0,1,31,0,0,0,0,0,0,0,0,0,0.4,0.0,3.6,0,60,1,22.17,6.88,3
440,Esmorís Tasende,1,19,3,0,0,0,0,0,0,0,0,0,0,0,0,0.0,0.0,0.0,0,50,0,49.63,21.22,2
353,Holebas,1,4,2,1,1,90,0,0,0,0,0,0,0,0,0,1.6,0.0,12.6,0,50,7,64.39,29.55,2
415,Santos Moutinho,1,9,3,0,3,90,0,0,0,0,0,0,0,0,0,5.2,0.0,21.8,0,55,11,37.16,15.15,3
518,Cancelo,1,19,3,0,0,0,0,0,0,0,0,0,0,0,0,0.0,0.0,0.0,0,55,0,49.63,21.22,2
335,Foyth,1,2,2,1,0,0,0,0,0,0,0,0,0,0,0,0.0,0.0,0.0,0,50,0,64.33,26.21,2
242,Mata,1,6,4,1,1,4,0,0,0,0,0,0,0,0,0,0.1,0.0,0.0,0,65,3,75.54,36.72,3
77,Stanislas,1,15,2,1,0,0,0,0,0,0,0,0,0,0,0,0.0,0.0,0.0,0,60,0,60.15,30.82,3
45,Locadia,1,18,3,0,2,63,0,0,0,0,0,0,0,0,0,2.4,19.0,3.2,0,55,8,40.87,16.04,4
263,Darlow,1,1,4,1,0,0,0,0,0,0,0,0,0,0,0,0.0,0.0,0.0,0,45,0,88.62,47.41,1
168,Schmeichel,1,20,3,1,6,90,0,0,0,0,0,0,0,0,1,1.6,0.0,15.8,0,50,23,51.39,26.11,1
311,Ramsay,1,5,3,0,0,0,0,0,0,0,0,0,0,0,0,0.0,0.0,0.0,0,40,0,20.09,7.84,2
34,Davis,1,17,5,0,0,0,0,0,0,0,0,0,0,0,0,0.0,0.0,0.0,0,45,0,22.17,6.88,3
167,Iheanacho,1,20,3,1,0,0,0,0,0,0,0,0,0,0,0,0.0,0.0,0.0,0,60,0,51.39,26.11,4
286,McLean,1,10,5,0,2,90,0,0,0,0,0,0,0,0,0,1.2,0.0,11.4,0,50,12,80.79,38.31,3
372,Sema,1,4,2,1,0,0,0,0,0,0,0,0,0,0,0,0.0,0.0,0.0,0,50,0,64.39,29.55,3
111,Arrizabalaga,1,12,4,0,0,90,0,0,0,0,0,0,0,0,0,0.7,0.0,7.0,0,55,9,59.72,31.11,1
215,De Bruyne,1,19,3,0,7,78,0,0,0,0,0,0,0,0,1,10.2,27.0,37.8,0,95,37,49.63,21.22,3
88,Long,1,16,2,1,0,0,0,0,0,0,0,0,0,0,0,0.0,0.0,0.0,0,45,0,30.72,11.04,4
515,Tierney,1,13,3,0,0,0,0,0,0,0,0,0,0,0,0,0.0,0.0,0.0,0,55,0,46.5,20.47,2
334,Trippier,1,2,2,1,0,0,0,0,0,0,0,0,0,0,0,0.0,0.0,0.0,0,55,0,64.33,26.21,2
292,Freeman,1,3,3,0,0,0,0,0,0,0,0,0,0,0,0,0.0,0.0,0.0,0,45,0,51.08,19.78,3
8,Mavropanos,1,13,3,0,0,0,0,0,0,0,0,0,0,0,0,0.0,0.0,0.0,0,45,0,46.5,20.47,2
25,Hause,1,17,5,0,0,0,0,0,0,0,0,0,0,0,0,0.0,0.0,0.0,0,45,0,22.17,6.88,2
459,Zouma,1,12,4,0,-1,90,0,0,0,0,0,0,0,0,0,0.3,8.0,0.0,0,50,1,59.72,31.11,2
337,Walker-Peters,1,2,2,1,2,90,0,0,0,0,0,0,0,0,0,5.4,14.0,20.2,0,50,20,64.33,26.21,2
203,Walker,1,19,3,0,8,90,0,0,0,0,0,0,0,0,1,7.1,20.0,27.4,0,60,33,49.63,21.22,2
7,Koscielny,1,13,3,0,0,0,0,0,0,0,0,0,0,0,0,0.0,0.0,0.0,0,50,0,46.5,20.47,2
420,Dendoncker,1,9,3,0,3,90,0,0,0,0,0,0,0,0,0,6.2,23.0,16.8,0,45,13,37.16,15.15,3
421,Trossard,1,18,3,0,0,0,0,0,0,0,0,0,0,0,0,0.0,0.0,0.0,0,60,0,40.87,16.04,3
237,Grant,1,6,4,1,0,0,0,0,0,0,0,0,0,0,0,0.0,0.0,0.0,0,50,0,75.54,36.72,2
145,Baines,1,7,2,0,0,0,0,0,0,0,0,0,0,0,0,0.0,0.0,0.0,0,50,0,51.82,25.82,2
40,Balogun,1,18,3,0,0,0,0,0,0,0,0,0,0,0,0,0.0,0.0,0.0,0,45,0,40.87,16.04,2
216,Sané,1,19,3,0,0,0,0,0,0,0,0,0,0,0,0,0.0,0.0,0.0,0,95,0,49.63,21.22,3
79,Cook,1,15,2,1,0,0,0,0,0,0,0,0,0,0,0,0.0,0.0,0.0,0,50,0,60.15,30.82,3
42,Dunk,1,18,3,0,11,90,0,0,0,0,0,0,0,0,1,5.1,2.0,35.8,0,45,41,40.87,16.04,2
477,Gibson,1,7,2,0,0,0,0,0,0,0,0,0,0,0,0,0.0,0.0,0.0,0,45,0,51.82,25.82,2
64,Kelly,1,15,2,1,0,0,0,0,0,0,0,0,0,0,0,0.0,0.0,0.0,0,45,0,60.15,30.82,2
474,Kalinic,1,17,5,0,0,0,0,0,0,0,0,0,0,0,0,0.0,0.0,0.0,0,45,0,22.17,6.88,1
141,Digne,1,7,2,0,6,90,0,0,0,0,0,0,0,0,1,4.5,22.0,6.4,0,60,17,51.82,25.82,2
345,Rodrigues Moura da Silva,1,2,2,1,5,90,0,0,0,0,0,0,0,0,0,9.6,32.0,24.4,0,75,19,64.33,26.21,3
19,Torreira,1,13,3,0,0,0,0,0,0,0,0,0,0,0,0,0.0,0.0,0.0,0,50,0,46.5,20.47,3
388,Fabianski,1,11,5,1,1,90,0,0,0,0,0,0,0,0,0,2.8,0.0,28.4,0,50,18,87.94,41.88,1
134,Milivojevic,1,8,3,1,2,90,0,0,0,0,0,0,0,0,0,1.5,0.0,0.6,0,70,-2,73.03,32.96,3
351,Amos,1,2,2,1,0,0,0,0,0,0,0,0,0,0,0,0.0,0.0,0.0,0,45,0,64.33,26.21,3
140,Dreher,1,8,3,1,0,0,0,0,0,0,0,0,0,0,0,0.0,0.0,0.0,0,45,0,73.03,32.96,3
441,Freeman,1,3,3,0,1,12,0,0,0,0,0,0,0,0,0,1.0,0.0,4.0,0,55,3,51.08,19.78,3
226,Shaw,1,6,4,1,6,90,0,0,0,0,0,0,0,0,1,2.0,2.0,14.6,0,55,27,75.54,36.72,2
70,Mousset,1,3,3,0,0,0,0,0,0,0,0,0,0,0,0,0.0,0.0,0.0,0,50,0,51.08,19.78,4
149,Stekelenburg,1,7,2,0,0,0,0,0,0,0,0,0,0,0,0,0.0,0.0,0.0,0,40,0,51.82,25.82,1
465,Ibrahim Hassan,1,17,5,0,1,58,0,0,0,0,0,0,0,0,0,6.6,35.0,16.4,0,55,4,22.17,6.88,3
125,Sakho,1,8,3,1,0,0,0,0,0,0,0,0,0,0,0,0.0,0.0,0.0,0,50,0,73.03,32.96,2
391,Lanzini,1,11,5,1,2,90,0,0,0,0,0,0,0,0,0,4.2,25.0,10.4,0,65,16,87.94,41.88,3
103,Alonso,1,12,4,0,0,0,0,0,0,0,0,0,0,0,0,0.0,0.0,0.0,0,65,0,59.72,31.11,2
227,Rojo,1,6,4,1,0,0,0,0,0,0,0,0,0,0,0,0.0,0.0,0.0,0,50,0,75.54,36.72,2
285,Stiepermann,1,10,5,0,1,57,0,0,0,0,0,0,0,0,0,2.1,19.0,1.6,0,55,1,80.79,38.31,3
233,Rashford,1,6,4,1,13,85,0,0,0,0,0,0,0,0,1,13.2,58.0,71.8,0,85,53,75.54,36.72,4
174,Albrighton,1,20,3,1,1,14,0,0,0,0,0,0,0,0,0,2.8,11.0,2.2,0,55,2,51.39,26.11,3
360,Navarro,1,4,2,1,0,0,0,0,0,0,0,0,0,0,0,0.0,0.0,0.0,0,40,0,64.39,29.55,2
324,Lemina,1,5,3,0,0,0,0,0,0,0,0,0,0,0,0,0.0,0.0,0.0,0,50,0,20.09,7.84,3
282,Vrancic,1,10,5,0,0,0,0,0,0,0,0,0,0,0,0,0.0,0.0,0.0,0,65,0,80.79,38.31,3
385,Arnautovic,1,11,5,1,0,0,0,0,0,0,0,0,0,0,0,0.0,0.0,0.0,0,70,0,87.94,41.88,4
300,Duffy,1,3,3,0,0,0,0,0,0,0,0,0,0,0,0,0.0,0.0,0.0,0,55,0,51.08,19.78,3
396,Noble,1,11,5,1,0,0,0,0,0,0,0,0,0,0,0,0.0,0.0,0.0,0,50,0,87.94,41.88,3
74,Travers,1,15,2,1,0,0,0,0,0,0,0,0,0,0,0,0.0,0.0,0.0,0,45,0,60.15,30.82,1
262,Dubravka,1,1,4,1,2,90,0,0,0,0,0,0,0,0,0,1.1,0.0,11.0,0,50,9,88.62,47.41,1
128,Kelly,1,8,3,1,6,90,0,0,0,0,0,0,0,0,1,2.6,0.0,25.8,0,40,24,73.03,32.96,2
38,Montoya,1,18,3,0,6,90,0,0,0,0,0,0,0,0,1,2.8,2.0,13.0,0,45,21,40.87,16.04,2
491,Nakamba,1,17,5,0,0,0,0,0,0,0,0,0,0,0,0,0.0,0.0,0.0,0,45,0,22.17,6.88,3
234,Greenwood,1,6,4,1,1,4,0,0,0,0,0,0,0,0,0,1.9,18.0,0.0,0,45,3,75.54,36.72,4
478,Holgate,1,7,2,0,0,0,0,0,0,0,0,0,0,0,0,0.0,0.0,0.0,0,45,0,51.82,25.82,2
463,Mount,1,12,4,0,2,90,0,0,0,0,0,0,0,0,0,9.7,20.0,25.0,0,60,15,59.72,31.11,3
92,Vydra,1,16,2,1,0,0,0,0,0,0,0,0,0,0,0,0.0,0.0,0.0,0,55,0,30.72,11.04,4
432,Kovacic,1,12,4,0,2,90,0,0,0,0,0,0,0,0,0,4.4,0.0,17.2,0,55,22,59.72,31.11,3
47,Ryan,1,18,3,0,9,90,0,0,0,0,0,0,0,0,1,2.5,0.0,25.4,0,45,29,40.87,16.04,2
230,Darmian,1,6,4,1,0,0,0,0,0,0,0,0,0,0,0,0.0,0.0,0.0,0,50,0,75.54,36.72,2
21,Guendouzi,1,13,3,0,3,90,0,0,0,0,0,0,0,0,0,3.6,0.0,21.2,0,45,15,46.5,20.47,3
43,Clarke,1,18,3,0,0,0,0,0,0,0,0,0,0,0,0,0.0,0.0,0.0,0,45,0,40.87,16.04,2
85,Lowton,1,16,2,1,6,90,0,0,0,0,0,0,0,0,1,3.2,2.0,14.2,0,45,23,30.72,11.04,2
177,James,1,20,3,1,0,0,0,0,0,0,0,0,0,0,0,0.0,0.0,0.0,0,45,0,51.39,26.11,3
401,Doherty,1,9,3,0,6,90,0,0,0,0,0,0,0,0,1,0.2,0.0,0.0,0,60,16,37.16,15.15,2
251,Ritchie,1,1,4,1,2,90,0,0,0,0,0,0,0,0,0,4.3,0.0,10.6,0,55,14,88.62,47.41,2
309,Targett,1,17,5,0,0,0,0,0,0,0,0,0,0,0,0,0.0,0.0,0.0,0,45,0,22.17,6.88,2
274,Aarons,1,10,5,0,0,90,0,0,0,0,0,0,0,0,0,2.7,0.0,25.8,0,45,16,80.79,38.31,2
408,Kilman,1,9,3,0,0,0,0,0,0,0,0,0,0,0,0,0.0,0.0,0.0,0,40,0,37.16,15.15,2
136,Meyer,1,8,3,1,2,90,0,0,0,0,0,0,0,0,0,6.9,55.0,12.8,0,55,5,73.03,32.96,3
310,Yoshida,1,5,3,0,0,0,0,0,0,0,0,0,0,0,0,0.0,0.0,0.0,0,45,0,20.09,7.84,2
15,Özil,1,13,3,0,0,0,0,0,0,0,0,0,0,0,0,0.0,0.0,0.0,0,75,0,46.5,20.47,3
143,Keane,1,7,2,0,8,90,0,0,0,0,0,0,0,0,1,2.5,0.0,24.4,0,55,26,51.82,25.82,2
281,McGovern,1,10,5,0,0,0,0,0,0,0,0,0,0,0,0,0.0,0.0,0.0,0,40,0,80.79,38.31,1
314,Obafemi,1,5,3,0,1,24,0,0,0,0,0,0,0,0,0,0.4,4.0,0.0,0,50,0,20.09,7.84,4
521,Verrips,1,3,3,0,0,0,0,0,0,0,0,0,0,0,0,0.0,0.0,0.0,0,45,0,51.08,19.78,1
389,Antonio,1,11,5,1,1,45,0,0,0,0,0,0,0,0,0,1.6,0.0,3.8,0,70,2,87.94,41.88,3
461,Batshuayi,1,12,4,0,0,0,0,0,0,0,0,0,0,0,0,0.0,0.0,0.0,0,70,0,59.72,31.11,4
266,Almirón,1,1,4,1,1,90,0,0,0,0,0,0,0,0,0,3.6,21.0,1.4,0,60,2,88.62,47.41,3
20,Elneny,1,13,3,0,0,0,0,0,0,0,0,0,0,0,0,0.0,0.0,0.0,0,45,0,46.5,20.47,3
322,Elyounoussi,1,5,3,0,0,0,0,0,0,0,0,0,0,0,0,0.0,0.0,0.0,0,55,0,20.09,7.84,3
191,Salah,1,14,2,1,12,90,0,0,0,0,0,0,0,0,1,13.4,39.0,54.8,0,125,40,66.6,32.86,3
496,Kean,1,7,2,0,1,21,0,0,0,0,0,0,0,0,0,0.1,0.0,1.0,0,70,4,51.82,25.82,4
416,Gibbs-White,1,9,3,0,0,0,0,0,0,0,0,0,0,0,0,0.0,0.0,0.0,0,50,0,37.16,15.15,3
158,Schneiderlin,1,7,2,0,0,75,0,0,0,0,0,0,0,0,0,2.3,0.0,9.4,0,45,1,51.82,25.82,3
288,Leitner,1,10,5,0,0,32,0,0,0,0,0,0,0,0,0,0.6,4.0,1.2,0,45,-3,80.79,38.31,3
438,Djenepo,1,5,3,0,0,0,0,0,0,0,0,0,0,0,0,0.0,0.0,0.0,0,55,0,20.09,7.84,3
349,Sissoko,1,2,2,1,5,90,0,0,0,0,0,0,0,0,0,8.9,51.0,17.8,0,50,13,64.33,26.21,3
522,Bešić,1,3,3,0,0,0,0,0,0,0,0,0,0,0,0,0.0,0.0,0.0,0,45,0,51.08,19.78,3
119,Kanté,1,12,4,0,0,17,0,0,0,0,0,0,0,0,0,0.8,0.0,7.2,0,50,-1,59.72,31.11,3
196,Keita,1,14,2,1,0,0,0,0,0,0,0,0,0,0,0,0.0,0.0,0.0,0,60,0,66.6,32.86,3
6,Monreal,1,13,3,0,7,90,0,0,0,0,0,0,0,0,1,3.4,4.0,14.2,0,50,27,46.5,20.47,2
179,Mendy,1,20,3,1,0,0,0,0,0,0,0,0,0,0,0,0.0,0.0,0.0,0,45,0,51.39,26.11,2
374,Chalobah,1,4,2,1,0,0,0,0,0,0,0,0,0,0,0,0.0,0.0,0.0,0,45,0,64.39,29.55,3
59,Aké,1,15,2,1,2,90,0,0,0,0,0,0,0,0,0,6.0,22.0,16.4,0,50,19,60.15,30.82,2
320,Redmond,1,5,3,0,2,90,0,0,0,0,0,0,0,0,0,3.5,29.0,2.4,0,65,7,20.09,7.84,3
502,Maupay,1,18,3,0,6,26,0,0,0,0,0,0,0,0,1,0.0,0.0,0.0,0,60,27,40.87,16.04,4
24,Taylor,1,17,5,0,1,90,0,0,0,0,0,0,0,0,0,2.5,0.0,24.2,0,45,13,22.17,6.88,2
247,Matic,1,6,4,1,0,0,0,0,0,0,0,0,0,0,0,0.0,0.0,0.0,0,50,0,75.54,36.72,3
93,Pope,1,16,2,1,8,90,0,0,0,0,0,0,0,0,1,3.6,0.0,25.6,0,45,28,30.72,11.04,1
488,Pépé,1,13,3,0,1,19,0,0,0,0,0,0,0,0,0,0.2,0.0,0.2,0,95,2,46.5,20.47,3
208,Otamendi,1,19,3,0,0,0,0,0,0,0,0,0,0,0,0,0.0,0.0,0.0,0,55,0,49.63,21.22,2
206,Zinchenko,1,19,3,0,6,90,0,0,0,0,0,0,0,0,1,4.4,1.0,17.8,0,55,26,49.63,21.22,2
501,McBurnie,1,3,3,0,1,27,0,0,0,0,0,0,0,0,0,0.9,4.0,3.4,0,60,3,51.08,19.78,4
302,Norwood,1,3,3,0,2,90,0,0,0,0,0,0,0,0,0,3.8,0.0,16.6,0,50,16,51.08,19.78,3
352,Skipp,1,2,2,1,1,1,0,0,0,0,0,0,0,0,0,0.0,0.0,0.0,0,45,3,64.33,26.21,3
110,Giroud,1,12,4,0,1,24,0,0,0,0,0,0,0,0,0,0.0,0.0,0.0,0,70,2,59.72,31.11,4
284,Hernández,1,10,5,0,1,20,0,0,0,0,0,0,0,0,0,2.1,22.0,0.0,0,55,0,80.79,38.31,3
328,Romeu Vidal,1,5,3,0,2,90,0,0,0,0,0,0,0,0,0,3.2,11.0,8.8,0,45,8,20.09,7.84,3
399,Fornals,1,11,5,1,1,45,0,0,0,0,0,0,0,0,0,0.8,0.0,6.6,0,65,3,87.94,41.88,3
379,Zabaleta,1,11,5,1,0,0,0,0,0,0,0,0,0,0,0,0.0,0.0,0.0,0,45,0,87.94,41.88,2
49,Groß,1,18,3,0,6,90,0,0,0,0,0,0,0,0,1,2.1,4.0,6.0,0,65,16,40.87,16.04,3
487,Cutrone,1,9,3,0,1,14,0,0,0,0,0,0,0,0,0,0.5,0.0,5.4,0,60,-1,37.16,15.15,4
435,Roberts,1,10,5,0,0,0,0,0,0,0,0,0,0,0,0,0.0,0.0,0.0,0,55,0,80.79,38.31,3
123,van Aanholt,1,8,3,1,6,90,0,0,0,0,0,0,0,0,1,1.8,2.0,15.4,0,55,20,73.03,32.96,2
341,Gazzaniga,1,2,2,1,0,0,0,0,0,0,0,0,0,0,0,0.0,0.0,0.0,0,45,0,64.33,26.21,1
255,Dummett,1,1,4,1,2,90,0,0,0,0,0,0,0,0,0,2.8,0.0,26.6,0,45,24,88.62,47.41,2
238,Pogba,1,6,4,1,9,90,0,0,0,0,0,0,0,0,1,9.8,6.0,43.2,0,85,30,75.54,36.72,3
528,Lomba Neto,1,9,3,0,0,0,0,0,0,0,0,0,0,0,0,0.0,0.0,0.0,0,50,0,37.16,15.15,3
400,Obiang,1,11,5,1,0,0,0,0,0,0,0,0,0,0,0,0.0,0.0,0.0,0,45,0,87.94,41.88,3
114,Rodríguez Ledesma,1,12,4,0,2,90,0,0,0,0,0,0,0,0,0,9.8,23.0,20.0,0,70,18,59.72,31.11,3
476,Billing,1,15,2,1,2,90,0,0,0,0,0,0,0,0,0,5.8,10.0,23.4,0,50,15,60.15,30.82,3
484,Heise,1,10,5,0,0,0,0,0,0,0,0,0,0,0,0,0.0,0.0,0.0,0,40,0,80.79,38.31,2
86,Bardsley,1,16,2,1,0,0,0,0,0,0,0,0,0,0,0,0.0,0.0,0.0,0,45,0,30.72,11.04,2
220,Foden,1,19,3,0,1,10,0,0,0,0,0,0,0,0,0,0.1,0.0,1.0,0,55,3,49.63,21.22,3
444,Jagielka,1,3,3,0,0,0,0,0,0,0,0,0,0,0,0,0.0,0.0,0.0,0,45,0,51.08,19.78,2
231,Jones,1,6,4,1,0,0,0,0,0,0,0,0,0,0,0,0.0,0.0,0.0,0,50,0,75.54,36.72,2
11,Aubameyang,1,13,3,0,6,90,0,0,0,0,0,0,0,0,1,12.2,78.0,37.4,0,110,25,46.5,20.47,4
325,Højbjerg,1,5,3,0,1,17,0,0,0,0,0,0,0,0,0,0.0,0.0,0.0,0,50,2,20.09,7.84,3
367,Dahlberg,1,4,2,1,0,0,0,0,0,0,0,0,0,0,0,0.0,0.0,0.0,0,45,0,64.39,29.55,1
173,Ghezzal,1,20,3,1,0,0,0,0,0,0,0,0,0,0,0,0.0,0.0,0.0,0,55,0,51.39,26.11,3
201,Camacho,1,14,2,1,0,0,0,0,0,0,0,0,0,0,0,0.0,0.0,0.0,0,45,0,66.6,32.86,3
214,Sterling,1,19,3,0,20,90,0,0,0,0,0,0,0,0,1,19.0,74.0,103.6,0,120,55,49.63,21.22,3
449,Fahrmann,1,10,5,0,0,0,0,0,0,0,0,0,0,0,0,0.0,0.0,0.0,0,45,0,80.79,38.31,1
456,Morrison,1,3,3,0,0,0,0,0,0,0,0,0,0,0,0,0.0,0.0,0.0,0,50,0,51.08,19.78,3
409,Jiménez,1,9,3,0,2,90,0,0,0,0,0,0,0,0,0,6.2,30.0,19.8,0,75,10,37.16,15.15,4
506,James,1,12,4,0,0,0,0,0,0,0,0,0,0,0,0,0.0,0.0,0.0,0,50,0,59.72,31.11,3
489,Nelson,1,13,3,0,2,70,0,0,0,0,0,0,0,0,0,4.4,4.0,11.2,0,55,10,46.5,20.47,3
464,Brewster,1,14,2,1,0,0,0,0,0,0,0,0,0,0,0,0.0,0.0,0.0,0,45,0,66.6,32.86,4
159,Barbosa Pereira,1,20,3,1,9,90,0,0,0,0,0,0,0,0,1,4.6,9.0,21.4,0,60,32,51.39,26.11,2
296,Stearman,1,3,3,0,0,0,0,0,0,0,0,0,0,0,0,0.0,0.0,0.0,0,40,0,51.08,19.78,2
150,de Andrade,1,7,2,0,3,90,0,0,0,0,0,0,0,0,0,6.4,32.0,12.2,0,80,7,51.82,25.82,3
217,Mahrez,1,19,3,0,14,90,0,0,0,0,0,0,0,0,1,14.3,39.0,52.6,0,85,45,49.63,21.22,3
98,Brady,1,16,2,1,0,0,0,0,0,0,0,0,0,0,0,0.0,0.0,0.0,0,55,0,30.72,11.04,3
462,Nunes do Nascimento,1,12,4,0,0,0,0,0,0,0,0,0,0,0,0,0.0,0.0,0.0,0,55,0,59.72,31.11,3
187,Firmino,1,14,2,1,5,85,0,0,0,0,0,0,0,0,0,10.5,66.0,24.6,0,95,26,66.6,32.86,4
450,Jimenez Gago,1,11,5,1,0,0,0,0,0,0,0,0,0,0,0,0.0,0.0,0.0,0,45,0,87.94,41.88,1
369,Pereyra,1,4,2,1,1,45,0,0,0,0,0,0,0,0,0,3.6,30.0,2.8,0,60,3,64.39,29.55,3
393,Snodgrass,1,11,5,1,1,34,0,0,0,0,0,0,0,0,0,1.8,0.0,2.2,0,55,7,87.94,41.88,3
10,Holding,1,13,3,0,0,0,0,0,0,0,0,0,0,0,0,0.0,0.0,0.0,0,45,0,46.5,20.47,2
443,Hernandez,1,19,3,0,3,90,0,0,0,0,0,0,0,0,0,1.5,0.0,12.2,0,55,15,49.63,21.22,3
499,Aarons,1,1,4,1,0,0,0,0,0,0,0,0,0,0,0,0.0,0.0,0.0,0,50,0,88.62,47.41,2
407,Saïss,1,9,3,0,1,9,0,0,0,0,0,0,0,0,0,0.3,0.0,3.0,0,45,3,37.16,15.15,2
232,Lukaku,1,6,4,1,0,0,0,0,0,0,0,0,0,0,0,0.0,0.0,0.0,0,85,0,75.54,36.72,4
117,Barkley,1,12,4,0,1,57,0,0,0,0,0,0,0,0,0,4.0,18.0,8.0,0,60,1,59.72,31.11,3
115,Loftus-Cheek,1,12,4,0,0,0,0,0,0,0,0,0,0,0,0,0.0,0.0,0.0,0,65,0,59.72,31.11,3
411,dos Santos Patrício,1,9,3,0,6,90,0,0,0,0,0,0,0,0,1,0.8,0.0,7.8,0,50,23,37.16,15.15,1
404,Bennett,1,9,3,0,6,90,0,0,0,0,0,0,0,0,1,1.7,8.0,9.0,0,50,22,37.16,15.15,2
305,Bertrand,1,5,3,0,1,90,0,0,0,0,0,0,0,0,0,1.9,7.0,5.4,0,50,8,20.09,7.84,2
75,Fraser,1,15,2,1,1,90,0,0,0,0,0,0,0,0,0,3.1,5.0,1.6,0,75,0,60.15,30.82,1
380,Fredericks,1,11,5,1,0,90,0,0,0,0,0,0,0,0,0,1.3,0.0,11.4,0,45,11,87.94,41.88,2
524,Sessegnon,1,2,2,1,0,0,0,0,0,0,0,0,0,0,0,0.0,0.0,0.0,0,55,0,64.33,26.21,3
414,da Silva Neves,1,9,3,0,2,80,0,0,0,0,0,0,0,0,0,2.5,0.0,13.8,0,55,10,37.16,15.15,3
406,Silva Nascimento Vinagre,1,9,3,0,0,0,0,0,0,0,0,0,0,0,0,0.0,0.0,0.0,0,45,0,37.16,15.15,2
192,Mané,1,14,2,1,1,16,0,0,0,0,0,0,0,0,0,0.9,6.0,1.2,0,115,3,66.6,32.86,3
454,Byram,1,10,5,0,0,0,0,0,0,0,0,0,0,0,0,0.0,0.0,0.0,0,45,0,80.79,38.31,2
316,Gallagher,1,5,3,0,0,0,0,0,0,0,0,0,0,0,0,0.0,0.0,0.0,0,45,0,20.09,7.84,4
71,Surridge,1,15,2,1,0,0,0,0,0,0,0,0,0,0,0,0.0,0.0,0.0,0,45,0,60.15,30.82,4
127,Dann,1,8,3,1,6,90,0,0,0,0,0,0,0,0,1,4.4,36.0,7.6,0,45,20,73.03,32.96,2
248,McTominay,1,6,4,1,3,90,0,0,0,0,0,0,0,0,0,1.1,2.0,8.2,0,50,11,75.54,36.72,3
3,Kolasinac,1,13,3,0,0,0,0,0,0,0,0,0,0,0,0,0.0,0.0,0.0,0,55,0,46.5,20.47,2
144,Coleman,1,7,2,0,6,90,0,0,0,0,0,0,0,0,1,4.3,19.0,20.6,0,55,20,51.82,25.82,2
270,Longstaff,1,1,4,1,2,66,0,0,0,0,0,0,0,0,0,0.7,0.0,5.6,0,50,8,88.62,47.41,3
361,Prödl,1,4,2,1,0,0,0,0,0,0,0,0,0,0,0,0.0,0.0,0.0,0,40,0,64.39,29.55,2
336,Aurier,1,2,2,1,0,0,0,0,0,0,0,0,0,0,0,0.0,0.0,0.0,0,50,0,64.33,26.21,2
210,Agüero,1,19,3,0,5,21,0,0,0,0,0,0,0,0,0,5.1,17.0,33.4,0,120,27,49.63,21.22,4
236,Romero,1,6,4,1,0,0,0,0,0,0,0,0,0,0,0,0.0,0.0,0.0,0,50,0,75.54,36.72,1
37,Duffy,1,18,3,0,6,90,0,0,0,0,0,0,0,0,1,2.5,2.0,22.6,0,50,26,40.87,16.04,3
315,Long,1,5,3,0,0,0,0,0,0,0,0,0,0,0,0,0.0,0.0,0.0,0,50,0,20.09,7.84,4
1,Mustafi,1,13,3,0,0,0,0,0,0,0,0,0,0,0,0,0.0,0.0,0.0,0,55,0,46.5,20.47,2
62,Francis,1,15,2,1,0,0,0,0,0,0,0,0,0,0,0,0.0,0.0,0.0,0,45,0,60.15,30.82,2
190,Mignolet,1,14,2,1,0,0,0,0,0,0,0,0,0,0,0,0.0,0.0,0.0,0,45,0,66.6,32.86,1
436,Moore,1,3,3,0,0,0,0,0,0,0,0,0,0,0,0,0.0,0.0,0.0,0,45,0,51.08,19.78,1
508,Boufal,1,5,3,0,1,17,0,0,0,0,0,0,0,0,0,2.4,6.0,5.4,0,55,2,20.09,7.84,3
5,Papastathopoulos,1,13,3,0,8,90,0,0,0,0,0,0,0,0,1,2.1,0.0,20.2,0,50,28,46.5,20.47,2
55,March,1,18,3,0,3,90,0,0,0,0,0,0,0,0,0,1.6,0.0,13.8,0,50,15,40.87,16.04,3
99,Defour,1,16,2,1,0,0,0,0,0,0,0,0,0,0,0,0.0,0.0,0.0,0,55,0,30.72,11.04,3
58,Cook,1,15,2,1,2,90,0,0,0,0,0,0,0,0,0,1.8,4.0,14.2,0,50,12,60.15,30.82,3
323,Armstrong,1,5,3,0,0,0,0,0,0,0,0,0,0,0,0,0.0,0.0,0.0,0,55,0,20.09,7.84,3
268,Ki,1,1,4,1,0,0,0,0,0,0,0,0,0,0,0,0.0,0.0,0.0,0,50,0,88.62,47.41,3
457,Haller,1,11,5,1,2,90,0,0,0,0,0,0,0,0,0,0.0,0.0,0.0,0,75,15,87.94,41.88,4
249,Chong,1,6,4,1,0,0,0,0,0,0,0,0,0,0,0,0.0,0.0,0.0,0,45,0,75.54,36.72,3
460,Abraham,1,12,4,0,1,65,0,0,0,0,0,0,0,0,0,2.4,24.0,0.0,0,70,1,59.72,31.11,4
442,Ndombele,1,2,2,1,8,90,0,0,0,0,0,0,0,0,1,7.6,14.0,41.2,0,60,26,64.33,26.21,3
278,Pukki,1,10,5,0,7,82,0,0,0,0,0,0,0,0,1,10.1,41.0,39.2,0,65,32,80.79,38.31,4
153,Walcott,1,7,2,0,0,0,0,0,0,0,0,0,0,0,0,0.0,0.0,0.0,0,65,0,51.82,25.82,3
272,Klose,1,10,5,0,0,0,0,0,0,0,0,0,0,0,0,0.0,0.0,0.0,0,45,0,80.79,38.31,2
280,Krul,1,10,5,0,1,90,0,0,0,0,0,0,0,0,0,3.0,0.0,30.4,0,45,19,80.79,38.31,1
331,Alderweireld,1,2,2,1,2,90,0,0,0,0,0,0,0,0,0,5.2,8.0,17.6,0,55,17,64.33,26.21,2
287,Cantwell,1,10,5,0,2,90,0,0,0,0,0,0,0,0,0,5.2,2.0,15.6,0,45,10,80.79,38.31,3
371,Cleverley,1,4,2,1,0,0,0,0,0,0,0,0,0,0,0,0.0,0.0,0.0,0,50,0,64.39,29.55,3
154,Davies,1,7,2,0,1,11,0,0,0,0,0,0,0,0,0,0.2,0.0,1.4,0,55,2,51.82,25.82,2
94,Heaton,1,17,5,0,2,90,0,0,0,0,0,0,0,0,0,2.4,0.0,24.2,0,45,15,22.17,6.88,1
290,Trybull,1,10,5,0,2,69,0,0,0,0,0,0,0,0,0,0.9,4.0,4.4,0,45,11,80.79,38.31,3
182,Alexander-Arnold,1,14,2,1,5,90,0,0,0,0,0,0,0,0,0,8.4,12.0,35.6,0,70,24,66.6,32.86,2
362,Deeney,1,4,2,1,2,90,0,0,0,0,0,0,0,0,0,2.8,9.0,7.6,0,65,6,64.39,29.55,4
509,Parrott,1,2,2,1,0,0,0,0,0,0,0,0,0,0,0,0.0,0.0,0.0,0,45,0,64.33,26.21,4
326,Johnson,1,5,3,0,0,0,0,0,0,0,0,0,0,0,0,0.0,0.0,0.0,0,45,0,20.09,7.84,2
445,Mings,1,17,5,0,6,90,0,0,0,0,0,0,0,0,1,8.3,0.0,72.6,0,45,31,22.17,6.88,2
131,Guaita,1,8,3,1,6,90,0,0,0,0,0,0,0,0,1,1.4,0.0,14.0,0,50,24,73.03,32.96,1
225,Lindelöf,1,6,4,1,5,90,0,0,0,0,0,0,0,0,0,2.0,0.0,19.4,0,55,24,75.54,36.72,2
348,Wanyama,1,2,2,1,0,0,0,0,0,0,0,0,0,0,0,0.0,0.0,0.0,0,50,0,64.33,26.21,3
339,Janssen,1,2,2,1,0,0,0,0,0,0,0,0,0,0,0,0.0,0.0,0.0,0,45,0,64.33,26.21,4
183,van Dijk,1,14,2,1,8,90,0,0,0,0,0,0,0,0,1,7.4,21.0,52.4,0,65,27,66.6,32.86,2
510,Camarasa,1,8,3,1,0,0,0,0,0,0,0,0,0,0,0,0.0,0.0,0.0,0,50,0,73.03,32.96,3
132,Hennessey,1,8,3,1,0,0,0,0,0,0,0,0,0,0,0,0.0,0.0,0.0,0,45,0,73.03,32.96,1
485,Hoedt,1,5,3,0,0,0,0,0,0,0,0,0,0,0,0,0.0,0.0,0.0,0,45,0,20.09,7.84,2
428,Moraes,1,17,5,0,2,73,0,0,0,0,0,0,0,0,0,2.3,17.0,5.0,0,60,2,22.17,6.88,4
165,Morgan,1,20,3,1,0,0,0,0,0,0,0,0,0,0,0,0.0,0.0,0.0,0,45,0,51.39,26.11,3
176,Ndidi,1,20,3,1,3,90,0,0,0,0,0,0,0,0,0,3.8,3.0,21.4,0,50,15,51.39,26.11,3
133,Zaha,1,8,3,1,1,25,0,0,0,0,0,0,0,0,0,3.7,32.0,4.4,0,70,1,73.03,32.96,3
113,Borges Da Silva,1,12,4,0,0,0,0,0,0,0,0,0,0,0,0,0.0,0.0,0.0,0,70,0,59.72,31.11,3
405,Boly,1,9,3,0,9,90,0,0,0,0,0,0,0,0,1,3.0,2.0,27.2,0,50,32,37.16,15.15,2
112,Caballero,1,12,4,0,0,0,0,0,0,0,0,0,0,0,0,0.0,0.0,0.0,0,50,0,59.72,31.11,1
370,Hughes,1,4,2,1,2,90,0,0,0,0,0,0,0,0,0,1.3,6.0,3.6,0,55,1,64.39,29.55,3
413,Norris,1,9,3,0,0,0,0,0,0,0,0,0,0,0,0,0.0,0.0,0.0,0,40,0,37.16,15.15,1
383,Reid,1,11,5,1,0,0,0,0,0,0,0,0,0,0,0,0.0,0.0,0.0,0,40,0,87.94,41.88,2
194,Shaqiri,1,14,2,1,0,0,0,0,0,0,0,0,0,0,0,0.0,0.0,0.0,0,65,0,66.6,32.86,3
306,Valery,1,5,3,0,1,90,0,0,0,0,0,0,0,0,0,2.9,6.0,7.8,0,50,5,20.09,7.84,2
142,Mina,1,7,2,0,9,90,0,0,0,0,0,0,0,0,1,2.0,0.0,19.4,0,55,32,51.82,25.82,2
260,Muto,1,1,4,1,0,0,0,0,0,0,0,0,0,0,0,0.0,0.0,0.0,0,55,0,88.62,47.41,4
448,Tielemans,1,20,3,1,3,90,0,0,0,0,0,0,0,0,0,8.4,36.0,14.2,0,65,21,51.39,26.11,3
53,Bissouma,1,18,3,0,0,0,0,0,0,0,0,0,0,0,0,0.0,0.0,0.0,0,50,0,40.87,16.04,3
164,Söyüncü,1,20,3,1,6,90,0,0,0,0,0,0,0,0,1,2.3,2.0,20.4,0,45,29,51.39,26.11,2
27,Nyland,1,17,5,0,0,0,0,0,0,0,0,0,0,0,0,0.0,0.0,0.0,0,45,0,22.17,6.88,1
122,Wan-Bissaka,2,20,3,0,1,90,6,4,1,8,0,0,0,0,0,4.4,5.0,28.0,88267,55,19,51.39,26.11,2
368,Doucouré,2,8,3,0,2,90,4,3,1,0,0,0,0,0,0,3.1,6.0,12.6,-36607,60,7,73.03,32.96,3
63,Smith,2,2,2,0,2,90,15,2,1,1,0,0,0,0,0,1.7,4.0,12.2,-6200,45,14,64.33,26.21,2
526,San Miguel del Castillo,2,16,2,0,3,90,14,4,1,1,0,0,0,0,0,1.2,0.0,12.2,134813,45,12,30.72,11.04,1
22,El Mohamady,2,3,3,1,4,90,17,5,0,1,0,0,0,0,0,10.9,2.0,36.8,-5568,45,34,51.08,19.78,2
4,Maitland-Niles,2,5,3,1,2,90,13,5,0,12,0,0,0,0,0,4.2,7.0,15.4,144845,50,13,20.09,7.84,2
189,Ramses Becker,2,16,2,0,0,0,14,4,1,1,0,0,0,0,0,0.0,0.0,0.0,-1035061,59,0,30.72,11.04,1
500,Saint-Maximin,2,14,3,0,0,0,1,4,1,1,0,0,0,0,0,0.0,0.0,0.0,1284,55,0,66.6,32.86,3
108,Christensen,2,9,3,1,2,90,12,5,0,0,0,0,0,0,0,2.0,0.0,19.6,588,50,17,37.16,15.15,2
246,Pereira,2,20,3,0,1,1,6,4,1,6,0,0,0,0,0,0.0,0.0,0.0,44368,50,2,51.39,26.11,3
181,Robertson,2,16,2,0,2,90,14,4,1,2,0,0,0,0,0,6.3,21.0,23.8,-128747,70,14,30.72,11.04,2
364,Gray,2,8,3,0,1,7,4,3,1,2,0,0,0,0,0,1.3,0.0,2.0,-6252,60,4,73.03,32.96,4
135,Townsend,2,15,3,0,2,69,8,2,1,3,0,0,0,0,0,3.4,14.0,16.4,-6281,60,13,60.15,30.82,3
422,Tavares Gomes,2,18,2,1,2,90,7,2,0,1,0,0,0,0,0,3.5,0.0,13.4,-18492,55,12,40.87,16.04,3
319,Gunn,2,10,5,1,2,90,5,2,0,1,0,0,0,0,0,3.0,0.0,30.2,-3047,45,16,80.79,38.31,1
239,Martial,2,20,3,0,7,90,6,4,1,7,0,0,0,0,1,7.1,29.0,39.0,200074,76,20,51.39,26.11,3
30,El Ghazi,2,3,3,1,2,74,17,5,0,2,0,0,0,0,0,5.5,43.0,0.4,2182,55,3,51.08,19.78,3
90,Barnes,2,1,4,0,5,90,16,2,1,13,0,0,0,0,0,12.3,81.0,38.0,105513,65,22,88.62,47.41,3
101,Westwood,2,1,4,0,2,90,16,2,1,3,0,0,0,0,0,3.9,4.0,12.8,-4427,55,9,88.62,47.41,3
202,Laporte,2,17,4,1,1,90,19,3,0,6,0,0,0,0,0,3.9,17.0,20.6,-6254,65,15,22.17,6.88,2
265,Pérez,2,6,4,0,2,79,20,3,1,3,0,0,0,0,0,5.1,31.0,9.4,-64931,65,8,75.54,36.72,3
161,Chilwell,2,6,4,0,0,0,20,3,1,6,0,0,0,0,0,0.0,0.0,0.0,-8749,55,0,75.54,36.72,2
366,Foster,2,8,3,0,2,90,4,3,1,1,0,0,0,0,0,1.1,0.0,10.6,-19986,50,9,73.03,32.96,1
273,Godfrey,2,13,2,1,2,90,10,2,0,0,0,0,0,0,0,1.8,0.0,17.8,-1009,45,18,46.5,20.47,2
83,Mee,2,1,4,0,1,90,16,2,1,6,0,0,0,0,0,7.3,31.0,21.6,-1351,50,10,88.62,47.41,2
39,Fernandes da Silva Junior,2,19,3,1,0,0,18,3,0,1,0,0,0,0,0,0.0,0.0,0.0,-666,45,0,49.63,21.22,2
152,Anício Caldeira Duarte,2,18,2,1,11,90,7,2,0,2,0,0,0,0,1,12.9,41.0,53.2,1576,65,38,40.87,16.04,3
14,Leno,2,5,3,1,3,90,13,5,0,7,0,0,0,0,0,2.6,0.0,26.4,90465,50,15,20.09,7.84,1
298,Sharp,2,7,2,1,0,0,3,2,0,8,0,0,0,0,0,0.0,0.0,0.0,24468,60,0,51.82,25.82,4
455,Engels,2,3,3,1,1,90,17,5,0,1,0,0,0,0,0,2.4,9.0,14.2,53,45,12,51.08,19.78,2
453,Robinson,2,7,2,1,1,55,3,2,0,2,0,0,0,0,0,2.3,21.0,0.0,-410,55,-1,51.82,25.82,3
67,Wilson,2,2,2,0,5,90,15,2,1,5,0,0,0,0,0,9.0,26.0,11.4,-79871,80,16,64.33,26.21,3
467,Chambers,2,5,3,1,0,0,13,5,0,6,0,0,0,0,0,0.0,0.0,0.0,15821,45,0,20.09,7.84,2
437,Adams,2,10,5,1,2,67,5,2,0,2,0,0,0,0,0,2.8,16.0,0.2,-8706,60,4,80.79,38.31,4
129,Benteke,2,15,3,0,2,90,8,2,1,2,0,0,0,0,0,4.5,21.0,11.6,897,60,11,60.15,30.82,4
343,Eriksen,2,11,5,0,2,90,2,2,1,1,0,0,0,0,0,2.2,2.0,6.6,-69150,90,11,87.94,41.88,3
431,Pulisic,2,9,3,1,2,70,12,5,0,1,0,0,0,0,0,1.4,4.0,6.2,-12103,75,3,37.16,15.15,3
423,Basham,2,7,2,1,6,90,3,2,0,2,0,0,0,0,1,4.4,6.0,27.6,-340,45,25,51.82,25.82,2
61,Mepham,2,2,2,0,0,0,15,2,1,10,0,0,0,0,0,0.0,0.0,0.0,41580,45,0,64.33,26.21,2
91,Wood,2,1,4,0,2,60,16,2,1,2,0,0,0,0,0,2.2,8.0,1.4,-19415,65,6,88.62,47.41,4
130,Wickham,2,15,3,0,1,8,8,2,1,1,0,0,0,0,0,0.0,0.0,0.0,38302,45,2,60.15,30.82,4
403,Coady,2,12,4,1,2,90,9,2,0,6,0,0,0,0,0,1.4,0.0,13.8,-1585,50,6,59.72,31.11,2
28,Hourihane,2,3,3,1,0,0,17,5,0,2,0,0,0,0,0,0.0,0.0,0.0,-1000,60,0,51.08,19.78,3
358,Cathcart,2,8,3,0,2,90,4,3,1,1,0,0,0,0,0,2.2,0.0,21.2,-25517,45,16,73.03,32.96,2
439,Dawson,2,8,3,0,2,90,4,3,1,1,0,0,0,0,0,3.0,7.0,22.6,-1755,50,10,73.03,32.96,2
105,Azpilicueta,2,9,3,1,2,90,12,5,0,0,0,0,0,0,0,5.6,6.0,19.8,-45085,60,13,37.16,15.15,2
57,Stephens,2,19,3,1,2,90,18,3,0,3,0,0,0,0,0,4.0,15.0,22.6,29557,45,16,49.63,21.22,2
469,Ceballos Fernández,2,5,3,1,11,82,13,5,0,1,0,0,0,0,1,11.6,20.0,47.8,-10263,55,38,20.09,7.84,3
243,James,2,20,3,0,1,88,6,4,1,6,0,0,0,0,0,2.9,20.0,2.8,18587,60,6,51.39,26.11,3
313,Ings,2,10,5,1,6,26,5,2,0,2,0,0,0,0,1,8.9,59.0,29.2,-17541,60,22,80.79,38.31,4
332,Rose,2,11,5,0,1,90,2,2,1,2,0,0,0,0,0,1.9,0.0,18.6,-13784,55,8,87.94,41.88,2
475,Burn,2,19,3,1,2,90,18,3,0,6,0,0,0,0,0,6.0,17.0,18.0,1775,45,9,49.63,21.22,2
235,de Gea,2,20,3,0,2,90,6,4,1,10,0,0,0,0,0,1.3,0.0,13.0,361048,56,11,51.39,26.11,1
303,McGoldrick,2,7,2,1,2,88,3,2,0,2,0,0,0,0,0,6.5,53.0,9.6,656,55,4,51.82,25.82,4
219,Silva,2,17,4,1,1,12,19,3,0,3,0,0,0,0,0,0.1,0.0,0.0,-7330,75,2,22.17,6.88,3
333,Sánchez,2,11,5,0,1,90,2,2,1,2,0,0,0,0,0,3.3,0.0,33.4,-4978,55,19,87.94,41.88,3
54,Pröpper,2,19,3,1,2,90,18,3,0,6,0,0,0,0,0,5.0,19.0,17.4,44482,50,5,49.63,21.22,3
471,Henderson,2,7,2,1,9,90,3,2,0,2,0,0,0,0,1,2.2,0.0,22.2,2750,45,29,51.82,25.82,1
395,Rice,2,4,3,0,1,90,11,3,1,2,0,0,0,0,0,2.1,1.0,8.2,-4577,50,9,64.39,29.55,3
65,Rico,2,2,2,0,0,0,15,2,1,2,0,0,0,0,0,0.0,0.0,0.0,35828,40,0,64.33,26.21,2
410,Jota,2,12,4,1,2,85,9,2,0,2,0,0,0,0,0,2.8,12.0,3.0,-67433,65,-2,59.72,31.11,4
188,Origi,2,16,2,0,1,11,14,4,1,12,0,0,0,0,0,0.1,0.0,0.2,163204,56,3,30.72,11.04,4
147,Calvert-Lewin,2,18,2,1,2,71,7,2,0,2,0,0,0,0,0,0.7,2.0,4.4,-3796,60,6,40.87,16.04,4
69,Solanke,2,2,2,0,1,14,15,2,1,1,0,0,0,0,0,1.5,2.0,2.8,-3131,55,7,64.33,26.21,4
470,Soares de Paulo,2,3,3,1,9,90,17,5,0,1,0,0,0,0,1,7.5,15.0,46.0,809,45,33,51.08,19.78,3
97,McNeil,2,1,4,0,5,90,16,2,1,3,0,0,0,0,0,6.3,29.0,7.6,-2455,60,18,88.62,47.41,3
212,Santana de Moraes,2,17,4,1,1,90,19,3,0,7,0,0,0,0,0,0.5,0.0,5.0,266555,61,14,22.17,6.88,1
107,Palmieri dos Santos,2,9,3,1,2,90,12,5,0,0,0,0,0,0,0,5.2,2.0,27.8,24245,55,17,37.16,15.15,2
283,Buendía,2,13,2,1,2,90,10,2,0,4,0,0,0,0,0,8.6,8.0,15.2,13260,60,11,46.5,20.47,3
291,Stevens,2,7,2,1,7,90,3,2,0,2,0,0,0,0,1,5.0,20.0,16.4,-1365,50,27,51.82,25.82,2
346,Lamela,2,11,5,0,12,84,2,2,1,1,0,0,0,0,1,8.2,9.0,57.8,-6339,60,38,87.94,41.88,3
447,Pieters,2,1,4,0,1,90,16,2,1,14,0,0,0,0,0,2.3,1.0,16.8,103519,45,18,88.62,47.41,2
373,Capoue,2,8,3,0,1,82,4,3,1,2,0,0,0,0,0,1.7,10.0,4.6,-2725,50,12,73.03,32.96,3
252,Schär,2,14,3,0,1,90,1,4,1,2,0,0,0,0,0,4.3,17.0,25.4,-4837,50,18,66.6,32.86,2
197,Tavares,2,16,2,0,1,16,14,4,1,2,0,0,0,0,0,0.5,0.0,4.4,3518,55,6,30.72,11.04,3
382,Balbuena,2,4,3,0,0,0,11,3,1,-1,0,0,0,0,0,0.0,0.0,0.0,-1768,45,0,64.39,29.55,2
390,Pereira Gomes,2,4,3,0,0,0,11,3,1,1,0,0,0,0,0,0.0,0.0,0.0,-135347,70,0,64.39,29.55,3
46,Andone,2,19,3,1,1,16,18,3,0,6,0,0,0,0,0,1.7,2.0,4.0,61691,50,3,49.63,21.22,4
357,Femenía Far,2,8,3,0,2,90,4,3,1,1,0,0,0,0,0,2.9,8.0,19.4,-4565,45,7,73.03,32.96,2
211,de Jesus,2,17,4,1,1,24,19,3,0,6,0,0,0,0,0,4.7,48.0,0.0,8297,95,3,22.17,6.88,4
504,Martinelli Silva,2,5,3,1,0,0,13,5,0,1,0,0,0,0,0,0.0,0.0,0.0,28019,45,0,20.09,7.84,4
527,Nkoudou,2,11,5,0,0,0,2,2,1,1,0,0,0,0,0,0.0,0.0,0.0,638,50,0,87.94,41.88,3
294,Baldock,2,7,2,1,5,90,3,2,0,2,0,0,0,0,0,2.7,4.0,14.4,-111,45,17,51.82,25.82,2
199,Wijnaldum,2,16,2,0,2,90,14,4,1,2,0,0,0,0,0,1.7,4.0,11.0,-3552,55,12,30.72,11.04,3
363,Deulofeu,2,8,3,0,2,78,4,3,1,1,0,0,0,0,0,5.0,12.0,9.0,-59789,65,11,73.03,32.96,4
44,Murray,2,19,3,1,2,73,18,3,0,2,0,0,0,0,0,2.1,8.0,0.0,-13347,60,4,49.63,21.22,4
18,Xhaka,2,5,3,1,0,0,13,5,0,2,0,0,0,0,0,0.0,0.0,0.0,-9205,55,0,20.09,7.84,3
277,Hanley,2,13,2,1,2,90,10,2,0,-2,0,0,0,0,0,2.0,4.0,16.0,-2691,40,15,46.5,20.47,2
151,Sigurdsson,2,18,2,1,3,90,7,2,0,3,0,0,0,0,0,4.4,10.0,8.4,-50890,80,7,40.87,16.04,3
180,Choudhury,2,6,4,0,2,72,20,3,1,3,0,0,0,0,0,2.7,10.0,5.4,15393,45,8,75.54,36.72,3
338,Kane,2,11,5,0,2,90,2,2,1,13,0,0,0,0,0,0.6,4.0,0.4,-42147,110,4,87.94,41.88,4
160,Maguire,2,20,3,0,2,90,6,4,1,6,0,0,0,0,0,3.8,4.0,22.8,45576,55,20,51.39,26.11,2
347,Winks,2,11,5,0,1,55,2,2,1,2,0,0,0,0,0,1.0,0.0,9.4,-1072,55,10,87.94,41.88,3
172,Barnes,2,6,4,0,0,0,20,3,1,1,0,0,0,0,0,0.0,0.0,0.0,-1160,60,0,75.54,36.72,3
16,Mkhitaryan,2,5,3,1,0,0,13,5,0,2,0,0,0,0,0,0.0,0.0,0.0,996,70,0,20.09,7.84,3
340,Lloris,2,11,5,0,3,90,2,2,1,3,0,0,0,0,0,5.7,0.0,56.6,-31914,55,28,87.94,41.88,1
222,Gündogan,2,17,4,1,2,90,19,3,0,1,0,0,0,0,0,6.6,16.0,9.8,-27274,55,16,22.17,6.88,3
271,Hayden,2,14,3,0,2,90,1,4,1,2,0,0,0,0,0,3.7,10.0,11.8,-4562,45,11,66.6,32.86,3
365,Success Ajayi,2,8,3,0,0,0,4,3,1,1,0,0,0,0,0,0.0,0.0,0.0,-3806,50,0,73.03,32.96,4
381,Diop,2,4,3,0,2,90,11,3,1,0,0,0,0,0,0,3.6,4.0,20.8,-13527,45,14,64.39,29.55,2
102,Cork,2,1,4,0,2,90,16,2,1,3,0,0,0,0,0,4.0,28.0,10.4,709,50,9,88.62,47.41,3
29,Grealish,2,3,3,1,6,90,17,5,0,2,0,0,0,0,1,11.5,11.0,34.0,-2810,60,26,51.08,19.78,3
293,O'Connell,2,7,2,1,6,90,3,2,0,2,0,0,0,0,1,7.9,55.0,22.6,-876,45,23,51.82,25.82,2
308,Stephens,2,10,5,1,0,0,5,2,0,1,0,0,0,0,0,0.0,0.0,0.0,-672,45,0,80.79,38.31,2
394,Wilshere,2,4,3,0,1,45,11,3,1,1,0,0,0,0,0,0.1,0.0,0.0,-2772,50,1,64.39,29.55,3
258,Lascelles,2,14,3,0,1,90,1,4,1,2,0,0,0,0,0,3.3,18.0,14.4,-24098,45,9,66.6,32.86,2
276,Lewis,2,13,2,1,6,89,10,2,0,0,0,0,0,0,1,2.9,4.0,17.6,-209,45,29,46.5,20.47,2
171,Maddison,2,6,4,0,5,90,20,3,1,3,0,0,0,0,0,8.9,16.0,20.8,-29125,70,11,75.54,36.72,3
138,McArthur,2,15,3,0,2,81,8,2,1,3,0,0,0,0,0,1.3,0.0,9.6,-5482,55,11,60.15,30.82,3
200,Milner,2,16,2,0,6,73,14,4,1,1,0,0,0,0,1,6.2,17.0,20.4,-5296,55,18,30.72,11.04,3
84,Tarkowski,2,1,4,0,1,90,16,2,1,6,0,0,0,0,0,3.8,26.0,11.6,-2362,50,7,88.62,47.41,2
321,Ward-Prowse,2,10,5,1,2,90,5,2,0,2,0,0,0,0,0,4.3,2.0,11.2,-6524,60,15,80.79,38.31,3
166,Vardy,2,6,4,0,2,90,20,3,1,2,0,0,0,0,0,0.9,10.0,0.0,-82257,90,-3,75.54,36.72,4
304,Vestergaard,2,10,5,1,1,90,5,2,0,1,0,0,0,0,0,3.8,4.0,20.0,-1184,50,13,80.79,38.31,2
307,Bednarek,2,10,5,1,1,90,5,2,0,1,0,0,0,0,0,1.8,0.0,16.8,-3212,45,10,80.79,38.31,2
386,Hernández Balcázar,2,4,3,0,8,82,11,3,1,1,0,0,0,0,1,5.6,21.0,34.0,-7224,60,29,64.39,29.55,4
256,Manquillo,2,14,3,0,0,0,1,4,1,2,0,0,0,0,0,0.0,0.0,0.0,-19,45,0,66.6,32.86,2
451,Rodriguez,2,1,4,0,1,29,16,2,1,1,0,0,0,0,0,1.0,10.0,0.0,-5492,59,1,88.62,47.41,4
497,Gbamin,2,18,2,1,3,90,7,2,0,1,0,0,0,0,0,1.5,0.0,13.2,-42,50,8,40.87,16.04,3
82,Lerma,2,2,2,0,2,90,15,2,1,2,0,0,0,0,0,1.2,0.0,10.0,-142,50,11,64.33,26.21,3
241,Lingard,2,20,3,0,2,80,6,4,1,2,0,0,0,0,0,1.1,2.0,5.6,6802,65,9,51.39,26.11,3
498,Willems,2,14,3,0,0,0,1,4,1,1,0,0,0,0,0,0.0,0.0,0.0,-649,45,0,66.6,32.86,2
466,Apolinário de Lira,2,14,3,0,1,66,1,4,1,2,0,0,0,0,0,2.6,12.0,2.0,9075,60,0,66.6,32.86,4
126,Ward,2,15,3,0,2,90,8,2,1,6,0,0,0,0,0,4.8,0.0,43.6,3720,45,15,60.15,30.82,1
96,Gudmundsson,2,1,4,0,2,71,16,2,1,9,0,0,0,0,0,8.8,4.0,20.4,50832,60,15,88.62,47.41,3
295,Egan,2,7,2,1,6,90,3,2,0,2,0,0,0,0,1,1.2,0.0,11.8,-458,45,18,51.82,25.82,2
301,Fleck,2,7,2,1,1,28,3,2,0,1,0,0,0,0,0,1.8,1.0,1.8,-759,50,3,51.82,25.82,3
297,Lundstram,2,7,2,1,14,90,3,2,0,3,0,0,0,0,1,9.4,22.0,53.4,48106,40,41,51.82,25.82,2
31,McGinn,2,3,3,1,2,90,17,5,0,7,0,0,0,0,0,8.7,43.0,13.6,159128,56,7,51.08,19.78,3
207,Stones,2,17,4,1,0,0,19,3,0,6,0,0,0,0,0,0.0,0.0,0.0,3891,55,0,22.17,6.88,2
402,Castro Otto,2,12,4,1,2,90,9,2,0,5,0,0,0,0,0,3.9,23.0,13.6,-3909,55,11,59.72,31.11,2
26,Kodjia,2,3,3,1,0,0,17,5,0,1,0,0,0,0,0,0.0,0.0,0.0,-5746,55,0,51.08,19.78,4
269,Shelvey,2,14,3,0,8,90,1,4,1,1,0,0,0,0,1,10.9,21.0,47.4,-2604,50,31,66.6,32.86,3
162,Evans,2,6,4,0,3,90,20,3,1,7,0,0,0,0,0,1.7,0.0,16.4,2345,50,19,75.54,36.72,2
468,Ayew,2,15,3,0,0,0,8,2,1,2,0,0,0,0,0,0.0,0.0,0.0,10817,50,0,60.15,30.82,4
198,Henderson,2,16,2,0,1,1,14,4,1,2,0,0,0,0,0,0.3,0.0,0.0,4952,55,3,30.72,11.04,1
148,Pickford,2,18,2,1,6,90,7,2,0,7,0,0,0,0,1,1.6,0.0,15.8,86478,55,26,40.87,16.04,1
118,Frello Filho,2,9,3,1,1,70,12,5,0,1,0,0,0,0,0,1.4,1.0,8.2,-262,50,3,37.16,15.15,3
184,Gomez,2,16,2,0,0,0,14,4,1,2,0,0,0,0,0,0.0,0.0,0.0,3745,55,0,30.72,11.04,2
490,Willock,2,5,3,1,2,90,13,5,0,3,0,0,0,0,0,6.7,22.0,16.6,4950,50,14,20.09,7.84,3
68,King,2,2,2,0,6,90,15,2,1,2,0,0,0,0,1,7.1,28.0,39.6,-90365,65,22,64.33,26.21,3
434,Drmic,2,13,2,1,0,0,10,2,0,1,0,0,0,0,0,0.0,0.0,0.0,-2031,55,0,46.5,20.47,4
36,Peleteiro Romallo,2,3,3,1,1,15,17,5,0,1,0,0,0,0,0,2.5,7.0,6.0,-2419,60,4,51.08,19.78,3
353,Holebas,2,8,3,0,1,90,4,3,1,1,0,0,0,0,0,5.4,0.0,26.4,-34519,50,14,73.03,32.96,2
415,Santos Moutinho,2,12,4,1,8,90,9,2,0,3,0,0,0,0,1,7.5,0.0,36.0,-19074,55,27,59.72,31.11,3
242,Mata,2,20,3,0,1,9,6,4,1,1,0,0,0,0,0,0.1,0.0,0.2,-4544,65,3,51.39,26.11,3
45,Locadia,2,19,3,1,0,0,18,3,0,2,0,0,0,0,0,0.0,0.0,0.0,240,55,0,49.63,21.22,4
168,Schmeichel,2,6,4,0,3,90,20,3,1,6,0,0,0,0,0,3.7,0.0,36.6,1036,50,18,75.54,36.72,1
286,McLean,2,13,2,1,0,0,10,2,0,2,0,0,0,0,0,0.0,0.0,0.0,-139,50,0,46.5,20.47,3
111,Arrizabalaga,2,9,3,1,2,90,12,5,0,0,0,0,0,0,0,2.3,0.0,23.0,17885,55,18,37.16,15.15,1
215,De Bruyne,2,17,4,1,11,90,19,3,0,7,0,0,0,0,1,22.5,38.0,59.2,2049,95,44,22.17,6.88,3
459,Zouma,2,9,3,1,2,90,12,5,0,-1,0,0,0,0,0,3.2,19.0,12.8,-20938,50,12,37.16,15.15,2
337,Walker-Peters,2,11,5,0,1,90,2,2,1,2,0,0,0,0,0,2.5,0.0,24.0,-18205,50,12,87.94,41.88,2
203,Walker,2,17,4,1,1,90,19,3,0,8,0,0,0,0,0,5.4,4.0,19.4,23665,60,20,22.17,6.88,2
420,Dendoncker,2,12,4,1,2,90,9,2,0,3,0,0,0,0,0,1.1,8.0,0.2,74728,45,4,59.72,31.11,3
42,Dunk,2,19,3,1,3,90,18,3,0,11,0,0,0,0,0,2.2,4.0,17.8,129239,45,21,49.63,21.22,2
141,Digne,2,18,2,1,11,72,7,2,0,6,0,0,0,0,1,9.3,28.0,35.4,-9219,60,36,40.87,16.04,2
345,Rodrigues Moura da Silva,2,11,5,0,6,34,2,2,1,5,0,0,0,0,1,10.1,66.0,35.2,-54503,75,23,87.94,41.88,3
388,Fabianski,2,4,3,0,3,90,11,3,1,1,0,0,0,0,0,2.3,0.0,23.2,-1644,50,17,64.39,29.55,1
134,Milivojevic,2,15,3,0,2,90,8,2,1,2,0,0,0,0,0,3.9,8.0,9.6,-40613,70,7,60.15,30.82,3
441,Freeman,2,7,2,1,2,61,3,2,0,1,0,0,0,0,0,3.0,10.0,6.4,-973,55,2,51.82,25.82,3
226,Shaw,2,20,3,0,2,90,6,4,1,6,0,0,0,0,0,4.7,2.0,15.6,-3798,55,19,51.39,26.11,2
465,Ibrahim Hassan,2,3,3,1,2,86,17,5,0,1,0,0,0,0,0,7.5,61.0,6.4,4748,55,0,51.08,19.78,3
391,Lanzini,2,4,3,0,8,90,11,3,1,2,0,0,0,0,1,8.6,3.0,34.0,7085,65,34,64.39,29.55,3
285,Stiepermann,2,13,2,1,3,83,10,2,0,1,0,0,0,0,0,5.3,23.0,11.6,592,55,12,46.5,20.47,3
233,Rashford,2,20,3,0,6,88,6,4,1,13,0,0,0,0,1,5.2,9.0,17.8,271490,86,22,51.39,26.11,4
174,Albrighton,2,6,4,0,1,10,20,3,1,1,0,0,0,0,0,1.3,0.0,2.4,-1034,55,4,75.54,36.72,3
262,Dubravka,2,14,3,0,2,90,1,4,1,2,0,0,0,0,0,3.9,0.0,38.6,-1234,50,18,66.6,32.86,1
128,Kelly,2,15,3,0,2,90,8,2,1,6,0,0,0,0,0,2.0,2.0,16.8,108511,40,15,60.15,30.82,2
38,Montoya,2,19,3,1,2,90,18,3,0,6,0,0,0,0,0,4.7,2.0,19.4,8345,45,11,49.63,21.22,2
234,Greenwood,2,20,3,0,1,1,6,4,1,1,0,0,0,0,0,0.4,0.0,2.2,-9588,45,5,51.39,26.11,4
463,Mount,2,9,3,1,10,90,12,5,0,2,0,0,0,0,1,15.0,77.0,50.2,22692,60,27,37.16,15.15,3
432,Kovacic,2,9,3,1,1,19,12,5,0,2,0,0,0,0,0,0.3,0.0,2.8,4088,55,4,37.16,15.15,3
47,Ryan,2,19,3,1,2,90,18,3,0,9,0,0,0,0,0,1.9,0.0,19.4,134346,45,12,49.63,21.22,2
21,Guendouzi,2,5,3,1,2,90,13,5,0,3,0,0,0,0,0,4.2,17.0,20.8,85079,45,15,20.09,7.84,3
85,Lowton,2,1,4,0,1,90,16,2,1,6,0,0,0,0,0,2.7,1.0,10.2,707,45,12,88.62,47.41,2
401,Doherty,2,12,4,1,1,45,9,2,0,6,0,0,0,0,0,0.1,0.0,0.0,-7294,60,3,59.72,31.11,2
251,Ritchie,2,14,3,0,1,90,1,4,1,2,0,0,0,0,0,6.4,12.0,17.2,-401,55,12,66.6,32.86,2
274,Aarons,2,13,2,1,1,90,10,2,0,0,0,0,0,0,0,3.6,18.0,4.2,-5400,45,7,46.5,20.47,2
136,Meyer,2,15,3,0,2,64,8,2,1,2,0,0,0,0,0,1.0,2.0,5.4,844,55,8,60.15,30.82,3
143,Keane,2,18,2,1,6,90,7,2,0,8,0,0,0,0,1,3.1,0.0,31.0,6752,55,27,40.87,16.04,2
314,Obafemi,2,10,5,1,0,0,5,2,0,1,0,0,0,0,0,0.0,0.0,0.0,-1033,50,0,80.79,38.31,4
389,Antonio,2,4,3,0,1,45,11,3,1,1,0,0,0,0,0,6.6,58.0,6.4,-8385,70,0,64.39,29.55,3
266,Almirón,2,14,3,0,2,90,1,4,1,1,0,0,0,0,0,1.1,6.0,2.0,3728,60,7,66.6,32.86,3
191,Salah,2,16,2,0,3,78,14,4,1,12,0,0,0,0,0,4.3,29.0,2.4,114282,125,0,30.72,11.04,3
496,Kean,2,18,2,1,1,18,7,2,0,1,0,0,0,0,0,0.4,5.0,0.0,-48593,70,1,40.87,16.04,4
158,Schneiderlin,2,18,2,1,0,0,7,2,0,0,0,0,0,0,0,0.0,0.0,0.0,-16231,45,0,40.87,16.04,3
288,Leitner,2,13,2,1,2,90,10,2,0,0,0,0,0,0,0,3.9,4.0,17.0,111,45,22,46.5,20.47,3
349,Sissoko,2,11,5,0,2,90,2,2,1,5,0,0,0,0,0,0.9,0.0,6.8,35917,50,12,87.94,41.88,3
119,Kanté,2,9,3,1,2,90,12,5,0,0,0,0,0,0,0,5.2,18.0,15.8,7529,50,8,37.16,15.15,3
6,Monreal,2,5,3,1,2,90,13,5,0,7,0,0,0,0,0,5.1,4.0,23.2,8069,50,18,20.09,7.84,2
59,Aké,2,2,2,0,1,90,15,2,1,2,0,0,0,0,0,3.9,18.0,20.6,-70959,50,8,64.33,26.21,2
320,Redmond,2,10,5,1,2,90,5,2,0,2,0,0,0,0,0,3.9,11.0,4.6,-17182,65,6,80.79,38.31,3
502,Maupay,2,19,3,1,1,23,18,3,0,6,0,0,0,0,0,2.0,14.0,0.2,22016,60,-4,49.63,21.22,4
24,Taylor,2,3,3,1,1,90,17,5,0,1,0,0,0,0,0,5.4,24.0,13.0,-236,45,14,51.08,19.78,2
93,Pope,2,1,4,0,3,90,16,2,1,8,0,0,0,0,0,6.6,2.0,54.0,55141,45,24,88.62,47.41,1
488,Pépé,2,5,3,1,1,45,13,5,0,1,0,0,0,0,0,5.2,9.0,16.6,-30816,95,6,20.09,7.84,3
206,Zinchenko,2,17,4,1,1,90,19,3,0,6,0,0,0,0,0,4.8,14.0,16.0,19349,55,16,22.17,6.88,2
501,McBurnie,2,7,2,1,1,34,3,2,0,1,0,0,0,0,0,1.8,13.0,3.2,-1000,60,1,51.82,25.82,4
302,Norwood,2,7,2,1,3,90,3,2,0,2,0,0,0,0,0,8.8,8.0,18.0,-267,50,17,51.82,25.82,3
352,Skipp,2,11,5,0,1,1,2,2,1,1,0,0,0,0,0,0.5,0.0,5.0,1598,45,3,87.94,41.88,3
110,Giroud,2,9,3,1,2,61,12,5,0,1,0,0,0,0,0,6.7,21.0,12.4,-8459,70,11,37.16,15.15,4
284,Hernández,2,13,2,1,0,0,10,2,0,1,0,0,0,0,0,0.0,0.0,0.0,-2485,55,0,46.5,20.47,3
328,Romeu Vidal,2,10,5,1,1,63,5,2,0,2,0,0,0,0,0,3.1,0.0,16.4,1416,45,12,80.79,38.31,3
399,Fornals,2,4,3,0,2,76,11,3,1,1,0,0,0,0,0,1.0,3.0,4.6,-5993,65,4,64.39,29.55,3
49,Groß,2,19,3,1,3,66,18,3,0,6,0,0,0,0,0,11.8,27.0,17.8,34844,65,21,49.63,21.22,3
487,Cutrone,2,12,4,1,1,1,9,2,0,1,0,0,0,0,0,0.0,0.0,0.0,-13634,60,2,59.72,31.11,4
123,van Aanholt,2,15,3,0,2,90,8,2,1,6,0,0,0,0,0,2.6,0.0,11.8,-7076,55,8,60.15,30.82,2
255,Dummett,2,14,3,0,0,90,1,4,1,2,0,0,0,0,0,4.3,33.0,9.0,-277,45,6,66.6,32.86,2
238,Pogba,2,20,3,0,0,90,6,4,1,9,0,0,0,0,0,6.1,27.0,16.4,118064,85,4,51.39,26.11,3
114,Rodríguez Ledesma,2,9,3,1,2,90,12,5,0,2,0,0,0,0,0,4.4,6.0,11.6,36058,70,8,37.16,15.15,3
476,Billing,2,2,2,0,0,45,15,2,1,2,0,0,0,0,0,0.5,1.0,2.8,1144,50,0,64.33,26.21,3
220,Foden,2,17,4,1,0,0,19,3,0,1,0,0,0,0,0,0.0,0.0,0.0,-4133,55,0,22.17,6.88,3
11,Aubameyang,2,5,3,1,6,90,13,5,0,6,0,0,0,0,1,9.4,33.0,42.2,113772,110,25,20.09,7.84,4
325,Højbjerg,2,10,5,1,2,90,5,2,0,1,0,0,0,0,0,4.2,25.0,12.0,-5805,50,10,80.79,38.31,3
214,Sterling,2,17,4,1,6,90,19,3,0,20,0,0,0,0,1,19.7,122.0,44.4,287873,121,20,22.17,6.88,3
409,Jiménez,2,12,4,1,2,90,9,2,0,2,0,0,0,0,0,2.9,22.0,4.6,-124842,75,6,59.72,31.11,4
489,Nelson,2,5,3,1,1,45,13,5,0,2,0,0,0,0,0,5.3,37.0,3.2,1573,55,-1,20.09,7.84,3
159,Barbosa Pereira,2,6,4,0,2,90,20,3,1,9,0,0,0,0,0,4.2,3.0,32.2,-5450,60,11,75.54,36.72,2
150,de Andrade,2,18,2,1,3,62,7,2,0,3,0,0,0,0,0,3.0,30.0,0.0,-10235,80,0,40.87,16.04,3
217,Mahrez,2,17,4,1,1,10,19,3,0,14,0,0,0,0,0,0.7,6.0,0.2,104906,85,1,22.17,6.88,3
187,Firmino,2,16,2,0,8,90,14,4,1,5,0,0,0,0,1,7.6,32.0,36.4,-14227,95,31,30.72,11.04,4
369,Pereyra,2,8,3,0,1,90,4,3,1,1,0,0,0,0,0,3.8,28.0,3.0,-44700,60,-1,73.03,32.96,3
393,Snodgrass,2,4,3,0,2,90,11,3,1,1,0,0,0,0,0,4.1,21.0,14.2,-1263,55,7,64.39,29.55,3
443,Hernandez,2,17,4,1,2,77,19,3,0,3,0,0,0,0,0,5.5,7.0,23.4,11968,55,16,22.17,6.88,3
407,Saïss,2,12,4,1,0,0,9,2,0,1,0,0,0,0,0,0.0,0.0,0.0,-1528,45,0,59.72,31.11,2
117,Barkley,2,9,3,1,0,0,12,5,0,1,0,0,0,0,0,0.0,0.0,0.0,-24033,60,0,37.16,15.15,3
411,dos Santos Patrício,2,12,4,1,9,90,9,2,0,6,0,0,0,0,1,3.0,0.0,29.8,-3623,50,25,59.72,31.11,1
404,Bennett,2,12,4,1,1,90,9,2,0,6,0,0,0,0,0,1.8,2.0,14.6,-991,50,11,59.72,31.11,2
305,Bertrand,2,10,5,1,1,76,5,2,0,1,0,0,0,0,0,0.4,2.0,0.6,-5951,50,6,80.79,38.31,2
75,Fraser,2,2,2,0,2,90,15,2,1,1,0,0,0,0,0,7.7,35.0,10.8,-135984,75,6,64.33,26.21,1
380,Fredericks,2,4,3,0,2,90,11,3,1,0,0,0,0,0,0,2.5,2.0,11.8,-333,45,9,64.39,29.55,2
414,da Silva Neves,2,12,4,1,7,90,9,2,0,2,0,0,0,0,1,5.2,7.0,43.2,-20722,55,22,59.72,31.11,3
192,Mané,2,16,2,0,13,90,14,4,1,1,0,0,0,0,1,16.3,38.0,69.4,-51300,115,45,30.72,11.04,3
127,Dann,2,15,3,0,2,90,8,2,1,6,0,0,0,0,0,3.1,2.0,28.6,1951,45,17,60.15,30.82,2
248,McTominay,2,20,3,0,2,90,6,4,1,3,0,0,0,0,0,2.6,12.0,10.0,2846,50,9,51.39,26.11,3
144,Coleman,2,18,2,1,5,90,7,2,0,6,0,0,0,0,0,1.1,3.0,7.2,5813,55,16,40.87,16.04,2
270,Longstaff,2,14,3,0,3,16,1,4,1,2,0,0,0,0,0,2.9,0.0,17.0,-264,50,9,66.6,32.86,3
210,Agüero,2,17,4,1,6,65,19,3,0,5,0,0,0,0,1,9.3,51.0,31.4,-103549,120,27,22.17,6.88,4
37,Duffy,2,19,3,1,2,90,18,3,0,6,0,0,0,0,0,1.3,3.0,9.4,-114,50,13,49.63,21.22,3
508,Boufal,2,10,5,1,0,0,5,2,0,1,0,0,0,0,0,0.0,0.0,0.0,-348,55,0,80.79,38.31,3
5,Papastathopoulos,2,5,3,1,2,90,13,5,0,8,0,0,0,0,0,3.7,2.0,24.0,10172,50,20,20.09,7.84,2
55,March,2,19,3,1,2,90,18,3,0,3,0,0,0,0,0,7.4,21.0,21.8,759,50,13,49.63,21.22,3
58,Cook,2,2,2,0,2,90,15,2,1,2,0,0,0,0,0,2.9,0.0,28.8,-495,50,11,64.33,26.21,3
457,Haller,2,4,3,0,0,0,11,3,1,2,0,0,0,0,0,0.0,0.0,0.0,-30054,75,0,64.39,29.55,4
460,Abraham,2,9,3,1,1,29,12,5,0,1,0,0,0,0,0,1.5,5.0,0.0,11156,70,2,37.16,15.15,4
442,Ndombele,2,11,5,0,6,90,2,2,1,8,0,0,0,0,1,5.4,0.0,42.6,145618,60,31,87.94,41.88,3
278,Pukki,2,13,2,1,17,90,10,2,0,7,0,0,0,0,1,23.9,114.0,112.4,176308,66,83,46.5,20.47,4
280,Krul,2,13,2,1,2,90,10,2,0,1,0,0,0,0,0,2.6,0.0,25.6,1056,45,15,46.5,20.47,1
331,Alderweireld,2,11,5,0,1,90,2,2,1,2,0,0,0,0,0,3.1,0.0,31.0,-41914,55,16,87.94,41.88,2
287,Cantwell,2,13,2,1,10,90,10,2,0,2,0,0,0,0,1,14.6,41.0,46.6,13546,45,33,46.5,20.47,3
154,Davies,2,18,2,1,0,0,7,2,0,1,0,0,0,0,0,0.0,0.0,0.0,-315,55,0,40.87,16.04,2
94,Heaton,2,3,3,1,1,90,17,5,0,2,0,0,0,0,0,1.2,0.0,12.2,21575,45,7,51.08,19.78,1
290,Trybull,2,13,2,1,3,86,10,2,0,2,0,0,0,0,0,3.7,4.0,19.6,4516,45,19,46.5,20.47,3
182,Alexander-Arnold,2,16,2,0,1,90,14,4,1,5,0,0,0,0,0,4.3,4.0,9.8,32545,70,7,30.72,11.04,2
362,Deeney,2,8,3,0,2,90,4,3,1,2,0,0,0,0,0,5.9,37.0,9.0,-26484,65,5,73.03,32.96,4
445,Mings,2,3,3,1,1,90,17,5,0,6,0,0,0,0,0,4.2,2.0,25.6,22926,45,15,51.08,19.78,2
131,Guaita,2,15,3,0,2,90,8,2,1,6,0,0,0,0,0,2.4,0.0,23.6,5582,50,16,60.15,30.82,1
225,Lindelöf,2,20,3,0,2,90,6,4,1,5,0,0,0,0,0,1.8,0.0,17.0,-4544,55,14,51.39,26.11,2
183,van Dijk,2,16,2,0,2,90,14,4,1,8,0,0,0,0,0,3.4,2.0,30.8,60548,65,16,30.72,11.04,2
428,Moraes,2,3,3,1,2,90,17,5,0,2,0,0,0,0,0,4.8,31.0,5.8,4529,60,6,51.08,19.78,4
176,Ndidi,2,6,4,0,10,90,20,3,1,3,0,0,0,0,1,7.1,17.0,51.8,-15,50,27,75.54,36.72,3
133,Zaha,2,15,3,0,2,90,8,2,1,1,0,0,0,0,0,4.7,28.0,4.6,-55359,70,0,60.15,30.82,3
405,Boly,2,12,4,1,2,90,9,2,0,9,0,0,0,0,0,1.5,2.0,12.8,6703,50,10,59.72,31.11,2
370,Hughes,2,8,3,0,2,66,4,3,1,2,0,0,0,0,0,1.9,6.0,6.4,-1272,55,10,73.03,32.96,3
306,Valery,2,10,5,1,1,90,5,2,0,1,0,0,0,0,0,5.9,22.0,21.0,-2813,50,14,80.79,38.31,2
142,Mina,2,18,2,1,7,90,7,2,0,9,0,0,0,0,1,2.1,0.0,20.4,32722,55,29,40.87,16.04,2
448,Tielemans,2,6,4,0,2,90,20,3,1,3,0,0,0,0,0,3.2,23.0,4.6,-13230,65,6,75.54,36.72,3
164,Söyüncü,2,6,4,0,2,90,20,3,1,6,0,0,0,0,0,2.7,2.0,24.2,6524,45,15,75.54,36.72,2
122,Wan-Bissaka,3,6,4,0,0,90,20,3,0,1,6,4,1,8,0,0.465,0.7,5.84,77831,55,19,,,2
368,Doucouré,3,15,3,0,0,90,8,3,0,2,4,3,1,0,0,0,0,0,0,60,7,,,3
63,Smith,3,11,5,0,0,90,2,2,0,2,15,2,1,1,0,0.155,0.8,1.56,-7492,45,14,,,2
526,San Miguel del Castillo,3,1,4,0,0,90,16,2,0,3,14,4,1,1,0,0.11499999999999999,0.0,2.2800000000000002,28417,45,12,,,1
22,El Mohamady,3,7,2,1,0,90,3,3,1,4,17,5,0,1,0,0.615,0.2,5.0200000000000005,-1855,45,34,,,2
4,Maitland-Niles,3,10,5,1,0,90,5,3,1,2,13,5,0,12,0,0.465,0.7,5.38,28590,50,13,,,2
108,Christensen,3,12,4,1,0,90,9,3,1,2,12,5,0,0,0,0.23500000000000001,0.2,4.279999999999999,3996,50,17,,,2
246,Pereira,3,6,4,0,0,90,20,3,0,1,6,4,1,6,0,0.44000000000000006,1.2,5.36,6160,50,2,,,3
181,Robertson,3,1,4,0,0,90,16,2,0,2,14,4,1,2,0,0.5349999999999999,2.8,3.62,-182987,70,14,,,2
364,Gray,3,15,3,0,0,90,8,3,0,1,4,3,1,2,0,0.0,0.0,0.0,-4812,60,4,,,4
135,Townsend,3,2,2,0,0,90,15,3,0,2,8,2,1,3,0,0.27999999999999997,1.4,2.6399999999999997,-31519,60,13,,,3
422,Tavares Gomes,3,19,3,1,0,90,18,2,1,2,7,2,0,1,0,0.27,0.0,2.1,-2835,55,12,,,3
319,Gunn,3,13,2,1,0,90,10,5,1,2,5,2,0,1,0,0.2,0.0,4.0,-250,45,16,,,1
239,Martial,3,6,4,0,0,90,20,3,0,7,6,4,1,7,0,1.0050000000000001,10.0,7.82,328168,76,20,,,3
30,El Ghazi,3,7,2,1,0,90,3,3,1,2,17,5,0,2,0,0.35,5.1,0.18,-2972,55,3,,,3
90,Barnes,3,14,3,0,0,90,1,4,0,5,16,2,1,13,0,1.425,17.0,10.940000000000001,155202,65,22,,,3
101,Westwood,3,14,3,0,0,90,1,4,0,2,16,2,1,3,0,0.28500000000000003,0.4,1.92,-5066,55,9,,,3
202,Laporte,3,3,3,1,0,90,17,4,1,1,19,3,0,6,0,0.29500000000000004,1.7,3.9799999999999995,-2945,65,15,,,2
265,Pérez,3,20,3,0,0,90,6,4,0,2,20,3,1,3,0,0,0,0,0,65,8,,,3
366,Foster,3,15,3,0,0,90,8,3,0,2,4,3,1,1,0,0.10500000000000001,0.0,2.06,-11483,50,9,,,1
273,Godfrey,3,5,3,1,0,90,13,2,1,2,10,2,0,0,0,0.24500000000000002,0.7,4.16,-377,45,18,,,2
83,Mee,3,14,3,0,0,90,1,4,0,1,16,2,1,6,0,0.48,3.3,4.279999999999999,-1076,50,10,,,2
152,Anício Caldeira Duarte,3,19,3,1,0,90,18,2,1,11,7,2,0,2,0,0,0,0,0,65,38,,,3
14,Leno,3,10,5,1,0,90,5,3,1,3,13,5,0,7,0,0.22000000000000003,0.0,4.4399999999999995,-28452,50,15,,,1
455,Engels,3,7,2,1,0,90,3,3,1,1,17,5,0,1,0,0.26,0.9,4.2,-272,45,12,,,2
453,Robinson,3,18,2,1,0,90,7,2,1,1,3,2,0,2,0,0.29,5.0,0.45999999999999996,-12653,55,-1,,,3
67,Wilson,3,11,5,0,0,90,2,2,0,5,15,2,1,5,0,0.65,6.1,1.3800000000000001,-183704,80,16,,,3
437,Adams,3,13,2,1,0,90,10,5,1,2,5,2,0,2,0,0.22000000000000003,3.7,0.02,-6074,60,4,,,4
129,Benteke,3,2,2,0,0,90,15,3,0,2,8,2,1,2,0,0.36,2.3,2.12,-7641,60,11,,,4
343,Eriksen,3,4,3,0,0,90,11,5,0,2,2,2,1,1,0,0.465,2.0,1.92,-33782,90,11,,,3
431,Pulisic,3,12,4,1,0,90,9,3,1,2,12,5,0,1,0,0.2,1.2,1.22,-54652,75,3,,,3
423,Basham,3,18,2,1,0,90,7,2,1,6,3,2,0,2,0,0.28500000000000003,0.8,3.72,1731,45,25,,,2
91,Wood,3,14,3,0,0,90,1,4,0,2,16,2,1,2,0,0.15,1.6,0.13999999999999999,-18565,65,6,,,4
130,Wickham,3,2,2,0,0,90,15,3,0,1,8,2,1,1,0,0.01,0.2,0.0,40997,45,2,,,4
403,Coady,3,9,3,1,0,90,12,4,1,2,9,2,0,6,0,0.12,0.0,2.38,1934,50,6,,,2
358,Cathcart,3,15,3,0,0,90,8,3,0,2,4,3,1,1,0,0.16499999999999998,0.0,3.16,-20155,45,16,,,2
439,Dawson,3,15,3,0,0,90,8,3,0,2,4,3,1,1,0,0.445,4.4,4.38,-847,50,10,,,2
105,Azpilicueta,3,12,4,1,0,90,9,3,1,2,12,5,0,0,0,0.495,0.8,4.4,-23434,60,13,,,2
57,Stephens,3,17,4,1,0,90,19,3,1,2,18,3,0,3,0,0.32999999999999996,1.5,3.7600000000000002,-10517,45,16,,,2
469,Ceballos Fernández,3,10,5,1,0,90,5,3,1,11,13,5,0,1,0,0,0,0,0,55,38,,,3
243,James,3,6,4,0,0,90,20,3,0,1,6,4,1,6,0,0.0,0.0,0.0,-893,60,6,,,3
313,Ings,3,13,2,1,0,90,10,5,1,6,5,2,0,2,0,0.525,5.9,3.4,7216,60,22,,,4
332,Rose,3,4,3,0,0,90,11,5,0,1,2,2,1,2,0,0.445,0.2,3.38,2449,55,8,,,2
475,Burn,3,17,4,1,0,90,19,3,1,2,18,3,0,6,0,0.375,1.8,3.08,2267,45,9,,,2
235,de Gea,3,6,4,0,0,90,20,3,0,2,6,4,1,10,0,0.27999999999999997,0.0,5.62,45669,56,11,,,1
303,McGoldrick,3,18,2,1,0,90,7,2,1,2,3,2,0,2,0,0.4,6.1,1.16,3819,55,4,,,4
219,Silva,3,3,3,1,0,90,17,4,1,1,19,3,0,3,0,0.29,1.7,0.72,-46663,75,2,,,3
333,Sánchez,3,4,3,0,0,90,11,5,0,1,2,2,1,2,0,0,0,0,0,55,19,,,3
54,Pröpper,3,17,4,1,0,90,19,3,1,2,18,3,0,6,0,0,0,0,0,50,5,,,3
471,Henderson,3,18,2,1,0,90,7,2,1,9,3,2,0,2,0,0.31,4.1,1.22,-5407,45,29,,,1
395,Rice,3,8,3,0,0,90,4,3,0,1,11,3,1,2,0,0.195,0.1,2.42,-14713,50,9,,,3
410,Jota,3,9,3,1,0,90,12,4,1,2,9,2,0,2,0,0.145,0.7,0.96,-2453,65,-2,,,4
188,Origi,3,1,4,0,0,90,16,2,0,1,14,4,1,12,0,0.47000000000000003,2.1,4.5600000000000005,-42468,56,3,,,4
147,Calvert-Lewin,3,19,3,1,0,90,18,2,1,2,7,2,0,2,0,0.13,0.8,0.58,-7583,60,6,,,4
69,Solanke,3,11,5,0,0,90,2,2,0,1,15,2,1,1,0,0.075,0.2,0.27999999999999997,-3024,55,7,,,4
470,Soares de Paulo,3,7,2,1,0,90,3,3,1,9,17,5,0,1,0,0.485,1.5,5.76,72966,45,33,,,3
97,McNeil,3,14,3,0,0,90,1,4,0,5,16,2,1,3,0,0.42000000000000004,2.9,2.34,-511,60,18,,,3
212,Santana de Moraes,3,3,3,1,0,90,17,4,1,1,19,3,0,7,0,0.16999999999999998,0.0,3.38,-27640,61,14,,,1
107,Palmieri dos Santos,3,12,4,1,0,90,9,3,1,2,12,5,0,0,0,0.7,4.7,5.1,21586,55,17,,,2
283,Buendía,3,5,3,1,0,90,13,2,1,2,10,2,0,4,0,0,0,0,0,60,11,,,3
291,Stevens,3,18,2,1,0,90,7,2,1,7,3,2,0,2,0,0.325,2.2,2.66,1593,50,27,,,2
346,Lamela,3,4,3,0,0,90,11,5,0,12,2,2,1,1,0,0.8550000000000001,4.8,6.94,64995,60,38,,,3
447,Pieters,3,14,3,0,0,90,1,4,0,1,16,2,1,14,0,0.53,0.2,7.359999999999999,105337,45,18,,,2
373,Capoue,3,15,3,0,0,90,8,3,0,1,4,3,1,2,0,0.15,1.1,1.3800000000000001,-5423,50,12,,,3
252,Schär,3,16,2,0,0,90,14,3,0,1,1,4,1,2,0,0,0,0,0,50,18,,,2
197,Tavares,3,1,4,0,0,90,16,2,0,1,14,4,1,2,0,0.24500000000000002,0.7,3.0,-6751,55,6,,,3
46,Andone,3,17,4,1,0,90,19,3,1,1,18,3,0,6,0,0.375,1.9,4.4,26059,50,3,,,4
357,Femenía Far,3,15,3,0,0,90,8,3,0,2,4,3,1,1,0,0,0,0,0,45,7,,,2
211,de Jesus,3,3,3,1,0,90,17,4,1,1,19,3,0,6,0,0.635,9.0,3.34,-12192,95,3,,,4
294,Baldock,3,18,2,1,0,90,7,2,1,5,3,2,0,2,0,0.16999999999999998,0.7,1.48,1071,45,17,,,2
199,Wijnaldum,3,1,4,0,0,90,16,2,0,2,14,4,1,2,0,0.13999999999999999,0.6,1.48,-14004,55,12,,,3
363,Deulofeu,3,15,3,0,0,90,8,3,0,2,4,3,1,1,0,0.27999999999999997,1.5,0.9,-44804,65,11,,,4
44,Murray,3,17,4,1,0,90,19,3,1,2,18,3,0,2,0,0.16,1.2,0.42000000000000004,-25933,60,4,,,4
277,Hanley,3,5,3,1,0,90,13,2,1,2,10,2,0,-2,0,0.145,0.4,2.46,9802,40,15,,,2
151,Sigurdsson,3,19,3,1,0,90,18,2,1,3,7,2,0,3,0,0.495,4.7,1.3199999999999998,-127019,80,7,,,3
180,Choudhury,3,20,3,0,0,90,6,4,0,2,20,3,1,3,0,0.29,1.8,1.6,829,45,8,,,3
338,Kane,3,4,3,0,0,90,11,5,0,2,2,2,1,13,0,0.945,9.9,6.459999999999999,130037,110,4,,,4
160,Maguire,3,6,4,0,0,90,20,3,0,2,6,4,1,6,0,0.45999999999999996,1.2,5.76,21308,55,20,,,2
347,Winks,3,4,3,0,0,90,11,5,0,1,2,2,1,2,0,0.255,0.1,2.02,-1391,55,10,,,3
340,Lloris,3,4,3,0,0,90,11,5,0,3,2,2,1,3,0,0.39,0.0,7.8,3695,55,28,,,1
222,Gündogan,3,3,3,1,0,90,17,4,1,2,19,3,0,1,0,0,0,0,0,55,16,,,3
271,Hayden,3,16,2,0,0,90,14,3,0,2,1,4,1,2,0,0.355,1.0,3.4200000000000004,-36118,45,11,,,3
381,Diop,3,8,3,0,0,90,4,3,0,2,11,3,1,0,0,0.24,1.1,2.58,-12961,45,14,,,2
102,Cork,3,14,3,0,0,90,1,4,0,2,16,2,1,3,0,0.25,2.8,1.86,-425,50,9,,,3
29,Grealish,3,7,2,1,0,90,3,3,1,6,17,5,0,2,0,0.82,1.1,6.1,-16984,60,26,,,3
293,O'Connell,3,18,2,1,0,90,7,2,1,6,3,2,0,2,0,0.495,5.5,3.8200000000000003,832,45,23,,,2
394,Wilshere,3,8,3,0,0,90,4,3,0,1,11,3,1,1,0,0.03,0.0,0.26,-3330,50,1,,,3
258,Lascelles,3,16,2,0,0,90,14,3,0,1,1,4,1,2,0,0.265,1.8,3.4,-38756,45,9,,,2
276,Lewis,3,5,3,1,0,90,13,2,1,6,10,2,0,0,0,0.0,0.0,0.0,-47,45,29,,,2
171,Maddison,3,20,3,0,0,90,6,4,0,5,20,3,1,3,0,0.775,2.9,2.44,39084,70,11,,,3
138,McArthur,3,2,2,0,0,90,15,3,0,2,8,2,1,3,0,0.22999999999999998,0.0,3.08,-13453,55,11,,,3
200,Milner,3,1,4,0,0,90,16,2,0,6,14,4,1,1,0,0.315,1.7,2.06,3735,55,18,,,3
84,Tarkowski,3,14,3,0,0,90,1,4,0,1,16,2,1,6,0,0.45999999999999996,6.2,2.96,-2306,50,7,,,2
321,Ward-Prowse,3,13,2,1,0,90,10,5,1,2,5,2,0,2,0,0.43,1.9,2.2,-4764,60,15,,,3
166,Vardy,3,20,3,0,0,90,6,4,0,2,20,3,1,2,0,0.125,1.4,0.6799999999999999,-62155,90,-3,,,4
304,Vestergaard,3,13,2,1,0,90,10,5,1,1,5,2,0,1,0,0.445,3.7,3.6399999999999997,-387,50,13,,,2
307,Bednarek,3,13,2,1,0,90,10,5,1,1,5,2,0,1,0,0.29500000000000004,1.0,3.72,-2120,45,10,,,2
386,Hernández Balcázar,3,8,3,0,0,90,4,3,0,8,11,3,1,1,0,0,0,0,0,60,29,,,4
451,Rodriguez,3,14,3,0,0,90,1,4,0,1,16,2,1,1,0,0.05,1.0,0.0,-3509,59,1,,,4
497,Gbamin,3,19,3,1,0,90,18,2,1,3,7,2,0,1,0,0.13,0.0,2.0,151,50,8,,,3
82,Lerma,3,11,5,0,0,90,2,2,0,2,15,2,1,2,0,0.18,0.9,2.2,-1355,50,11,,,3
241,Lingard,3,6,4,0,0,90,20,3,0,2,6,4,1,2,0,0.135,0.4,0.58,-5804,65,9,,,3
466,Apolinário de Lira,3,16,2,0,0,90,14,3,0,1,1,4,1,2,0,0,0,0,0,60,0,,,4
126,Ward,3,2,2,0,0,90,15,3,0,2,8,2,1,6,0,0.315,0.0,5.779999999999999,-17,45,15,,,1
96,Gudmundsson,3,14,3,0,0,90,1,4,0,2,16,2,1,9,0,0.9349999999999999,2.6,6.459999999999999,-7659,60,15,,,3
295,Egan,3,18,2,1,0,90,7,2,1,6,3,2,0,2,0,0.16999999999999998,0.2,3.1399999999999997,521,45,18,,,2
301,Fleck,3,18,2,1,0,90,7,2,1,1,3,2,0,1,0,0.275,0.1,1.0,-1646,50,3,,,3
297,Lundstram,3,18,2,1,0,90,7,2,1,14,3,2,0,3,0,0.645,2.5,5.82,347749,40,41,,,2
31,McGinn,3,7,2,1,0,90,3,3,1,2,17,5,0,7,0,0.8699999999999999,6.7,6.32,-15881,56,7,,,3
402,Castro Otto,3,9,3,1,0,90,12,4,1,2,9,2,0,5,0,0.335,2.3,2.96,-910,55,11,,,2
269,Shelvey,3,16,2,0,0,90,14,3,0,8,1,4,1,1,0,0.725,4.7,5.24,5560,50,31,,,3
162,Evans,3,20,3,0,0,90,6,4,0,3,20,3,1,7,0,0.27,0.9,4.38,11533,50,19,,,2
198,Henderson,3,1,4,0,0,90,16,2,0,1,14,4,1,2,0,0.31,4.1,1.22,-5407,55,3,,,1
148,Pickford,3,19,3,1,0,90,18,2,1,6,7,2,0,7,0,0.185,0.0,3.66,62027,55,26,,,1
118,Frello Filho,3,12,4,1,0,90,9,3,1,1,12,5,0,1,0,0.16499999999999998,0.9,1.44,-19521,50,3,,,3
490,Willock,3,10,5,1,0,90,5,3,1,2,13,5,0,3,0,0.385,2.8,1.86,-288,50,14,,,3
68,King,3,11,5,0,0,90,2,2,0,6,15,2,1,2,0,0.5549999999999999,5.0,4.5600000000000005,-117013,65,22,,,3
36,Peleteiro Romallo,3,7,2,1,0,90,3,3,1,1,17,5,0,1,0,0.145,0.7,0.96,-2453,60,4,,,3
353,Holebas,3,15,3,0,0,90,8,3,0,1,4,3,1,1,0,0.35,0.0,3.9,-26132,50,14,,,2
415,Santos Moutinho,3,9,3,1,0,90,12,4,1,8,9,2,0,3,0,0.635,0.0,5.779999999999999,7853,55,27,,,3
242,Mata,3,6,4,0,0,90,20,3,0,1,6,4,1,1,0,0.01,0.0,0.02,-3230,65,3,,,3
168,Schmeichel,3,20,3,0,0,90,6,4,0,3,20,3,1,6,0,0.265,0.0,5.24,6408,50,18,,,1
111,Arrizabalaga,3,12,4,1,0,90,9,3,1,2,12,5,0,0,0,0.15,0.0,3.0,-7630,55,18,,,1
215,De Bruyne,3,3,3,1,0,90,17,4,1,11,19,3,0,7,0,1.6350000000000002,6.5,9.7,362953,95,44,,,3
459,Zouma,3,12,4,1,0,90,9,3,1,2,12,5,0,-1,0,0.175,2.7,1.28,-7850,50,12,,,2
337,Walker-Peters,3,4,3,0,0,90,11,5,0,1,2,2,1,2,0,0.395,1.4,4.42,16661,50,12,,,2
203,Walker,3,3,3,1,0,90,17,4,1,1,19,3,0,8,0,0.625,2.4,4.68,20433,60,20,,,2
420,Dendoncker,3,9,3,1,0,90,12,4,1,2,9,2,0,3,0,0.365,3.1,1.7,-19855,45,4,,,3
42,Dunk,3,17,4,1,0,90,19,3,1,3,18,3,0,11,0,0.365,0.6,5.36,84514,45,21,,,2
141,Digne,3,19,3,1,0,90,18,2,1,11,7,2,0,6,0,0.6900000000000001,5.0,4.18,29156,60,36,,,2
345,Rodrigues Moura da Silva,3,4,3,0,0,90,11,5,0,6,2,2,1,5,0,0.985,9.8,5.96,11714,75,23,,,3
388,Fabianski,3,8,3,0,0,90,4,3,0,3,11,3,1,1,0,0.255,0.0,5.16,-12340,50,17,,,1
134,Milivojevic,3,2,2,0,0,90,15,3,0,2,8,2,1,2,0,0.27,0.8,1.02,-73297,70,7,,,3
441,Freeman,3,18,2,1,0,90,7,2,1,2,3,2,0,1,0,0.0,0.0,0.0,-968,55,2,,,3
226,Shaw,3,6,4,0,0,90,20,3,0,2,6,4,1,6,0,0.335,0.4,3.02,2700,55,19,,,2
465,Ibrahim Hassan,3,7,2,1,0,90,3,3,1,2,17,5,0,1,0,0.705,9.6,2.2800000000000002,-26217,55,0,,,3
391,Lanzini,3,8,3,0,0,90,4,3,0,8,11,3,1,2,0,0.64,2.8,4.4399999999999995,18263,65,34,,,3
285,Stiepermann,3,5,3,1,0,90,13,2,1,3,10,2,0,1,0,0.37,4.2,1.3199999999999998,-522,55,12,,,3
233,Rashford,3,6,4,0,0,90,20,3,0,6,6,4,1,13,0,0.9199999999999999,6.7,8.959999999999999,173174,86,22,,,4
174,Albrighton,3,20,3,0,0,90,6,4,0,1,20,3,1,1,0,0.205,1.1,0.45999999999999996,-1697,55,4,,,3
262,Dubravka,3,16,2,0,0,90,14,3,0,2,1,4,1,2,0,0.25,0.0,4.96,-4287,50,18,,,1
128,Kelly,3,2,2,0,0,90,15,3,0,2,8,2,1,6,0,0.0,0.0,0.0,-655,40,15,,,2
38,Montoya,3,17,4,1,0,90,19,3,1,2,18,3,0,6,0,0.375,0.4,3.2399999999999998,7874,45,11,,,2
234,Greenwood,3,6,4,0,0,90,20,3,0,1,6,4,1,1,0,0.11499999999999999,1.8,0.22000000000000003,-35589,45,5,,,4
463,Mount,3,12,4,1,0,90,9,3,1,10,12,5,0,2,0,1.2349999999999999,9.7,7.5200000000000005,196255,60,27,,,3
432,Kovacic,3,12,4,1,0,90,9,3,1,1,12,5,0,2,0,0.23500000000000001,0.0,2.0,-7621,55,4,,,3
47,Ryan,3,17,4,1,0,90,19,3,1,2,18,3,0,9,0,0.54,4.0,1.24,-286026,45,12,,,2
21,Guendouzi,3,10,5,1,0,90,5,3,1,2,13,5,0,3,0,0.39,1.7,4.2,-3790,45,15,,,3
85,Lowton,3,14,3,0,0,90,1,4,0,1,16,2,1,6,0,0.29500000000000004,0.3,2.44,1307,45,12,,,2
401,Doherty,3,9,3,1,0,90,12,4,1,1,9,2,0,6,0,0.015,0.0,0.0,-4442,60,3,,,2
251,Ritchie,3,16,2,0,0,90,14,3,0,1,1,4,1,2,0,0.5349999999999999,1.2,2.7800000000000002,-3329,55,12,,,2
274,Aarons,3,5,3,1,0,90,13,2,1,1,10,2,0,0,0,0.0,0.0,0.0,-362,45,7,,,2
136,Meyer,3,2,2,0,0,90,15,3,0,2,8,2,1,2,0,0.395,5.7,1.8199999999999998,-1299,55,8,,,3
143,Keane,3,19,3,1,0,90,18,2,1,6,7,2,0,8,0,0.27999999999999997,0.0,5.54,23555,55,27,,,2
389,Antonio,3,8,3,0,0,90,4,3,0,1,11,3,1,1,0,0.0,0.0,0.0,-430,70,0,,,3
266,Almirón,3,16,2,0,0,90,14,3,0,2,1,4,1,1,0,0,0,0,0,60,7,,,3
191,Salah,3,1,4,0,0,90,16,2,0,3,14,4,1,12,0,0.885,6.8,5.720000000000001,-265142,125,0,,,3
496,Kean,3,19,3,1,0,90,18,2,1,1,7,2,0,1,0,0.025,0.5,0.1,-100955,70,1,,,4
288,Leitner,3,5,3,1,0,90,13,2,1,2,10,2,0,0,0,0.225,0.8,1.8199999999999998,-684,45,22,,,3
349,Sissoko,3,4,3,0,0,90,11,5,0,2,2,2,1,5,0,0.49000000000000005,5.1,2.46,-1238,50,12,,,3
119,Kanté,3,12,4,1,0,90,9,3,1,2,12,5,0,0,0,0,0,0,0,50,8,,,3
6,Monreal,3,10,5,1,0,90,5,3,1,2,13,5,0,7,0,0.425,0.8,3.7399999999999998,-2493,50,18,,,2
59,Aké,3,11,5,0,0,90,2,2,0,1,15,2,1,2,0,0,0,0,0,50,8,,,2
320,Redmond,3,13,2,1,0,90,10,5,1,2,5,2,0,2,0,0.37,4.0,0.7,-12399,65,6,,,3
502,Maupay,3,17,4,1,0,90,19,3,1,1,18,3,0,6,0,0.1,1.4,0.02,-2674,60,-4,,,4
24,Taylor,3,7,2,1,0,90,3,3,1,1,17,5,0,1,0,0.395,2.4,3.72,-776,45,14,,,2
93,Pope,3,14,3,0,0,90,1,4,0,3,16,2,1,8,0,0.51,0.2,7.959999999999999,71828,45,24,,,1
488,Pépé,3,10,5,1,0,90,5,3,1,1,13,5,0,1,0,0,0,0,0,95,6,,,3
206,Zinchenko,3,3,3,1,0,90,17,4,1,1,19,3,0,6,0,0.45999999999999996,1.5,3.38,29526,55,16,,,2
501,McBurnie,3,18,2,1,0,90,7,2,1,1,3,2,0,1,0,0.135,1.7,0.6599999999999999,-1170,60,1,,,4
302,Norwood,3,18,2,1,0,90,7,2,1,3,3,2,0,2,0,0.63,0.8,3.46,-1309,50,17,,,3
352,Skipp,3,4,3,0,0,90,11,5,0,1,2,2,1,1,0,0.025,0.0,0.5,-1054,45,3,,,3
110,Giroud,3,12,4,1,0,90,9,3,1,2,12,5,0,1,0,0.335,2.1,1.24,-4884,70,11,,,4
328,Romeu Vidal,3,13,2,1,0,90,10,5,1,1,5,2,0,2,0,0.315,1.1,2.52,-3472,45,12,,,3
399,Fornals,3,8,3,0,0,90,4,3,0,2,11,3,1,1,0,0.09,0.3,1.1199999999999999,-8474,65,4,,,3
49,Groß,3,17,4,1,0,90,19,3,1,3,18,3,0,6,0,0,0,0,0,65,21,,,3
487,Cutrone,3,9,3,1,0,90,12,4,1,1,9,2,0,1,0,0.025,0.0,0.54,-11839,60,2,,,4
123,van Aanholt,3,2,2,0,0,90,15,3,0,2,8,2,1,6,0,0.22000000000000003,0.2,2.7199999999999998,-29878,55,8,,,2
255,Dummett,3,16,2,0,0,90,14,3,0,0,1,4,1,2,0,0.355,3.3,3.56,-1175,45,6,,,2
238,Pogba,3,6,4,0,0,90,20,3,0,0,6,4,1,9,0,0.795,3.3,5.96,-22929,85,4,,,3
114,Rodríguez Ledesma,3,12,4,1,0,90,9,3,1,2,12,5,0,2,0,0,0,0,0,70,8,,,3
476,Billing,3,11,5,0,0,90,2,2,0,0,15,2,1,2,0,0.315,1.1,2.62,-1428,50,0,,,3
11,Aubameyang,3,10,5,1,0,90,5,3,1,6,13,5,0,6,0,1.08,11.1,7.959999999999999,-161141,110,25,,,4
325,Højbjerg,3,13,2,1,0,90,10,5,1,2,5,2,0,1,0,0,0,0,0,50,10,,,3
214,Sterling,3,3,3,1,0,90,17,4,1,6,19,3,0,20,0,1.935,19.6,14.8,257538,121,20,,,3
409,Jiménez,3,9,3,1,0,90,12,4,1,2,9,2,0,2,0,0,0,0,0,75,6,,,4
489,Nelson,3,10,5,1,0,90,5,3,1,1,13,5,0,2,0,0.485,4.1,1.44,-1463,55,-1,,,3
159,Barbosa Pereira,3,20,3,0,0,90,6,4,0,2,20,3,1,9,0,0.44000000000000006,1.2,5.36,6160,60,11,,,2
150,de Andrade,3,19,3,1,0,90,18,2,1,3,7,2,0,3,0,0.47000000000000003,6.2,1.22,-69620,80,0,,,3
217,Mahrez,3,3,3,1,0,90,17,4,1,1,19,3,0,14,0,0.75,4.5,5.279999999999999,-23800,85,1,,,3
187,Firmino,3,1,4,0,0,90,16,2,0,8,14,4,1,5,0,0.905,9.8,6.1,19773,95,31,,,4
369,Pereyra,3,15,3,0,0,90,8,3,0,1,4,3,1,1,0,0.37,5.8,0.58,-37662,60,-1,,,3
393,Snodgrass,3,8,3,0,0,90,4,3,0,2,11,3,1,1,0,0.29500000000000004,2.1,1.64,-1060,55,7,,,3
443,Hernandez,3,3,3,1,0,90,17,4,1,2,19,3,0,3,0,0.35,0.7,3.56,-7412,55,16,,,3
411,dos Santos Patrício,3,9,3,1,0,90,12,4,1,9,9,2,0,6,0,0,0,0,0,50,25,,,1
404,Bennett,3,9,3,1,0,90,12,4,1,1,9,2,0,6,0,0.175,1.0,2.3600000000000003,-160,50,11,,,2
305,Bertrand,3,13,2,1,0,90,10,5,1,1,5,2,0,1,0,0.11499999999999999,0.9,0.6,-2794,50,6,,,2
75,Fraser,3,11,5,0,0,90,2,2,0,2,15,2,1,1,0,0.54,4.0,1.24,-286026,75,6,,,1
380,Fredericks,3,8,3,0,0,90,4,3,0,2,11,3,1,0,0,0.19,0.2,2.32,-226,45,9,,,2
414,da Silva Neves,3,9,3,1,0,90,12,4,1,7,9,2,0,2,0,0.385,0.7,5.7,22051,55,22,,,3
192,Mané,3,1,4,0,0,90,16,2,0,13,14,4,1,1,0,0,0,0,0,115,45,,,3
127,Dann,3,2,2,0,0,90,15,3,0,2,8,2,1,6,0,0.375,3.8,3.62,310,45,17,,,2
248,McTominay,3,6,4,0,0,90,20,3,0,2,6,4,1,3,0,0.185,1.4,1.8199999999999998,-2522,50,9,,,3
144,Coleman,3,19,3,1,0,90,18,2,1,5,7,2,0,6,0,0.27,2.2,2.7800000000000002,15173,55,16,,,2
270,Longstaff,3,16,2,0,0,90,14,3,0,3,1,4,1,2,0,0.18,0.0,2.2600000000000002,-4004,50,9,,,3
210,Agüero,3,3,3,1,0,90,17,4,1,6,19,3,0,5,0,0,0,0,0,120,27,,,4
37,Duffy,3,17,4,1,0,90,19,3,1,2,18,3,0,6,0,0.19,0.5,3.2,-4112,50,13,,,3
5,Papastathopoulos,3,10,5,1,0,90,5,3,1,2,13,5,0,8,0,0.29,0.2,4.42,-4497,50,20,,,2
55,March,3,17,4,1,0,90,19,3,1,2,18,3,0,3,0,0.45,2.1,3.56,-2929,50,13,,,3
58,Cook,3,11,5,0,0,90,2,2,0,2,15,2,1,2,0,0.23500000000000001,0.4,4.3,-516,50,11,,,3
460,Abraham,3,12,4,1,0,90,9,3,1,1,12,5,0,1,0,0.195,2.9,0.0,-24861,70,2,,,4
442,Ndombele,3,4,3,0,0,90,11,5,0,6,2,2,1,8,0,0.65,1.4,8.379999999999999,209051,60,31,,,3
278,Pukki,3,5,3,1,0,90,13,2,1,17,10,2,0,7,0,1.7,15.5,15.16,790887,66,83,,,4
280,Krul,3,5,3,1,0,90,13,2,1,2,10,2,0,1,0,0.27999999999999997,0.0,5.6,-594,45,15,,,1
331,Alderweireld,3,4,3,0,0,90,11,5,0,1,2,2,1,2,0,0.41500000000000004,0.8,4.86,-8066,55,16,,,2
287,Cantwell,3,5,3,1,0,90,13,2,1,10,10,2,0,2,0,0.99,4.3,6.220000000000001,203048,45,33,,,3
94,Heaton,3,7,2,1,0,90,3,3,1,1,17,5,0,2,0,0.18,0.0,3.6399999999999997,-18438,45,7,,,1
290,Trybull,3,5,3,1,0,90,13,2,1,3,10,2,0,2,0,0.22999999999999998,0.8,2.4,3982,45,19,,,3
182,Alexander-Arnold,3,1,4,0,0,90,16,2,0,1,14,4,1,5,0,0.635,1.6,4.54,-79652,70,7,,,2
362,Deeney,3,15,3,0,0,90,8,3,0,2,4,3,1,2,0,0.43499999999999994,4.6,1.6600000000000001,-20710,65,5,,,4
445,Mings,3,7,2,1,0,90,3,3,1,1,17,5,0,6,0,0.625,0.2,9.82,595,45,15,,,2
131,Guaita,3,2,2,0,0,90,15,3,0,2,8,2,1,6,0,0.19,0.0,3.7600000000000002,-2719,50,16,,,1
225,Lindelöf,3,6,4,0,0,90,20,3,0,2,6,4,1,5,0,0,0,0,0,55,14,,,2
183,van Dijk,3,1,4,0,0,90,16,2,0,2,14,4,1,8,0,0.54,2.3,8.32,-48167,65,16,,,2
428,Moraes,3,7,2,1,0,90,3,3,1,2,17,5,0,2,0,0.355,4.8,1.08,-7436,60,6,,,4
176,Ndidi,3,20,3,0,0,90,6,4,0,10,20,3,1,3,0,0.545,2.0,7.32,67156,50,27,,,3
133,Zaha,3,2,2,0,0,90,15,3,0,2,8,2,1,1,0,0.42000000000000004,6.0,0.9,-174959,70,0,,,3
405,Boly,3,9,3,1,0,90,12,4,1,2,9,2,0,9,0,0.225,0.4,4.0,24000,50,10,,,2
370,Hughes,3,15,3,0,0,90,8,3,0,2,4,3,1,2,0,0.16,1.2,1.0,-1243,55,10,,,3
306,Valery,3,13,2,1,0,90,10,5,1,1,5,2,0,1,0,0.44000000000000006,2.8,2.88,-817,50,14,,,2
142,Mina,3,19,3,1,0,90,18,2,1,7,7,2,0,9,0,0.205,0.0,3.9799999999999995,141521,55,29,,,2
448,Tielemans,3,20,3,0,0,90,6,4,0,2,20,3,1,3,0,0.58,5.9,1.8800000000000001,-33881,65,6,,,3
164,Söyüncü,3,20,3,0,0,90,6,4,0,2,20,3,1,6,0,0,0,0,0,45,15,,,2
