,PlayerID,Player,Round,Opponent,Opponent_FDR,isHome,Points,minutes,Opponent_PrevWeek,Opponent_FDR_PrevWeek,isHome_PrevWeek,Points_PrevWeek,Opponent_2PrevWeek,Opponent_FDR_2PrevWeek,isHome_2PrevWeek,Points_2PrevWeek,isCaptain,ICT_index,Threat,Influence,Transfers_Balance,Value,BPS,DefenseOdds,OffenceOdds,elementID,BlogScore
0,122,Wan-Bissaka,1,6,4,1,8,90,0,0,0,0,0,0,0,0,1,4.9,2.0,30.4,0,55,34,75.54,36.72,2,2.89
1,368,DoucourÃ©,1,4,2,1,0,90,0,0,0,0,0,0,0,0,0,3.0,2.0,4.4,0,60,7,64.39,29.55,3,0.0
2,417,TraorÃ©,1,9,3,0,0,0,0,0,0,0,0,0,0,0,0,0.0,0.0,0.0,0,50,0,37.16,15.15,3,0.75
3,195,Lallana,1,14,2,1,0,0,0,0,0,0,0,0,0,0,0,0.0,0.0,0.0,0,60,0,66.6,32.86,3,0.0
4,355,Masina,1,4,2,1,0,0,0,0,0,0,0,0,0,0,0,0.0,0.0,0.0,0,45,0,64.39,29.55,2,0.0
5,63,Smith,1,15,2,1,1,90,0,0,0,0,0,0,0,0,0,1.4,4.0,3.4,0,45,10,60.15,30.82,2,0.58
6,493,Webster,1,18,3,0,0,0,0,0,0,0,0,0,0,0,0,0.0,0.0,0.0,0,45,0,40.87,16.04,2,0.61
7,155,Lookman,1,7,2,0,0,0,0,0,0,0,0,0,0,0,0,0.0,0.0,0.0,0,50,0,51.82,25.82,3,0.0
8,356,Mariappa,1,4,2,1,0,0,0,0,0,0,0,0,0,0,0,0.0,0.0,0.0,0,45,0,64.39,29.55,2,0.0
9,526,San Miguel del Castillo,1,14,2,1,1,51,0,0,0,0,0,0,0,0,0,1.1,0.0,10.6,0,45,7,66.6,32.86,1,0.0
10,22,El Mohamady,1,17,5,0,1,90,0,0,0,0,0,0,0,0,0,1.4,0.0,13.4,0,45,10,22.17,6.88,2,0.0
11,4,Maitland-Niles,1,13,3,0,12,90,0,0,0,0,0,0,0,0,1,5.1,0.0,38.4,0,50,38,46.5,20.47,2,5.23
12,514,Ajeti,1,11,5,1,0,0,0,0,0,0,0,0,0,0,0,0.0,0.0,0.0,0,60,0,87.94,41.88,4,0.0
13,289,Tettey,1,10,5,0,0,0,0,0,0,0,0,0,0,0,0,0.0,0.0,0.0,0,45,0,80.79,38.31,3,1.6800000000000002
14,387,Costa Silva,1,11,5,1,0,0,0,0,0,0,0,0,0,0,0,0.0,0.0,0.0,0,45,0,87.94,41.88,4,0.0
15,12,Lacazette,1,13,3,0,0,0,0,0,0,0,0,0,0,0,0,0.0,0.0,0.0,0,95,0,46.5,20.47,4,2.06
16,240,SÃ¡nchez,1,6,4,1,0,0,0,0,0,0,0,0,0,0,0,0.0,0.0,0.0,0,70,0,75.54,36.72,3,0.0
17,17,Iwobi,1,7,2,0,0,0,0,0,0,0,0,0,0,0,0,0.0,0.0,0.0,0,60,0,51.82,25.82,3,0.0
18,318,McCarthy,1,5,3,0,0,0,0,0,0,0,0,0,0,0,0,0.0,0.0,0.0,0,45,0,20.09,7.84,1,0.0
19,193,Oxlade-Chamberlain,1,14,2,1,0,0,0,0,0,0,0,0,0,0,0,0.0,0.0,0.0,0,65,0,66.6,32.86,3,0.0
20,50,Jahanbakhsh,1,18,3,0,0,0,0,0,0,0,0,0,0,0,0,0.0,0.0,0.0,0,60,0,40.87,16.04,3,0.0
21,189,Ramses Becker,1,14,2,1,1,38,0,0,0,0,0,0,0,0,0,0.6,0.0,5.6,0,60,7,66.6,32.86,1,0.58
22,500,Saint-Maximin,1,1,4,1,1,23,0,0,0,0,0,0,0,0,0,0.0,0.0,0.0,0,55,2,88.62,47.41,3,0.72
23,108,Christensen,1,12,4,0,0,90,0,0,0,0,0,0,0,0,0,2.7,2.0,23.2,0,50,16,59.72,31.11,2,0.0
24,246,Pereira,1,6,4,1,6,73,0,0,0,0,0,0,0,0,1,4.6,4.0,22.0,0,50,22,75.54,36.72,3,0.0
25,181,Robertson,1,14,2,1,2,90,0,0,0,0,0,0,0,0,0,4.4,7.0,12.4,0,70,15,66.6,32.86,2,10.16
26,80,Surman,1,15,2,1,0,0,0,0,0,0,0,0,0,0,0,0.0,0.0,0.0,0,50,0,60.15,30.82,3,0.0
27,364,Gray,1,4,2,1,2,74,0,0,0,0,0,0,0,0,0,2.1,17.0,1.4,0,60,3,64.39,29.55,4,0.0
28,32,Green,1,17,5,0,0,0,0,0,0,0,0,0,0,0,0,0.0,0.0,0.0,0,50,0,22.17,6.88,3,0.0
29,392,Yarmolenko,1,11,5,1,0,0,0,0,0,0,0,0,0,0,0,0.0,0.0,0.0,0,60,0,87.94,41.88,3,0.71
30,135,Townsend,1,8,3,1,3,90,0,0,0,0,0,0,0,0,0,2.2,0.0,10.0,0,60,14,73.03,32.96,3,0.0
31,422,Tavares Gomes,1,7,2,0,1,45,0,0,0,0,0,0,0,0,0,1.9,0.0,7.6,0,55,6,51.82,25.82,3,0.0
32,520,Carroll,1,1,4,1,0,0,0,0,0,0,0,0,0,0,0,0.0,0.0,0.0,0,55,0,88.62,47.41,4,0.0
33,480,King,1,20,3,1,0,0,0,0,0,0,0,0,0,0,0,0.0,0.0,0.0,0,45,0,51.39,26.11,3,0.0
34,377,Ogbonna,1,11,5,1,0,0,0,0,0,0,0,0,0,0,0,0.0,0.0,0.0,0,45,0,87.94,41.88,2,0.0
35,245,Gomes,1,6,4,1,0,0,0,0,0,0,0,0,0,0,0,0.0,0.0,0.0,0,50,0,75.54,36.72,1,0.49
36,319,Gunn,1,5,3,0,1,90,0,0,0,0,0,0,0,0,0,1.0,0.0,9.8,0,45,10,20.09,7.84,1,2.36
37,52,Knockaert,1,18,3,0,0,0,0,0,0,0,0,0,0,0,0,0.0,0.0,0.0,0,55,0,40.87,16.04,3,0.0
38,239,Martial,1,6,4,1,7,90,0,0,0,0,0,0,0,0,1,13.0,71.0,39.2,0,75,19,75.54,36.72,3,1.76
39,104,RÃ¼diger,1,12,4,0,0,0,0,0,0,0,0,0,0,0,0,0.0,0.0,0.0,0,60,0,59.72,31.11,2,3.34
40,30,El Ghazi,1,17,5,0,2,90,0,0,0,0,0,0,0,0,0,1.5,8.0,1.4,0,55,0,22.17,6.88,3,0.68
41,492,Danjuma Groeneveld,1,15,2,1,0,0,0,0,0,0,0,0,0,0,0,0.0,0.0,0.0,0,60,0,60.15,30.82,3,0.64
42,378,Masuaku,1,11,5,1,0,0,0,0,0,0,0,0,0,0,0,0.0,0.0,0.0,0,45,0,87.94,41.88,2,0.0
43,73,Boruc,1,15,2,1,0,0,0,0,0,0,0,0,0,0,0,0.0,0.0,0.0,0,45,0,60.15,30.82,1,0.0
44,90,Barnes,1,16,2,1,13,83,0,0,0,0,0,0,0,0,1,16.2,89.0,71.4,0,65,58,30.72,11.04,3,4.23
45,101,Westwood,1,16,2,1,3,90,0,0,0,0,0,0,0,0,0,1.8,0.0,6.4,0,55,7,30.72,11.04,3,0.0
46,224,Young,1,6,4,1,0,0,0,0,0,0,0,0,0,0,0,0.0,0.0,0.0,0,55,0,75.54,36.72,2,0.0
47,72,Begovic,1,15,2,1,0,0,0,0,0,0,0,0,0,0,0,0.0,0.0,0.0,0,45,0,60.15,30.82,1,0.0
48,481,Tuanzebe,1,6,4,1,0,0,0,0,0,0,0,0,0,0,0,0.0,0.0,0.0,0,45,0,75.54,36.72,2,0.0
49,202,Laporte,1,19,3,0,6,90,0,0,0,0,0,0,0,0,1,2.0,0.0,19.2,0,65,26,49.63,21.22,2,4.77
50,265,PÃ©rez,1,20,3,1,3,75,0,0,0,0,0,0,0,0,0,1.8,12.0,2.0,0,65,7,51.39,26.11,3,0.0
51,495,Peacock-Farrell,1,16,2,1,0,0,0,0,0,0,0,0,0,0,0,0.0,0.0,0.0,0,45,0,30.72,11.04,1,0.0
52,344,Alli,1,2,2,1,0,0,0,0,0,0,0,0,0,0,0,0.0,0.0,0.0,0,85,0,64.33,26.21,3,1.75
53,161,Chilwell,1,20,3,1,6,90,0,0,0,0,0,0,0,0,1,3.1,9.0,5.4,0,55,23,51.39,26.11,2,0.0
54,204,Mendy,1,19,3,0,0,0,0,0,0,0,0,0,0,0,0,0.0,0.0,0.0,0,60,0,49.63,21.22,2,0.0
55,329,Davies,1,2,2,1,0,0,0,0,0,0,0,0,0,0,0,0.0,0.0,0.0,0,55,0,64.33,26.21,2,0.0
56,366,Foster,1,4,2,1,1,90,0,0,0,0,0,0,0,0,0,1.0,0.0,10.0,0,50,9,64.39,29.55,1,0.0
57,89,Gibson,1,16,2,1,0,0,0,0,0,0,0,0,0,0,0,0.0,0.0,0.0,0,40,0,30.72,11.04,2,0.0
58,273,Godfrey,1,10,5,0,0,90,0,0,0,0,0,0,0,0,0,3.1,7.0,23.8,0,45,18,80.79,38.31,2,0.0
59,384,Johnson,1,11,5,1,0,0,0,0,0,0,0,0,0,0,0,0.0,0.0,0.0,0,40,0,87.94,41.88,2,0.0
60,83,Mee,1,16,2,1,6,90,0,0,0,0,0,0,0,0,1,2.3,2.0,21.2,0,50,27,30.72,11.04,2,0.0
61,472,Osborn,1,3,3,0,0,0,0,0,0,0,0,0,0,0,0,0.0,0.0,0.0,0,50,0,51.08,19.78,3,0.48
62,56,Kayal,1,18,3,0,0,0,0,0,0,0,0,0,0,0,0,0.0,0.0,0.0,0,45,0,40.87,16.04,3,0.0
63,218,Veiga de Carvalho e Silva,1,19,3,0,0,0,0,0,0,0,0,0,0,0,0,0.0,0.0,0.0,0,80,0,49.63,21.22,3,0.0
64,39,Fernandes da Silva Junior,1,18,3,0,1,1,0,0,0,0,0,0,0,0,0,0.0,0.0,0.0,0,45,3,40.87,16.04,2,1.59
65,152,AnÃ­cio Caldeira Duarte,1,7,2,0,2,90,0,0,0,0,0,0,0,0,0,3.6,10.0,6.8,0,65,4,51.82,25.82,3,0.0
66,14,Leno,1,13,3,0,7,90,0,0,0,0,0,0,0,0,1,1.8,0.0,18.0,0,50,27,46.5,20.47,1,0.0
67,298,Sharp,1,3,3,0,8,8,0,0,0,0,0,0,0,0,1,6.8,35.0,32.4,0,60,26,51.08,19.78,4,3.3
68,33,Bjarnason,1,17,5,0,0,0,0,0,0,0,0,0,0,0,0,0.0,0.0,0.0,0,45,0,22.17,6.88,3,0.0
69,455,Engels,1,17,5,0,1,90,0,0,0,0,0,0,0,0,0,2.8,0.0,27.8,0,45,12,22.17,6.88,2,0.0
70,116,Hudson-Odoi,1,12,4,0,0,0,0,0,0,0,0,0,0,0,0,0.0,0.0,0.0,0,60,0,59.72,31.11,3,0.0
71,453,Robinson,1,3,3,0,2,90,0,0,0,0,0,0,0,0,0,3.5,29.0,4.6,0,55,2,51.08,19.78,3,1.96
72,327,Slattery,1,5,3,0,0,0,0,0,0,0,0,0,0,0,0,0.0,0.0,0.0,0,45,0,20.09,7.84,3,0.0
73,67,Wilson,1,15,2,1,5,89,0,0,0,0,0,0,0,0,0,4.0,35.0,2.4,0,80,10,60.15,30.82,3,8.25
74,467,Chambers,1,13,3,0,6,90,0,0,0,0,0,0,0,0,1,1.3,0.0,13.0,0,45,26,46.5,20.47,2,0.0
75,9,Jenkinson,1,13,3,0,0,0,0,0,0,0,0,0,0,0,0,0.0,0.0,0.0,0,45,0,46.5,20.47,2,0.0
76,146,Tosun,1,7,2,0,0,0,0,0,0,0,0,0,0,0,0,0.0,0.0,0.0,0,60,0,51.82,25.82,4,0.0
77,312,Austin,1,5,3,0,0,0,0,0,0,0,0,0,0,0,0,0.0,0.0,0.0,0,60,0,20.09,7.84,4,0.0
78,60,Daniels,1,15,2,1,0,0,0,0,0,0,0,0,0,0,0,0.0,0.0,0.0,0,45,0,60.15,30.82,2,0.0
79,87,Taylor,1,16,2,1,0,0,0,0,0,0,0,0,0,0,0,0.0,0.0,0.0,0,45,0,30.72,11.04,2,0.0
80,139,KouyatÃ©,1,8,3,1,0,0,0,0,0,0,0,0,0,0,0,0.0,0.0,0.0,0,50,0,73.03,32.96,3,0.0
81,437,Adams,1,5,3,0,2,72,0,0,0,0,0,0,0,0,0,1.6,21.0,0.0,0,60,-5,20.09,7.84,4,5.2700000000000005
82,267,Atsu,1,1,4,1,0,0,0,0,0,0,0,0,0,0,0,0.0,0.0,0.0,0,55,0,88.62,47.41,3,0.0
83,129,Benteke,1,8,3,1,2,82,0,0,0,0,0,0,0,0,0,2.7,2.0,9.6,0,60,9,73.03,32.96,4,0.0
84,343,Eriksen,1,2,2,1,1,26,0,0,0,0,0,0,0,0,0,7.1,18.0,12.6,0,90,10,64.33,26.21,3,0.75
85,163,Fuchs,1,20,3,1,0,0,0,0,0,0,0,0,0,0,0,0.0,0.0,0.0,0,45,0,51.39,26.11,2,0.0
86,354,Kabasele,1,4,2,1,0,0,0,0,0,0,0,0,0,0,0,0.0,0.0,0.0,0,45,0,64.39,29.55,2,0.77
87,431,Pulisic,1,12,4,0,1,32,0,0,0,0,0,0,0,0,0,2.6,8.0,6.0,0,75,4,59.72,31.11,3,0.61
88,275,Zimmermann,1,10,5,0,0,0,0,0,0,0,0,0,0,0,0,0.0,0.0,0.0,0,45,0,80.79,38.31,2,1.56
89,423,Basham,1,3,3,0,2,81,0,0,0,0,0,0,0,0,0,1.3,2.0,9.6,0,45,9,51.08,19.78,2,0.0
90,61,Mepham,1,15,2,1,10,90,0,0,0,0,0,0,0,0,1,11.7,68.0,47.4,0,45,24,60.15,30.82,2,0.34
91,223,Smalling,1,6,4,1,0,0,0,0,0,0,0,0,0,0,0,0.0,0.0,0.0,0,55,0,75.54,36.72,2,0.0
92,91,Wood,1,16,2,1,2,90,0,0,0,0,0,0,0,0,0,0.8,8.0,0.0,0,65,-1,30.72,11.04,4,0.0
93,259,Clark,1,1,4,1,0,0,0,0,0,0,0,0,0,0,0,0.0,0.0,0.0,0,45,0,88.62,47.41,2,0.0
94,213,Bravo,1,19,3,0,0,0,0,0,0,0,0,0,0,0,0,0.0,0.0,0.0,0,50,0,49.63,21.22,1,0.0
95,130,Wickham,1,8,3,1,1,7,0,0,0,0,0,0,0,0,0,0.2,2.0,0.0,0,45,1,73.03,32.96,4,0.7
96,403,Coady,1,9,3,0,6,90,0,0,0,0,0,0,0,0,1,1.0,0.0,10.0,0,50,20,37.16,15.15,2,0.0
97,28,Hourihane,1,17,5,0,2,81,0,0,0,0,0,0,0,0,0,2.7,0.0,16.4,0,60,12,22.17,6.88,3,0.0
98,358,Cathcart,1,4,2,1,1,90,0,0,0,0,0,0,0,0,0,1.1,0.0,10.4,0,45,10,64.39,29.55,2,0.0
99,439,Dawson,1,4,2,1,1,90,0,0,0,0,0,0,0,0,0,5.9,37.0,21.2,0,50,13,64.39,29.55,2,0.75
100,486,Soares,1,5,3,0,0,0,0,0,0,0,0,0,0,0,0,0.0,0.0,0.0,0,50,0,20.09,7.84,2,0.0
101,105,Azpilicueta,1,12,4,0,0,90,0,0,0,0,0,0,0,0,0,4.3,2.0,24.2,0,60,9,59.72,31.11,2,0.0
102,57,Stephens,1,18,3,0,3,90,0,0,0,0,0,0,0,0,0,2.6,0.0,15.0,0,45,11,40.87,16.04,2,0.71
103,178,Amartey,1,20,3,1,0,0,0,0,0,0,0,0,0,0,0,0.0,0.0,0.0,0,45,0,51.39,26.11,3,0.0
104,469,Ceballos FernÃ¡ndez,1,13,3,0,1,26,0,0,0,0,0,0,0,0,0,0.6,0.0,3.0,0,55,3,46.5,20.47,3,2.27
105,120,Drinkwater,1,16,2,1,0,0,0,0,0,0,0,0,0,0,0,0.0,0.0,0.0,0,45,0,30.72,11.04,3,0.0
106,243,James,1,6,4,1,6,16,0,0,0,0,0,0,0,0,1,5.1,17.0,33.0,0,60,21,75.54,36.72,3,0.0
107,209,da Silva,1,19,3,0,0,0,0,0,0,0,0,0,0,0,0,0.0,0.0,0.0,0,50,0,49.63,21.22,2,0.0
108,313,Ings,1,5,3,0,2,65,0,0,0,0,0,0,0,0,0,1.6,0.0,4.8,0,60,8,20.09,7.84,4,0.0
109,332,Rose,1,2,2,1,2,90,0,0,0,0,0,0,0,0,0,7.0,2.0,15.2,0,55,13,64.33,26.21,2,0.0
110,170,Ward,1,20,3,1,0,0,0,0,0,0,0,0,0,0,0,0.0,0.0,0.0,0,45,0,51.39,26.11,1,0.0
111,512,Welbeck,1,4,2,1,0,0,0,0,0,0,0,0,0,0,0,0.0,0.0,0.0,0,60,0,64.39,29.55,4,0.0
112,475,Burn,1,18,3,0,6,90,0,0,0,0,0,0,0,0,1,1.5,1.0,12.8,0,45,23,40.87,16.04,2,11.810000000000002
113,81,Gosling,1,15,2,1,0,0,0,0,0,0,0,0,0,0,0,0.0,0.0,0.0,0,50,0,60.15,30.82,3,0.78
114,359,Janmaat,1,4,2,1,0,0,0,0,0,0,0,0,0,0,0,0.0,0.0,0.0,0,45,0,64.39,29.55,2,0.0
115,109,Zappacosta,1,12,4,0,0,0,0,0,0,0,0,0,0,0,0,0.0,0.0,0.0,0,45,0,59.72,31.11,2,0.0
116,76,Brooks,1,15,2,1,0,0,0,0,0,0,0,0,0,0,0,0.0,0.0,0.0,0,65,0,60.15,30.82,3,0.74
117,48,Button,1,18,3,0,0,0,0,0,0,0,0,0,0,0,0,0.0,0.0,0.0,0,40,0,40.87,16.04,1,0.77
118,235,de Gea,1,6,4,1,10,90,0,0,0,0,0,0,0,0,1,4.3,0.0,43.2,0,55,34,75.54,36.72,1,3.54
119,106,Luiz Moreira Marinho,1,13,3,0,0,0,0,0,0,0,0,0,0,0,0,0.0,0.0,0.0,0,60,0,46.5,20.47,2,1.78
120,303,McGoldrick,1,3,3,0,2,62,0,0,0,0,0,0,0,0,0,1.5,8.0,2.0,0,55,0,51.08,19.78,4,1.69
121,219,Silva,1,19,3,0,3,79,0,0,0,0,0,0,0,0,0,5.7,17.0,7.2,0,75,11,49.63,21.22,3,2.49
122,333,SÃ¡nchez,1,2,2,1,2,90,0,0,0,0,0,0,0,0,0,4.8,21.0,15.2,0,55,14,64.33,26.21,3,0.0
123,54,PrÃ¶pper,1,18,3,0,6,90,0,0,0,0,0,0,0,0,1,4.8,1.0,30.8,0,50,26,40.87,16.04,3,0.0
124,253,Yedlin,1,1,4,1,0,0,0,0,0,0,0,0,0,0,0,0.0,0.0,0.0,0,45,0,88.62,47.41,2,0.61
125,471,Henderson,1,3,3,0,2,90,0,0,0,0,0,0,0,0,0,1.4,0.0,13.6,0,45,12,51.08,19.78,1,0.0
126,395,Rice,1,11,5,1,2,90,0,0,0,0,0,0,0,0,0,1.8,0.0,16.0,0,50,15,87.94,41.88,3,0.0
127,186,Lovren,1,14,2,1,0,0,0,0,0,0,0,0,0,0,0,0.0,0.0,0.0,0,55,0,66.6,32.86,2,1.62
128,175,Gray,1,20,3,1,0,0,0,0,0,0,0,0,0,0,0,0.0,0.0,0.0,0,55,0,51.39,26.11,4,0.0
129,517,Praet,1,20,3,1,0,0,0,0,0,0,0,0,0,0,0,0.0,0.0,0.0,0,55,0,51.39,26.11,3,0.0
130,279,Srbeny,1,10,5,0,0,0,0,0,0,0,0,0,0,0,0,0.0,0.0,0.0,0,55,0,80.79,38.31,4,0.0
131,65,Rico,1,15,2,1,2,90,0,0,0,0,0,0,0,0,0,4.1,3.0,21.0,0,40,13,60.15,30.82,2,0.54
132,410,Jota,1,9,3,0,2,75,0,0,0,0,0,0,0,0,0,3.9,25.0,1.6,0,65,4,37.16,15.15,4,4.73
133,188,Origi,1,14,2,1,12,73,0,0,0,0,0,0,0,0,1,9.3,21.0,45.4,0,55,46,66.6,32.86,4,3.5700000000000003
134,511,SidibÃ©,1,7,2,0,0,0,0,0,0,0,0,0,0,0,0,0.0,0.0,0.0,0,55,0,51.82,25.82,2,0.0
135,375,Quina,1,4,2,1,0,0,0,0,0,0,0,0,0,0,0,0.0,0.0,0.0,0,45,0,64.39,29.55,3,0.0
136,147,Calvert-Lewin,1,7,2,0,2,68,0,0,0,0,0,0,0,0,0,1.9,6.0,1.4,0,60,5,51.82,25.82,4,1.74
137,69,Solanke,1,15,2,1,1,1,0,0,0,0,0,0,0,0,0,0.0,0.0,0.0,0,55,3,60.15,30.82,4,0.0
138,470,Soares de Paulo,1,17,5,0,1,8,0,0,0,0,0,0,0,0,0,2.2,0.0,11.6,0,45,3,22.17,6.88,3,1.31
139,97,McNeil,1,16,2,1,3,83,0,0,0,0,0,0,0,0,0,2.1,0.0,15.8,0,60,15,30.72,11.04,3,1.56
140,212,Santana de Moraes,1,19,3,0,7,90,0,0,0,0,0,0,0,0,1,2.9,0.0,28.8,0,60,26,49.63,21.22,1,3.27
141,13,Nketiah,1,13,3,0,0,0,0,0,0,0,0,0,0,0,0,0.0,0.0,0.0,0,45,0,46.5,20.47,4,0.0
142,169,Jakupovic,1,20,3,1,0,0,0,0,0,0,0,0,0,0,0,0.0,0.0,0.0,0,45,0,51.39,26.11,1,0.0
143,107,Palmieri dos Santos,1,12,4,0,0,90,0,0,0,0,0,0,0,0,0,8.8,45.0,23.2,0,55,8,59.72,31.11,2,1.79
144,283,BuendÃ­a,1,10,5,0,4,90,0,0,0,0,0,0,0,0,0,9.9,24.0,34.2,0,60,16,80.79,38.31,3,1.55
145,427,MartÃ­nez,1,13,3,0,0,0,0,0,0,0,0,0,0,0,0,0.0,0.0,0.0,0,45,0,46.5,20.47,1,0.0
146,519,Krafth,1,1,4,1,0,0,0,0,0,0,0,0,0,0,0,0.0,0.0,0.0,0,45,0,88.62,47.41,2,0.0
147,291,Stevens,1,3,3,0,2,90,0,0,0,0,0,0,0,0,0,1.5,2.0,10.2,0,50,11,51.08,19.78,2,0.0
148,228,Bailly,1,6,4,1,0,0,0,0,0,0,0,0,0,0,0,0.0,0.0,0.0,0,50,0,75.54,36.72,2,0.63
149,350,Dier,1,2,2,1,0,0,0,0,0,0,0,0,0,0,0,0.0,0.0,0.0,0,50,0,64.33,26.21,3,1.46
150,346,Lamela,1,2,2,1,1,87,0,0,0,0,0,0,0,0,0,8.9,39.0,11.6,0,60,15,64.33,26.21,3,1.45
151,447,Pieters,1,16,2,1,14,90,0,0,0,0,0,0,0,0,1,8.3,1.0,56.8,0,45,43,30.72,11.04,2,1.26
152,121,Ampadu,1,12,4,0,0,0,0,0,0,0,0,0,0,0,0,0.0,0.0,0.0,0,45,0,59.72,31.11,3,0.0
153,373,Capoue,1,4,2,1,2,90,0,0,0,0,0,0,0,0,0,1.3,1.0,9.2,0,50,7,64.39,29.55,3,0.0
154,452,Konsa Ngoyo,1,17,5,0,0,0,0,0,0,0,0,0,0,0,0,0.0,0.0,0.0,0,45,0,22.17,6.88,2,0.65
155,205,Delph,1,7,2,0,0,0,0,0,0,0,0,0,0,0,0,0.0,0.0,0.0,0,55,0,51.82,25.82,2,1.66
156,252,SchÃ¤r,1,1,4,1,2,90,0,0,0,0,0,0,0,0,0,3.0,5.0,23.4,0,50,12,88.62,47.41,2,0.0
157,197,Tavares,1,14,2,1,2,90,0,0,0,0,0,0,0,0,0,4.4,7.0,25.6,0,55,18,66.6,32.86,3,0.0
158,382,Balbuena,1,11,5,1,-1,90,0,0,0,0,0,0,0,0,0,0.6,0.0,5.6,0,45,6,87.94,41.88,2,0.0
159,254,FernÃ¡ndez,1,1,4,1,0,0,0,0,0,0,0,0,0,0,0,0.0,0.0,0.0,0,45,0,88.62,47.41,2,0.0
160,390,Pereira Gomes,1,11,5,1,1,65,0,0,0,0,0,0,0,0,0,0.5,0.0,3.8,0,70,0,87.94,41.88,3,0.0
161,221,Luiz Rosa,1,19,3,0,0,0,0,0,0,0,0,0,0,0,0,0.0,0.0,0.0,0,55,0,49.63,21.22,3,0.0
162,529,Tomori,1,12,4,0,0,0,0,0,0,0,0,0,0,0,0,0.0,0.0,0.0,0,45,0,59.72,31.11,2,0.0
163,257,Lejeune,1,1,4,1,0,0,0,0,0,0,0,0,0,0,0,0.0,0.0,0.0,0,45,0,88.62,47.41,2,0.6
164,46,Andone,1,18,3,0,6,26,0,0,0,0,0,0,0,0,1,5.8,17.0,40.0,0,50,27,40.87,16.04,4,0.0
165,357,FemenÃ­a Far,1,4,2,1,1,90,0,0,0,0,0,0,0,0,0,5.9,7.0,17.2,0,45,16,64.39,29.55,2,0.0
166,317,Forster,1,5,3,0,0,0,0,0,0,0,0,0,0,0,0,0.0,0.0,0.0,0,45,0,20.09,7.84,1,0.0
167,264,Woodman,1,1,4,1,0,0,0,0,0,0,0,0,0,0,0,0.0,0.0,0.0,0,40,0,88.62,47.41,1,0.0
168,244,Rodrigues de Paula Santos,1,6,4,1,0,0,0,0,0,0,0,0,0,0,0,0.0,0.0,0.0,0,55,0,75.54,36.72,3,0.0
169,458,Guilbert,1,17,5,0,0,0,0,0,0,0,0,0,0,0,0,0.0,0.0,0.0,0,45,0,22.17,6.88,2,0.66
170,211,de Jesus,1,19,3,0,6,68,0,0,0,0,0,0,0,0,1,8.0,42.0,33.4,0,95,31,49.63,21.22,4,1.77
171,504,Martinelli Silva,1,13,3,0,1,6,0,0,0,0,0,0,0,0,0,0.0,0.0,0.0,0,45,2,46.5,20.47,4,0.0
172,503,Cahill,1,8,3,1,0,0,0,0,0,0,0,0,0,0,0,0.0,0.0,0.0,0,45,0,73.03,32.96,2,0.0
173,41,Bong,1,18,3,0,0,0,0,0,0,0,0,0,0,0,0,0.0,0.0,0.0,0,45,0,40.87,16.04,2,0.0
174,527,Nkoudou,1,2,2,1,1,2,0,0,0,0,0,0,0,0,0,1.8,18.0,0.0,0,50,3,64.33,26.21,3,0.0
175,294,Baldock,1,3,3,0,2,90,0,0,0,0,0,0,0,0,0,0.7,3.0,0.4,0,45,1,51.08,19.78,2,0.0
176,199,Wijnaldum,1,14,2,1,2,90,0,0,0,0,0,0,0,0,0,1.1,2.0,3.8,0,55,11,66.6,32.86,3,0.0
177,363,Deulofeu,1,4,2,1,1,45,0,0,0,0,0,0,0,0,0,0.6,3.0,0.0,0,65,1,64.39,29.55,4,3.84
178,523,Lo Celso,1,2,2,1,0,0,0,0,0,0,0,0,0,0,0,0.0,0.0,0.0,0,75,0,64.33,26.21,3,0.51
179,44,Murray,1,18,3,0,2,63,0,0,0,0,0,0,0,0,0,1.1,4.0,4.2,0,60,0,40.87,16.04,4,1.73
180,398,Diangana,1,11,5,1,0,0,0,0,0,0,0,0,0,0,0,0.0,0.0,0.0,0,45,0,87.94,41.88,3,0.0
181,18,Xhaka,1,13,3,0,2,90,0,0,0,0,0,0,0,0,0,4.5,5.0,15.8,0,55,11,46.5,20.47,3,0.54
182,277,Hanley,1,10,5,0,-2,90,0,0,0,0,0,0,0,0,0,0.9,0.0,8.6,0,40,2,80.79,38.31,2,1.22
183,151,Sigurdsson,1,7,2,0,3,78,0,0,0,0,0,0,0,0,0,5.5,37.0,4.8,0,80,3,51.82,25.82,3,4.59
184,180,Choudhury,1,20,3,1,3,60,0,0,0,0,0,0,0,0,0,3.1,8.0,10.6,0,45,15,51.39,26.11,3,0.47
185,338,Kane,1,2,2,1,13,90,0,0,0,0,0,0,0,0,1,18.3,95.0,64.2,0,110,50,64.33,26.21,4,15.329999999999998
186,160,Maguire,1,6,4,1,6,90,0,0,0,0,0,0,0,0,1,5.4,8.0,34.8,0,55,29,75.54,36.72,2,1.63
187,505,Wilson,1,15,2,1,0,0,0,0,0,0,0,0,0,0,0,0.0,0.0,0.0,0,60,0,60.15,30.82,3,0.0
188,347,Winks,1,2,2,1,2,63,0,0,0,0,0,0,0,0,0,4.1,1.0,10.8,0,55,14,64.33,26.21,3,0.0
189,172,Barnes,1,20,3,1,1,29,0,0,0,0,0,0,0,0,0,1.9,11.0,5.6,0,60,3,51.39,26.11,3,0.0
190,16,Mkhitaryan,1,13,3,0,2,83,0,0,0,0,0,0,0,0,0,4.2,22.0,0.2,0,70,0,46.5,20.47,3,0.0
191,35,Lansbury,1,17,5,0,0,0,0,0,0,0,0,0,0,0,0,0.0,0.0,0.0,0,45,0,22.17,6.88,3,0.0
192,342,Son,1,2,2,1,0,0,0,0,0,0,0,0,0,0,0,0.0,0.0,0.0,0,95,0,64.33,26.21,3,0.78
193,513,Gomes,1,4,2,1,0,0,0,0,0,0,0,0,0,0,0,0.0,0.0,0.0,0,45,0,64.39,29.55,1,0.0
194,340,Lloris,1,2,2,1,3,90,0,0,0,0,0,0,0,0,0,2.1,0.0,21.4,0,55,13,64.33,26.21,1,1.79
195,2,BellerÃ­n,1,13,3,0,0,0,0,0,0,0,0,0,0,0,0,0.0,0.0,0.0,0,55,0,46.5,20.47,2,0.66
196,418,Costa,1,9,3,0,0,0,0,0,0,0,0,0,0,0,0,0.0,0.0,0.0,0,50,0,37.16,15.15,3,0.0
197,507,Amadou,1,10,5,0,0,0,0,0,0,0,0,0,0,0,0,0.0,0.0,0.0,0,45,0,80.79,38.31,3,0.0
198,156,Gueye,1,7,2,0,0,0,0,0,0,0,0,0,0,0,0,0.0,0.0,0.0,0,50,0,51.82,25.82,3,0.0
199,222,GÃ¼ndogan,1,19,3,0,1,11,0,0,0,0,0,0,0,0,0,0.5,0.0,1.2,0,55,3,49.63,21.22,3,0.0
200,271,Hayden,1,1,4,1,2,90,0,0,0,0,0,0,0,0,0,3.4,0.0,22.4,0,45,20,88.62,47.41,3,0.0
201,365,Success Ajayi,1,4,2,1,1,15,0,0,0,0,0,0,0,0,0,0.0,0.0,0.0,0,50,1,64.39,29.55,4,0.0
202,525,Sarr,1,4,2,1,0,0,0,0,0,0,0,0,0,0,0,0.0,0.0,0.0,0,65,0,64.39,29.55,3,0.0
203,381,Diop,1,11,5,1,0,90,0,0,0,0,0,0,0,0,0,1.2,7.0,5.0,0,45,3,87.94,41.88,2,0.0
204,419,Cavaleiro,1,9,3,0,0,0,0,0,0,0,0,0,0,0,0,0.0,0.0,0.0,0,50,0,37.16,15.15,3,0.0
205,482,Colback,1,1,4,1,0,0,0,0,0,0,0,0,0,0,0,0.0,0.0,0.0,0,45,0,88.62,47.41,3,0.0
206,102,Cork,1,16,2,1,3,90,0,0,0,0,0,0,0,0,0,1.0,0.0,8.2,0,50,10,30.72,11.04,3,0.0
207,29,Grealish,1,17,5,0,2,90,0,0,0,0,0,0,0,0,0,4.9,0.0,27.0,0,60,22,22.17,6.88,3,0.72
208,293,O'Connell,1,3,3,0,2,90,0,0,0,0,0,0,0,0,0,2.0,0.0,15.6,0,45,12,51.08,19.78,2,0.0
209,66,Simpson,1,15,2,1,0,0,0,0,0,0,0,0,0,0,0,0.0,0.0,0.0,0,40,0,60.15,30.82,2,0.0
210,446,Stacey,1,15,2,1,0,0,0,0,0,0,0,0,0,0,0,0.0,0.0,0.0,0,45,0,60.15,30.82,2,0.0
211,308,Stephens,1,5,3,0,1,72,0,0,0,0,0,0,0,0,0,1.3,2.0,10.6,0,45,10,20.09,7.84,2,0.0
212,394,Wilshere,1,11,5,1,1,55,0,0,0,0,0,0,0,0,0,0.5,0.0,2.6,0,50,3,87.94,41.88,3,0.58
213,483,Murphy,1,1,4,1,0,0,0,0,0,0,0,0,0,0,0,0.0,0.0,0.0,0,50,0,88.62,47.41,3,0.0
214,299,Eastwood,1,3,3,0,0,0,0,0,0,0,0,0,0,0,0,0.0,0.0,0.0,0,45,0,51.08,19.78,1,0.0
215,258,Lascelles,1,1,4,1,2,90,0,0,0,0,0,0,0,0,0,2.0,0.0,19.6,0,45,13,88.62,47.41,2,0.0
216,276,Lewis,1,10,5,0,0,90,0,0,0,0,0,0,0,0,0,4.9,0.0,24.2,0,45,15,80.79,38.31,2,0.75
217,23,Chester,1,17,5,0,0,0,0,0,0,0,0,0,0,0,0,0.0,0.0,0.0,0,45,0,22.17,6.88,2,1.42
218,250,Garner,1,6,4,1,0,0,0,0,0,0,0,0,0,0,0,0.0,0.0,0.0,0,45,0,75.54,36.72,3,0.0
219,433,Justin,1,20,3,1,0,0,0,0,0,0,0,0,0,0,0,0.0,0.0,0.0,0,50,0,51.39,26.11,2,0.0
220,171,Maddison,1,20,3,1,3,90,0,0,0,0,0,0,0,0,0,6.6,13.0,3.6,0,70,9,51.39,26.11,3,0.0
221,138,McArthur,1,8,3,1,3,90,0,0,0,0,0,0,0,0,0,3.3,0.0,21.2,0,55,15,73.03,32.96,3,0.0
222,157,McCarthy,1,8,3,1,0,0,0,0,0,0,0,0,0,0,0,0.0,0.0,0.0,0,45,0,73.03,32.96,1,1.52
223,200,Milner,1,14,2,1,1,4,0,0,0,0,0,0,0,0,0,0.1,0.0,0.2,0,55,3,66.6,32.86,3,0.0
224,84,Tarkowski,1,16,2,1,6,90,0,0,0,0,0,0,0,0,1,5.4,36.0,18.0,0,50,23,30.72,11.04,2,0.0
225,124,Tomkins,1,8,3,1,0,0,0,0,0,0,0,0,0,0,0,0.0,0.0,0.0,0,50,0,73.03,32.96,2,0.0
226,321,Ward-Prowse,1,5,3,0,2,90,0,0,0,0,0,0,0,0,0,4.3,17.0,10.8,0,60,10,20.09,7.84,3,0.0
227,166,Vardy,1,20,3,1,2,90,0,0,0,0,0,0,0,0,0,1.6,4.0,6.8,0,90,5,51.39,26.11,4,0.62
228,304,Vestergaard,1,5,3,0,1,90,0,0,0,0,0,0,0,0,0,5.1,33.0,16.4,0,50,13,20.09,7.84,2,0.0
229,307,Bednarek,1,5,3,0,1,90,0,0,0,0,0,0,0,0,0,4.1,10.0,20.4,0,45,13,20.09,7.84,2,0.0
230,330,Vertonghen,1,2,2,1,0,0,0,0,0,0,0,0,0,0,0,0.0,0.0,0.0,0,55,0,64.33,26.21,2,0.77
231,386,HernÃ¡ndez BalcÃ¡zar,1,11,5,1,1,24,0,0,0,0,0,0,0,0,0,2.1,18.0,1.6,0,60,-2,87.94,41.88,4,0.0
232,256,Manquillo,1,1,4,1,2,90,0,0,0,0,0,0,0,0,0,2.2,2.0,8.6,0,45,10,88.62,47.41,2,0.0
233,451,Rodriguez,1,16,2,1,1,6,0,0,0,0,0,0,0,0,0,0.0,0.0,0.0,0,60,2,30.72,11.04,4,1.39
234,497,Gbamin,1,7,2,0,1,45,0,0,0,0,0,0,0,0,0,1.1,0.0,6.8,0,50,6,51.82,25.82,3,0.6
235,429,Steer,1,17,5,0,0,0,0,0,0,0,0,0,0,0,0,0.0,0.0,0.0,0,45,0,22.17,6.88,1,0.71
236,82,Lerma,1,15,2,1,2,90,0,0,0,0,0,0,0,0,0,2.4,9.0,12.0,0,50,13,60.15,30.82,3,0.0
237,137,Schlupp,1,8,3,1,0,0,0,0,0,0,0,0,0,0,0,0.0,0.0,0.0,0,55,0,73.03,32.96,3,0.0
238,100,Hendrick,1,16,2,1,0,0,0,0,0,0,0,0,0,0,0,0.0,0.0,0.0,0,55,0,30.72,11.04,3,0.0
239,241,Lingard,1,6,4,1,2,85,0,0,0,0,0,0,0,0,0,1.6,2.0,0.2,0,65,2,75.54,36.72,3,0.0
240,473,Vallejo LÃ¡zaro,1,9,3,0,0,0,0,0,0,0,0,0,0,0,0,0.0,0.0,0.0,0,50,0,37.16,15.15,2,0.0
241,498,Willems,1,1,4,1,1,36,0,0,0,0,0,0,0,0,0,1.9,2.0,5.4,0,45,6,88.62,47.41,2,0.75
242,466,ApolinÃ¡rio de Lira,1,1,4,1,2,90,0,0,0,0,0,0,0,0,0,0.0,0.0,0.0,0,60,15,88.62,47.41,4,0.66
243,185,Matip,1,14,2,1,0,0,0,0,0,0,0,0,0,0,0,0.0,0.0,0.0,0,55,0,66.6,32.86,2,1.54
244,126,Ward,1,8,3,1,6,90,0,0,0,0,0,0,0,0,1,1.5,0.0,14.2,0,45,23,73.03,32.96,1,0.0
245,95,Hart,1,16,2,1,0,0,0,0,0,0,0,0,0,0,0,0.0,0.0,0.0,0,45,0,30.72,11.04,1,0.0
246,96,Gudmundsson,1,16,2,1,9,90,0,0,0,0,0,0,0,0,1,9.9,22.0,44.2,0,60,28,30.72,11.04,3,0.0
247,295,Egan,1,3,3,0,2,90,0,0,0,0,0,0,0,0,0,2.2,2.0,19.6,0,45,16,51.08,19.78,2,0.0
248,301,Fleck,1,3,3,0,1,90,0,0,0,0,0,0,0,0,0,3.7,0.0,8.2,0,50,9,51.08,19.78,3,0.0
249,297,Lundstram,1,3,3,0,3,77,0,0,0,0,0,0,0,0,0,3.5,3.0,4.8,0,40,20,51.08,19.78,2,3.24
250,31,McGinn,1,17,5,0,7,90,0,0,0,0,0,0,0,0,1,8.7,24.0,49.6,0,55,23,22.17,6.88,3,2.38
251,412,Ruddy,1,9,3,0,0,0,0,0,0,0,0,0,0,0,0,0.0,0.0,0.0,0,45,0,37.16,15.15,1,0.0
252,207,Stones,1,19,3,0,6,90,0,0,0,0,0,0,0,0,1,2.0,0.0,18.8,0,55,33,49.63,21.22,2,0.0
253,479,LÃ¶ssl,1,7,2,0,0,0,0,0,0,0,0,0,0,0,0,0.0,0.0,0.0,0,45,0,51.82,25.82,1,0.0
254,402,Castro Otto,1,9,3,0,5,90,0,0,0,0,0,0,0,0,0,2.8,0.0,16.0,0,55,18,37.16,15.15,2,0.0
255,26,Kodjia,1,17,5,0,1,16,0,0,0,0,0,0,0,0,0,0.2,2.0,0.0,0,55,4,22.17,6.88,4,0.0
256,269,Shelvey,1,1,4,1,1,53,0,0,0,0,0,0,0,0,0,3.6,26.0,5.0,0,50,4,88.62,47.41,3,0.0
257,162,Evans,1,20,3,1,7,90,0,0,0,0,0,0,0,0,1,3.7,9.0,27.4,0,50,30,51.39,26.11,2,0.0
258,468,Ayew,1,8,3,1,2,64,0,0,0,0,0,0,0,0,0,4.1,19.0,9.0,0,50,8,73.03,32.96,4,0.0
259,198,Henderson,1,14,2,1,2,90,0,0,0,0,0,0,0,0,0,5.9,41.0,12.2,0,55,12,66.6,32.86,1,2.5
260,148,Pickford,1,7,2,0,7,90,0,0,0,0,0,0,0,0,1,2.1,0.0,20.8,0,55,25,51.82,25.82,1,1.74
261,78,Ibe,1,15,2,1,0,0,0,0,0,0,0,0,0,0,0,0.0,0.0,0.0,0,50,0,60.15,30.82,3,0.0
262,118,Frello Filho,1,12,4,0,1,72,0,0,0,0,0,0,0,0,0,1.9,8.0,6.2,0,50,10,59.72,31.11,3,0.0
263,261,Mato SanmartÃ­n,1,1,4,1,0,0,0,0,0,0,0,0,0,0,0,0.0,0.0,0.0,0,50,0,88.62,47.41,4,0.0
264,184,Gomez,1,14,2,1,2,90,0,0,0,0,0,0,0,0,0,2.6,0.0,14.0,0,55,10,66.6,32.86,2,1.78
265,490,Willock,1,13,3,0,3,63,0,0,0,0,0,0,0,0,0,1.0,6.0,2.0,0,50,6,46.5,20.47,3,0.0
266,68,King,1,15,2,1,2,90,0,0,0,0,0,0,0,0,0,4.0,22.0,6.0,0,65,6,60.15,30.82,3,5.37
267,434,Drmic,1,10,5,0,1,7,0,0,0,0,0,0,0,0,0,0.2,2.0,0.0,0,55,3,80.79,38.31,4,0.0
268,229,Dalot Teixeira,1,6,4,1,0,0,0,0,0,0,0,0,0,0,0,0.0,0.0,0.0,0,50,0,75.54,36.72,2,0.0
269,51,Izquierdo Mena,1,18,3,0,0,0,0,0,0,0,0,0,0,0,0,0.0,0.0,0.0,0,55,0,40.87,16.04,3,0.0
270,36,Peleteiro Romallo,1,17,5,0,1,31,0,0,0,0,0,0,0,0,0,0.4,0.0,3.6,0,60,1,22.17,6.88,3,0.0
271,440,EsmorÃ­s Tasende,1,19,3,0,0,0,0,0,0,0,0,0,0,0,0,0.0,0.0,0.0,0,50,0,49.63,21.22,2,0.0
272,353,Holebas,1,4,2,1,1,90,0,0,0,0,0,0,0,0,0,1.6,0.0,12.6,0,50,7,64.39,29.55,2,0.0
273,415,Santos Moutinho,1,9,3,0,3,90,0,0,0,0,0,0,0,0,0,5.2,0.0,21.8,0,55,11,37.16,15.15,3,0.0
274,518,Cancelo,1,19,3,0,0,0,0,0,0,0,0,0,0,0,0,0.0,0.0,0.0,0,55,0,49.63,21.22,2,0.0
275,335,Foyth,1,2,2,1,0,0,0,0,0,0,0,0,0,0,0,0.0,0.0,0.0,0,50,0,64.33,26.21,2,0.71
276,242,Mata,1,6,4,1,1,4,0,0,0,0,0,0,0,0,0,0.1,0.0,0.0,0,65,3,75.54,36.72,3,0.0
277,77,Stanislas,1,15,2,1,0,0,0,0,0,0,0,0,0,0,0,0.0,0.0,0.0,0,60,0,60.15,30.82,3,0.78
278,45,Locadia,1,18,3,0,2,63,0,0,0,0,0,0,0,0,0,2.4,19.0,3.2,0,55,8,40.87,16.04,4,0.0
279,263,Darlow,1,1,4,1,0,0,0,0,0,0,0,0,0,0,0,0.0,0.0,0.0,0,45,0,88.62,47.41,1,0.0
280,168,Schmeichel,1,20,3,1,6,90,0,0,0,0,0,0,0,0,1,1.6,0.0,15.8,0,50,23,51.39,26.11,1,0.0
281,311,Ramsay,1,5,3,0,0,0,0,0,0,0,0,0,0,0,0,0.0,0.0,0.0,0,40,0,20.09,7.84,2,0.0
282,34,Davis,1,17,5,0,0,0,0,0,0,0,0,0,0,0,0,0.0,0.0,0.0,0,45,0,22.17,6.88,3,0.0
283,167,Iheanacho,1,20,3,1,0,0,0,0,0,0,0,0,0,0,0,0.0,0.0,0.0,0,60,0,51.39,26.11,4,0.0
284,286,McLean,1,10,5,0,2,90,0,0,0,0,0,0,0,0,0,1.2,0.0,11.4,0,50,12,80.79,38.31,3,0.0
285,372,Sema,1,4,2,1,0,0,0,0,0,0,0,0,0,0,0,0.0,0.0,0.0,0,50,0,64.39,29.55,3,0.0
286,111,Arrizabalaga,1,12,4,0,0,90,0,0,0,0,0,0,0,0,0,0.7,0.0,7.0,0,55,9,59.72,31.11,1,0.0
287,215,De Bruyne,1,19,3,0,7,78,0,0,0,0,0,0,0,0,1,10.2,27.0,37.8,0,95,37,49.63,21.22,3,3.5
288,88,Long,1,16,2,1,0,0,0,0,0,0,0,0,0,0,0,0.0,0.0,0.0,0,45,0,30.72,11.04,4,0.0
289,515,Tierney,1,13,3,0,0,0,0,0,0,0,0,0,0,0,0,0.0,0.0,0.0,0,55,0,46.5,20.47,2,0.0
290,334,Trippier,1,2,2,1,0,0,0,0,0,0,0,0,0,0,0,0.0,0.0,0.0,0,55,0,64.33,26.21,2,0.0
291,292,Freeman,1,3,3,0,0,0,0,0,0,0,0,0,0,0,0,0.0,0.0,0.0,0,45,0,51.08,19.78,3,0.48
292,8,Mavropanos,1,13,3,0,0,0,0,0,0,0,0,0,0,0,0,0.0,0.0,0.0,0,45,0,46.5,20.47,2,0.0
293,25,Hause,1,17,5,0,0,0,0,0,0,0,0,0,0,0,0,0.0,0.0,0.0,0,45,0,22.17,6.88,2,0.0
294,459,Zouma,1,12,4,0,-1,90,0,0,0,0,0,0,0,0,0,0.3,8.0,0.0,0,50,1,59.72,31.11,2,0.0
295,337,Walker-Peters,1,2,2,1,2,90,0,0,0,0,0,0,0,0,0,5.4,14.0,20.2,0,50,20,64.33,26.21,2,0.0
296,203,Walker,1,19,3,0,8,90,0,0,0,0,0,0,0,0,1,7.1,20.0,27.4,0,60,33,49.63,21.22,2,0.49
297,7,Koscielny,1,13,3,0,0,0,0,0,0,0,0,0,0,0,0,0.0,0.0,0.0,0,50,0,46.5,20.47,2,0.0
298,420,Dendoncker,1,9,3,0,3,90,0,0,0,0,0,0,0,0,0,6.2,23.0,16.8,0,45,13,37.16,15.15,3,2.41
299,421,Trossard,1,18,3,0,0,0,0,0,0,0,0,0,0,0,0,0.0,0.0,0.0,0,60,0,40.87,16.04,3,1.14
300,237,Grant,1,6,4,1,0,0,0,0,0,0,0,0,0,0,0,0.0,0.0,0.0,0,50,0,75.54,36.72,2,1.58
301,145,Baines,1,7,2,0,0,0,0,0,0,0,0,0,0,0,0,0.0,0.0,0.0,0,50,0,51.82,25.82,2,0.0
302,40,Balogun,1,18,3,0,0,0,0,0,0,0,0,0,0,0,0,0.0,0.0,0.0,0,45,0,40.87,16.04,2,0.0
303,216,SanÃ©,1,19,3,0,0,0,0,0,0,0,0,0,0,0,0,0.0,0.0,0.0,0,95,0,49.63,21.22,3,1.49
304,79,Cook,1,15,2,1,0,0,0,0,0,0,0,0,0,0,0,0.0,0.0,0.0,0,50,0,60.15,30.82,3,0.0
305,42,Dunk,1,18,3,0,11,90,0,0,0,0,0,0,0,0,1,5.1,2.0,35.8,0,45,41,40.87,16.04,2,3.23
306,477,Gibson,1,7,2,0,0,0,0,0,0,0,0,0,0,0,0,0.0,0.0,0.0,0,45,0,51.82,25.82,2,0.0
307,64,Kelly,1,15,2,1,0,0,0,0,0,0,0,0,0,0,0,0.0,0.0,0.0,0,45,0,60.15,30.82,2,2.48
308,474,Kalinic,1,17,5,0,0,0,0,0,0,0,0,0,0,0,0,0.0,0.0,0.0,0,45,0,22.17,6.88,1,0.0
309,141,Digne,1,7,2,0,6,90,0,0,0,0,0,0,0,0,1,4.5,22.0,6.4,0,60,17,51.82,25.82,2,3.55
310,345,Rodrigues Moura da Silva,1,2,2,1,5,90,0,0,0,0,0,0,0,0,0,9.6,32.0,24.4,0,75,19,64.33,26.21,3,1.25
311,19,Torreira,1,13,3,0,0,0,0,0,0,0,0,0,0,0,0,0.0,0.0,0.0,0,50,0,46.5,20.47,3,0.0
312,388,Fabianski,1,11,5,1,1,90,0,0,0,0,0,0,0,0,0,2.8,0.0,28.4,0,50,18,87.94,41.88,1,1.49
313,134,Milivojevic,1,8,3,1,2,90,0,0,0,0,0,0,0,0,0,1.5,0.0,0.6,0,70,-2,73.03,32.96,3,0.71
314,351,Amos,1,2,2,1,0,0,0,0,0,0,0,0,0,0,0,0.0,0.0,0.0,0,45,0,64.33,26.21,3,0.0
315,140,Dreher,1,8,3,1,0,0,0,0,0,0,0,0,0,0,0,0.0,0.0,0.0,0,45,0,73.03,32.96,3,0.0
316,441,Freeman,1,3,3,0,1,12,0,0,0,0,0,0,0,0,0,1.0,0.0,4.0,0,55,3,51.08,19.78,3,0.0
317,226,Shaw,1,6,4,1,6,90,0,0,0,0,0,0,0,0,1,2.0,2.0,14.6,0,55,27,75.54,36.72,2,0.0
318,70,Mousset,1,3,3,0,0,0,0,0,0,0,0,0,0,0,0,0.0,0.0,0.0,0,50,0,51.08,19.78,4,1.48
319,149,Stekelenburg,1,7,2,0,0,0,0,0,0,0,0,0,0,0,0,0.0,0.0,0.0,0,40,0,51.82,25.82,1,0.0
320,465,Ibrahim Hassan,1,17,5,0,1,58,0,0,0,0,0,0,0,0,0,6.6,35.0,16.4,0,55,4,22.17,6.88,3,0.0
321,125,Sakho,1,8,3,1,0,0,0,0,0,0,0,0,0,0,0,0.0,0.0,0.0,0,50,0,73.03,32.96,2,1.75
322,391,Lanzini,1,11,5,1,2,90,0,0,0,0,0,0,0,0,0,4.2,25.0,10.4,0,65,16,87.94,41.88,3,0.66
323,103,Alonso,1,12,4,0,0,0,0,0,0,0,0,0,0,0,0,0.0,0.0,0.0,0,65,0,59.72,31.11,2,0.0
324,227,Rojo,1,6,4,1,0,0,0,0,0,0,0,0,0,0,0,0.0,0.0,0.0,0,50,0,75.54,36.72,2,0.0
325,285,Stiepermann,1,10,5,0,1,57,0,0,0,0,0,0,0,0,0,2.1,19.0,1.6,0,55,1,80.79,38.31,3,0.0
326,233,Rashford,1,6,4,1,13,85,0,0,0,0,0,0,0,0,1,13.2,58.0,71.8,0,85,53,75.54,36.72,4,5.64
327,174,Albrighton,1,20,3,1,1,14,0,0,0,0,0,0,0,0,0,2.8,11.0,2.2,0,55,2,51.39,26.11,3,0.0
328,360,Navarro,1,4,2,1,0,0,0,0,0,0,0,0,0,0,0,0.0,0.0,0.0,0,40,0,64.39,29.55,2,0.0
329,324,Lemina,1,5,3,0,0,0,0,0,0,0,0,0,0,0,0,0.0,0.0,0.0,0,50,0,20.09,7.84,3,0.0
330,282,Vrancic,1,10,5,0,0,0,0,0,0,0,0,0,0,0,0,0.0,0.0,0.0,0,65,0,80.79,38.31,3,0.0
331,385,Arnautovic,1,11,5,1,0,0,0,0,0,0,0,0,0,0,0,0.0,0.0,0.0,0,70,0,87.94,41.88,4,0.0
332,300,Duffy,1,3,3,0,0,0,0,0,0,0,0,0,0,0,0,0.0,0.0,0.0,0,55,0,51.08,19.78,3,0.0
333,396,Noble,1,11,5,1,0,0,0,0,0,0,0,0,0,0,0,0.0,0.0,0.0,0,50,0,87.94,41.88,3,1.63
334,74,Travers,1,15,2,1,0,0,0,0,0,0,0,0,0,0,0,0.0,0.0,0.0,0,45,0,60.15,30.82,1,1.75
335,262,Dubravka,1,1,4,1,2,90,0,0,0,0,0,0,0,0,0,1.1,0.0,11.0,0,50,9,88.62,47.41,1,0.0
336,128,Kelly,1,8,3,1,6,90,0,0,0,0,0,0,0,0,1,2.6,0.0,25.8,0,40,24,73.03,32.96,2,0.0
337,38,Montoya,1,18,3,0,6,90,0,0,0,0,0,0,0,0,1,2.8,2.0,13.0,0,45,21,40.87,16.04,2,-0.47
338,491,Nakamba,1,17,5,0,0,0,0,0,0,0,0,0,0,0,0,0.0,0.0,0.0,0,45,0,22.17,6.88,3,0.0
339,234,Greenwood,1,6,4,1,1,4,0,0,0,0,0,0,0,0,0,1.9,18.0,0.0,0,45,3,75.54,36.72,4,0.0
340,478,Holgate,1,7,2,0,0,0,0,0,0,0,0,0,0,0,0,0.0,0.0,0.0,0,45,0,51.82,25.82,2,0.0
341,463,Mount,1,12,4,0,2,90,0,0,0,0,0,0,0,0,0,9.7,20.0,25.0,0,60,15,59.72,31.11,3,1.7
342,92,Vydra,1,16,2,1,0,0,0,0,0,0,0,0,0,0,0,0.0,0.0,0.0,0,55,0,30.72,11.04,4,0.0
343,432,Kovacic,1,12,4,0,2,90,0,0,0,0,0,0,0,0,0,4.4,0.0,17.2,0,55,22,59.72,31.11,3,0.0
344,47,Ryan,1,18,3,0,9,90,0,0,0,0,0,0,0,0,1,2.5,0.0,25.4,0,45,29,40.87,16.04,2,2.39
345,230,Darmian,1,6,4,1,0,0,0,0,0,0,0,0,0,0,0,0.0,0.0,0.0,0,50,0,75.54,36.72,2,0.0
346,21,Guendouzi,1,13,3,0,3,90,0,0,0,0,0,0,0,0,0,3.6,0.0,21.2,0,45,15,46.5,20.47,3,0.0
347,43,Clarke,1,18,3,0,0,0,0,0,0,0,0,0,0,0,0,0.0,0.0,0.0,0,45,0,40.87,16.04,2,1.54
348,85,Lowton,1,16,2,1,6,90,0,0,0,0,0,0,0,0,1,3.2,2.0,14.2,0,45,23,30.72,11.04,2,0.0
349,177,James,1,20,3,1,0,0,0,0,0,0,0,0,0,0,0,0.0,0.0,0.0,0,45,0,51.39,26.11,3,0.0
350,401,Doherty,1,9,3,0,6,90,0,0,0,0,0,0,0,0,1,0.2,0.0,0.0,0,60,16,37.16,15.15,2,0.69
351,251,Ritchie,1,1,4,1,2,90,0,0,0,0,0,0,0,0,0,4.3,0.0,10.6,0,55,14,88.62,47.41,2,0.0
352,309,Targett,1,17,5,0,0,0,0,0,0,0,0,0,0,0,0,0.0,0.0,0.0,0,45,0,22.17,6.88,2,0.64
353,274,Aarons,1,10,5,0,0,90,0,0,0,0,0,0,0,0,0,2.7,0.0,25.8,0,45,16,80.79,38.31,2,0.0
354,408,Kilman,1,9,3,0,0,0,0,0,0,0,0,0,0,0,0,0.0,0.0,0.0,0,40,0,37.16,15.15,2,0.0
355,136,Meyer,1,8,3,1,2,90,0,0,0,0,0,0,0,0,0,6.9,55.0,12.8,0,55,5,73.03,32.96,3,0.0
356,310,Yoshida,1,5,3,0,0,0,0,0,0,0,0,0,0,0,0,0.0,0.0,0.0,0,45,0,20.09,7.84,2,0.0
357,15,Ãzil,1,13,3,0,0,0,0,0,0,0,0,0,0,0,0,0.0,0.0,0.0,0,75,0,46.5,20.47,3,0.0
358,143,Keane,1,7,2,0,8,90,0,0,0,0,0,0,0,0,1,2.5,0.0,24.4,0,55,26,51.82,25.82,2,1.78
359,281,McGovern,1,10,5,0,0,0,0,0,0,0,0,0,0,0,0,0.0,0.0,0.0,0,40,0,80.79,38.31,1,0.0
360,314,Obafemi,1,5,3,0,1,24,0,0,0,0,0,0,0,0,0,0.4,4.0,0.0,0,50,0,20.09,7.84,4,0.0
361,521,Verrips,1,3,3,0,0,0,0,0,0,0,0,0,0,0,0,0.0,0.0,0.0,0,45,0,51.08,19.78,1,0.0
362,389,Antonio,1,11,5,1,1,45,0,0,0,0,0,0,0,0,0,1.6,0.0,3.8,0,70,2,87.94,41.88,3,0.0
363,461,Batshuayi,1,12,4,0,0,0,0,0,0,0,0,0,0,0,0,0.0,0.0,0.0,0,70,0,59.72,31.11,4,0.0
364,266,AlmirÃ³n,1,1,4,1,1,90,0,0,0,0,0,0,0,0,0,3.6,21.0,1.4,0,60,2,88.62,47.41,3,1.77
365,20,Elneny,1,13,3,0,0,0,0,0,0,0,0,0,0,0,0,0.0,0.0,0.0,0,45,0,46.5,20.47,3,0.0
366,322,Elyounoussi,1,5,3,0,0,0,0,0,0,0,0,0,0,0,0,0.0,0.0,0.0,0,55,0,20.09,7.84,3,0.0
367,191,Salah,1,14,2,1,12,90,0,0,0,0,0,0,0,0,1,13.4,39.0,54.8,0,125,40,66.6,32.86,3,13.72
368,496,Kean,1,7,2,0,1,21,0,0,0,0,0,0,0,0,0,0.1,0.0,1.0,0,70,4,51.82,25.82,4,0.77
369,416,Gibbs-White,1,9,3,0,0,0,0,0,0,0,0,0,0,0,0,0.0,0.0,0.0,0,50,0,37.16,15.15,3,0.0
370,158,Schneiderlin,1,7,2,0,0,75,0,0,0,0,0,0,0,0,0,2.3,0.0,9.4,0,45,1,51.82,25.82,3,0.0
371,288,Leitner,1,10,5,0,0,32,0,0,0,0,0,0,0,0,0,0.6,4.0,1.2,0,45,-3,80.79,38.31,3,0.0
372,438,Djenepo,1,5,3,0,0,0,0,0,0,0,0,0,0,0,0,0.0,0.0,0.0,0,55,0,20.09,7.84,3,1.48
373,349,Sissoko,1,2,2,1,5,90,0,0,0,0,0,0,0,0,0,8.9,51.0,17.8,0,50,13,64.33,26.21,3,0.0
374,522,BeÅ¡iÄ,1,3,3,0,0,0,0,0,0,0,0,0,0,0,0,0.0,0.0,0.0,0,45,0,51.08,19.78,3,0.0
375,119,KantÃ©,1,12,4,0,0,17,0,0,0,0,0,0,0,0,0,0.8,0.0,7.2,0,50,-1,59.72,31.11,3,0.18999999999999995
376,196,Keita,1,14,2,1,0,0,0,0,0,0,0,0,0,0,0,0.0,0.0,0.0,0,60,0,66.6,32.86,3,0.0
377,6,Monreal,1,13,3,0,7,90,0,0,0,0,0,0,0,0,1,3.4,4.0,14.2,0,50,27,46.5,20.47,2,0.0
378,179,Mendy,1,20,3,1,0,0,0,0,0,0,0,0,0,0,0,0.0,0.0,0.0,0,45,0,51.39,26.11,2,4.02
379,374,Chalobah,1,4,2,1,0,0,0,0,0,0,0,0,0,0,0,0.0,0.0,0.0,0,45,0,64.39,29.55,3,0.0
380,59,AkÃ©,1,15,2,1,2,90,0,0,0,0,0,0,0,0,0,6.0,22.0,16.4,0,50,19,60.15,30.82,2,0.0
381,320,Redmond,1,5,3,0,2,90,0,0,0,0,0,0,0,0,0,3.5,29.0,2.4,0,65,7,20.09,7.84,3,0.0
382,502,Maupay,1,18,3,0,6,26,0,0,0,0,0,0,0,0,1,0.0,0.0,0.0,0,60,27,40.87,16.04,4,0.0
383,24,Taylor,1,17,5,0,1,90,0,0,0,0,0,0,0,0,0,2.5,0.0,24.2,0,45,13,22.17,6.88,2,0.42
384,247,Matic,1,6,4,1,0,0,0,0,0,0,0,0,0,0,0,0.0,0.0,0.0,0,50,0,75.54,36.72,3,0.0
385,93,Pope,1,16,2,1,8,90,0,0,0,0,0,0,0,0,1,3.6,0.0,25.6,0,45,28,30.72,11.04,1,1.77
386,488,PÃ©pÃ©,1,13,3,0,1,19,0,0,0,0,0,0,0,0,0,0.2,0.0,0.2,0,95,2,46.5,20.47,3,1.22
387,208,Otamendi,1,19,3,0,0,0,0,0,0,0,0,0,0,0,0,0.0,0.0,0.0,0,55,0,49.63,21.22,2,0.0
388,206,Zinchenko,1,19,3,0,6,90,0,0,0,0,0,0,0,0,1,4.4,1.0,17.8,0,55,26,49.63,21.22,2,2.13
389,501,McBurnie,1,3,3,0,1,27,0,0,0,0,0,0,0,0,0,0.9,4.0,3.4,0,60,3,51.08,19.78,4,0.0
390,302,Norwood,1,3,3,0,2,90,0,0,0,0,0,0,0,0,0,3.8,0.0,16.6,0,50,16,51.08,19.78,3,0.0
391,352,Skipp,1,2,2,1,1,1,0,0,0,0,0,0,0,0,0,0.0,0.0,0.0,0,45,3,64.33,26.21,3,0.0
392,110,Giroud,1,12,4,0,1,24,0,0,0,0,0,0,0,0,0,0.0,0.0,0.0,0,70,2,59.72,31.11,4,1.48
393,284,HernÃ¡ndez,1,10,5,0,1,20,0,0,0,0,0,0,0,0,0,2.1,22.0,0.0,0,55,0,80.79,38.31,3,0.0
394,328,Romeu Vidal,1,5,3,0,2,90,0,0,0,0,0,0,0,0,0,3.2,11.0,8.8,0,45,8,20.09,7.84,3,0.0
395,399,Fornals,1,11,5,1,1,45,0,0,0,0,0,0,0,0,0,0.8,0.0,6.6,0,65,3,87.94,41.88,3,1.47
396,379,Zabaleta,1,11,5,1,0,0,0,0,0,0,0,0,0,0,0,0.0,0.0,0.0,0,45,0,87.94,41.88,2,0.0
397,49,GroÃ,1,18,3,0,6,90,0,0,0,0,0,0,0,0,1,2.1,4.0,6.0,0,65,16,40.87,16.04,3,1.66
398,487,Cutrone,1,9,3,0,1,14,0,0,0,0,0,0,0,0,0,0.5,0.0,5.4,0,60,-1,37.16,15.15,4,0.69
399,435,Roberts,1,10,5,0,0,0,0,0,0,0,0,0,0,0,0,0.0,0.0,0.0,0,55,0,80.79,38.31,3,0.62
400,123,van Aanholt,1,8,3,1,6,90,0,0,0,0,0,0,0,0,1,1.8,2.0,15.4,0,55,20,73.03,32.96,2,0.0
401,341,Gazzaniga,1,2,2,1,0,0,0,0,0,0,0,0,0,0,0,0.0,0.0,0.0,0,45,0,64.33,26.21,1,0.0
402,255,Dummett,1,1,4,1,2,90,0,0,0,0,0,0,0,0,0,2.8,0.0,26.6,0,45,24,88.62,47.41,2,0.0
403,238,Pogba,1,6,4,1,9,90,0,0,0,0,0,0,0,0,1,9.8,6.0,43.2,0,85,30,75.54,36.72,3,0.56
404,528,Lomba Neto,1,9,3,0,0,0,0,0,0,0,0,0,0,0,0,0.0,0.0,0.0,0,50,0,37.16,15.15,3,0.0
405,400,Obiang,1,11,5,1,0,0,0,0,0,0,0,0,0,0,0,0.0,0.0,0.0,0,45,0,87.94,41.88,3,0.0
406,114,RodrÃ­guez Ledesma,1,12,4,0,2,90,0,0,0,0,0,0,0,0,0,9.8,23.0,20.0,0,70,18,59.72,31.11,3,0.0
407,476,Billing,1,15,2,1,2,90,0,0,0,0,0,0,0,0,0,5.8,10.0,23.4,0,50,15,60.15,30.82,3,3.89
408,484,Heise,1,10,5,0,0,0,0,0,0,0,0,0,0,0,0,0.0,0.0,0.0,0,40,0,80.79,38.31,2,0.0
409,86,Bardsley,1,16,2,1,0,0,0,0,0,0,0,0,0,0,0,0.0,0.0,0.0,0,45,0,30.72,11.04,2,0.0
410,220,Foden,1,19,3,0,1,10,0,0,0,0,0,0,0,0,0,0.1,0.0,1.0,0,55,3,49.63,21.22,3,0.0
411,444,Jagielka,1,3,3,0,0,0,0,0,0,0,0,0,0,0,0,0.0,0.0,0.0,0,45,0,51.08,19.78,2,0.0
412,231,Jones,1,6,4,1,0,0,0,0,0,0,0,0,0,0,0,0.0,0.0,0.0,0,50,0,75.54,36.72,2,0.0
413,11,Aubameyang,1,13,3,0,6,90,0,0,0,0,0,0,0,0,1,12.2,78.0,37.4,0,110,25,46.5,20.47,4,1.34
414,325,HÃ¸jbjerg,1,5,3,0,1,17,0,0,0,0,0,0,0,0,0,0.0,0.0,0.0,0,50,2,20.09,7.84,3,0.0
415,367,Dahlberg,1,4,2,1,0,0,0,0,0,0,0,0,0,0,0,0.0,0.0,0.0,0,45,0,64.39,29.55,1,0.0
416,173,Ghezzal,1,20,3,1,0,0,0,0,0,0,0,0,0,0,0,0.0,0.0,0.0,0,55,0,51.39,26.11,3,0.0
417,201,Camacho,1,14,2,1,0,0,0,0,0,0,0,0,0,0,0,0.0,0.0,0.0,0,45,0,66.6,32.86,3,0.0
418,214,Sterling,1,19,3,0,20,90,0,0,0,0,0,0,0,0,1,19.0,74.0,103.6,0,120,55,49.63,21.22,3,9.83
419,449,Fahrmann,1,10,5,0,0,0,0,0,0,0,0,0,0,0,0,0.0,0.0,0.0,0,45,0,80.79,38.31,1,0.5
420,456,Morrison,1,3,3,0,0,0,0,0,0,0,0,0,0,0,0,0.0,0.0,0.0,0,50,0,51.08,19.78,3,0.55
421,409,JimÃ©nez,1,9,3,0,2,90,0,0,0,0,0,0,0,0,0,6.2,30.0,19.8,0,75,10,37.16,15.15,4,3.11
422,506,James,1,12,4,0,0,0,0,0,0,0,0,0,0,0,0,0.0,0.0,0.0,0,50,0,59.72,31.11,3,5.57
423,489,Nelson,1,13,3,0,2,70,0,0,0,0,0,0,0,0,0,4.4,4.0,11.2,0,55,10,46.5,20.47,3,0.64
424,464,Brewster,1,14,2,1,0,0,0,0,0,0,0,0,0,0,0,0.0,0.0,0.0,0,45,0,66.6,32.86,4,0.0
425,159,Barbosa Pereira,1,20,3,1,9,90,0,0,0,0,0,0,0,0,1,4.6,9.0,21.4,0,60,32,51.39,26.11,2,0.47
426,296,Stearman,1,3,3,0,0,0,0,0,0,0,0,0,0,0,0,0.0,0.0,0.0,0,40,0,51.08,19.78,2,0.0
427,150,de Andrade,1,7,2,0,3,90,0,0,0,0,0,0,0,0,0,6.4,32.0,12.2,0,80,7,51.82,25.82,3,0.0
428,217,Mahrez,1,19,3,0,14,90,0,0,0,0,0,0,0,0,1,14.3,39.0,52.6,0,85,45,49.63,21.22,3,1.15
429,98,Brady,1,16,2,1,0,0,0,0,0,0,0,0,0,0,0,0.0,0.0,0.0,0,55,0,30.72,11.04,3,0.63
430,462,Nunes do Nascimento,1,12,4,0,0,0,0,0,0,0,0,0,0,0,0,0.0,0.0,0.0,0,55,0,59.72,31.11,3,0.0
431,187,Firmino,1,14,2,1,5,85,0,0,0,0,0,0,0,0,0,10.5,66.0,24.6,0,95,26,66.6,32.86,4,4.92
432,450,Jimenez Gago,1,11,5,1,0,0,0,0,0,0,0,0,0,0,0,0.0,0.0,0.0,0,45,0,87.94,41.88,1,2.43
433,369,Pereyra,1,4,2,1,1,45,0,0,0,0,0,0,0,0,0,3.6,30.0,2.8,0,60,3,64.39,29.55,3,1.53
434,393,Snodgrass,1,11,5,1,1,34,0,0,0,0,0,0,0,0,0,1.8,0.0,2.2,0,55,7,87.94,41.88,3,0.0
435,10,Holding,1,13,3,0,0,0,0,0,0,0,0,0,0,0,0,0.0,0.0,0.0,0,45,0,46.5,20.47,2,0.59
436,443,Hernandez,1,19,3,0,3,90,0,0,0,0,0,0,0,0,0,1.5,0.0,12.2,0,55,15,49.63,21.22,3,0.0
437,499,Aarons,1,1,4,1,0,0,0,0,0,0,0,0,0,0,0,0.0,0.0,0.0,0,50,0,88.62,47.41,2,0.0
438,407,SaÃ¯ss,1,9,3,0,1,9,0,0,0,0,0,0,0,0,0,0.3,0.0,3.0,0,45,3,37.16,15.15,2,0.0
439,232,Lukaku,1,6,4,1,0,0,0,0,0,0,0,0,0,0,0,0.0,0.0,0.0,0,85,0,75.54,36.72,4,0.0
440,117,Barkley,1,12,4,0,1,57,0,0,0,0,0,0,0,0,0,4.0,18.0,8.0,0,60,1,59.72,31.11,3,1.78
441,115,Loftus-Cheek,1,12,4,0,0,0,0,0,0,0,0,0,0,0,0,0.0,0.0,0.0,0,65,0,59.72,31.11,3,1.47
442,411,dos Santos PatrÃ­cio,1,9,3,0,6,90,0,0,0,0,0,0,0,0,1,0.8,0.0,7.8,0,50,23,37.16,15.15,1,0.0
443,404,Bennett,1,9,3,0,6,90,0,0,0,0,0,0,0,0,1,1.7,8.0,9.0,0,50,22,37.16,15.15,2,0.0
444,305,Bertrand,1,5,3,0,1,90,0,0,0,0,0,0,0,0,0,1.9,7.0,5.4,0,50,8,20.09,7.84,2,0.0
445,75,Fraser,1,15,2,1,1,90,0,0,0,0,0,0,0,0,0,3.1,5.0,1.6,0,75,0,60.15,30.82,1,2.3200000000000003
446,380,Fredericks,1,11,5,1,0,90,0,0,0,0,0,0,0,0,0,1.3,0.0,11.4,0,45,11,87.94,41.88,2,0.0
447,524,Sessegnon,1,2,2,1,0,0,0,0,0,0,0,0,0,0,0,0.0,0.0,0.0,0,55,0,64.33,26.21,3,0.0
448,414,da Silva Neves,1,9,3,0,2,80,0,0,0,0,0,0,0,0,0,2.5,0.0,13.8,0,55,10,37.16,15.15,3,0.0
449,406,Silva Nascimento Vinagre,1,9,3,0,0,0,0,0,0,0,0,0,0,0,0,0.0,0.0,0.0,0,45,0,37.16,15.15,2,0.0
450,192,ManÃ©,1,14,2,1,1,16,0,0,0,0,0,0,0,0,0,0.9,6.0,1.2,0,115,3,66.6,32.86,3,4.17
451,454,Byram,1,10,5,0,0,0,0,0,0,0,0,0,0,0,0,0.0,0.0,0.0,0,45,0,80.79,38.31,2,0.0
452,316,Gallagher,1,5,3,0,0,0,0,0,0,0,0,0,0,0,0,0.0,0.0,0.0,0,45,0,20.09,7.84,4,0.0
453,71,Surridge,1,15,2,1,0,0,0,0,0,0,0,0,0,0,0,0.0,0.0,0.0,0,45,0,60.15,30.82,4,0.0
454,127,Dann,1,8,3,1,6,90,0,0,0,0,0,0,0,0,1,4.4,36.0,7.6,0,45,20,73.03,32.96,2,1.36
455,248,McTominay,1,6,4,1,3,90,0,0,0,0,0,0,0,0,0,1.1,2.0,8.2,0,50,11,75.54,36.72,3,0.0
456,3,Kolasinac,1,13,3,0,0,0,0,0,0,0,0,0,0,0,0,0.0,0.0,0.0,0,55,0,46.5,20.47,2,0.0
457,144,Coleman,1,7,2,0,6,90,0,0,0,0,0,0,0,0,1,4.3,19.0,20.6,0,55,20,51.82,25.82,2,0.0
458,270,Longstaff,1,1,4,1,2,66,0,0,0,0,0,0,0,0,0,0.7,0.0,5.6,0,50,8,88.62,47.41,3,0.0
459,361,PrÃ¶dl,1,4,2,1,0,0,0,0,0,0,0,0,0,0,0,0.0,0.0,0.0,0,40,0,64.39,29.55,2,0.0
460,336,Aurier,1,2,2,1,0,0,0,0,0,0,0,0,0,0,0,0.0,0.0,0.0,0,50,0,64.33,26.21,2,0.57
461,210,AgÃ¼ero,1,19,3,0,5,21,0,0,0,0,0,0,0,0,0,5.1,17.0,33.4,0,120,27,49.63,21.22,4,4.84
462,236,Romero,1,6,4,1,0,0,0,0,0,0,0,0,0,0,0,0.0,0.0,0.0,0,50,0,75.54,36.72,1,0.0
463,37,Duffy,1,18,3,0,6,90,0,0,0,0,0,0,0,0,1,2.5,2.0,22.6,0,50,26,40.87,16.04,3,0.0
464,315,Long,1,5,3,0,0,0,0,0,0,0,0,0,0,0,0,0.0,0.0,0.0,0,50,0,20.09,7.84,4,0.0
465,1,Mustafi,1,13,3,0,0,0,0,0,0,0,0,0,0,0,0,0.0,0.0,0.0,0,55,0,46.5,20.47,2,0.0
466,62,Francis,1,15,2,1,0,0,0,0,0,0,0,0,0,0,0,0.0,0.0,0.0,0,45,0,60.15,30.82,2,0.7
467,190,Mignolet,1,14,2,1,0,0,0,0,0,0,0,0,0,0,0,0.0,0.0,0.0,0,45,0,66.6,32.86,1,0.0
468,436,Moore,1,3,3,0,0,0,0,0,0,0,0,0,0,0,0,0.0,0.0,0.0,0,45,0,51.08,19.78,1,0.0
469,508,Boufal,1,5,3,0,1,17,0,0,0,0,0,0,0,0,0,2.4,6.0,5.4,0,55,2,20.09,7.84,3,0.0
470,5,Papastathopoulos,1,13,3,0,8,90,0,0,0,0,0,0,0,0,1,2.1,0.0,20.2,0,50,28,46.5,20.47,2,0.0
471,55,March,1,18,3,0,3,90,0,0,0,0,0,0,0,0,0,1.6,0.0,13.8,0,50,15,40.87,16.04,3,0.0
472,99,Defour,1,16,2,1,0,0,0,0,0,0,0,0,0,0,0,0.0,0.0,0.0,0,55,0,30.72,11.04,3,0.54
473,58,Cook,1,15,2,1,2,90,0,0,0,0,0,0,0,0,0,1.8,4.0,14.2,0,50,12,60.15,30.82,3,0.72
474,323,Armstrong,1,5,3,0,0,0,0,0,0,0,0,0,0,0,0,0.0,0.0,0.0,0,55,0,20.09,7.84,3,0.0
475,268,Ki,1,1,4,1,0,0,0,0,0,0,0,0,0,0,0,0.0,0.0,0.0,0,50,0,88.62,47.41,3,0.0
476,457,Haller,1,11,5,1,2,90,0,0,0,0,0,0,0,0,0,0.0,0.0,0.0,0,75,15,87.94,41.88,4,0.52
477,249,Chong,1,6,4,1,0,0,0,0,0,0,0,0,0,0,0,0.0,0.0,0.0,0,45,0,75.54,36.72,3,0.0
478,460,Abraham,1,12,4,0,1,65,0,0,0,0,0,0,0,0,0,2.4,24.0,0.0,0,70,1,59.72,31.11,4,0.49
479,442,Ndombele,1,2,2,1,8,90,0,0,0,0,0,0,0,0,1,7.6,14.0,41.2,0,60,26,64.33,26.21,3,0.71
480,278,Pukki,1,10,5,0,7,82,0,0,0,0,0,0,0,0,1,10.1,41.0,39.2,0,65,32,80.79,38.31,4,3.01
481,153,Walcott,1,7,2,0,0,0,0,0,0,0,0,0,0,0,0,0.0,0.0,0.0,0,65,0,51.82,25.82,3,0.0
482,272,Klose,1,10,5,0,0,0,0,0,0,0,0,0,0,0,0,0.0,0.0,0.0,0,45,0,80.79,38.31,2,1.63
483,280,Krul,1,10,5,0,1,90,0,0,0,0,0,0,0,0,0,3.0,0.0,30.4,0,45,19,80.79,38.31,1,0.57
484,331,Alderweireld,1,2,2,1,2,90,0,0,0,0,0,0,0,0,0,5.2,8.0,17.6,0,55,17,64.33,26.21,2,0.0
485,287,Cantwell,1,10,5,0,2,90,0,0,0,0,0,0,0,0,0,5.2,2.0,15.6,0,45,10,80.79,38.31,3,0.0
486,371,Cleverley,1,4,2,1,0,0,0,0,0,0,0,0,0,0,0,0.0,0.0,0.0,0,50,0,64.39,29.55,3,0.0
487,154,Davies,1,7,2,0,1,11,0,0,0,0,0,0,0,0,0,0.2,0.0,1.4,0,55,2,51.82,25.82,2,0.78
488,94,Heaton,1,17,5,0,2,90,0,0,0,0,0,0,0,0,0,2.4,0.0,24.2,0,45,15,22.17,6.88,1,2.53
489,290,Trybull,1,10,5,0,2,69,0,0,0,0,0,0,0,0,0,0.9,4.0,4.4,0,45,11,80.79,38.31,3,0.0
490,182,Alexander-Arnold,1,14,2,1,5,90,0,0,0,0,0,0,0,0,0,8.4,12.0,35.6,0,70,24,66.6,32.86,2,8.74
491,362,Deeney,1,4,2,1,2,90,0,0,0,0,0,0,0,0,0,2.8,9.0,7.6,0,65,6,64.39,29.55,4,0.61
492,509,Parrott,1,2,2,1,0,0,0,0,0,0,0,0,0,0,0,0.0,0.0,0.0,0,45,0,64.33,26.21,4,0.0
493,326,Johnson,1,5,3,0,0,0,0,0,0,0,0,0,0,0,0,0.0,0.0,0.0,0,45,0,20.09,7.84,2,0.0
494,445,Mings,1,17,5,0,6,90,0,0,0,0,0,0,0,0,1,8.3,0.0,72.6,0,45,31,22.17,6.88,2,0.0
495,131,Guaita,1,8,3,1,6,90,0,0,0,0,0,0,0,0,1,1.4,0.0,14.0,0,50,24,73.03,32.96,1,0.0
496,225,LindelÃ¶f,1,6,4,1,5,90,0,0,0,0,0,0,0,0,0,2.0,0.0,19.4,0,55,24,75.54,36.72,2,0.0
497,348,Wanyama,1,2,2,1,0,0,0,0,0,0,0,0,0,0,0,0.0,0.0,0.0,0,50,0,64.33,26.21,3,0.46
498,339,Janssen,1,2,2,1,0,0,0,0,0,0,0,0,0,0,0,0.0,0.0,0.0,0,45,0,64.33,26.21,4,0.0
499,183,van Dijk,1,14,2,1,8,90,0,0,0,0,0,0,0,0,1,7.4,21.0,52.4,0,65,27,66.6,32.86,2,3.17
500,510,Camarasa,1,8,3,1,0,0,0,0,0,0,0,0,0,0,0,0.0,0.0,0.0,0,50,0,73.03,32.96,3,0.0
501,132,Hennessey,1,8,3,1,0,0,0,0,0,0,0,0,0,0,0,0.0,0.0,0.0,0,45,0,73.03,32.96,1,0.0
502,485,Hoedt,1,5,3,0,0,0,0,0,0,0,0,0,0,0,0,0.0,0.0,0.0,0,45,0,20.09,7.84,2,0.0
503,428,Moraes,1,17,5,0,2,73,0,0,0,0,0,0,0,0,0,2.3,17.0,5.0,0,60,2,22.17,6.88,4,0.72
504,165,Morgan,1,20,3,1,0,0,0,0,0,0,0,0,0,0,0,0.0,0.0,0.0,0,45,0,51.39,26.11,3,0.62
505,176,Ndidi,1,20,3,1,3,90,0,0,0,0,0,0,0,0,0,3.8,3.0,21.4,0,50,15,51.39,26.11,3,0.54
506,133,Zaha,1,8,3,1,1,25,0,0,0,0,0,0,0,0,0,3.7,32.0,4.4,0,70,1,73.03,32.96,3,3.34
507,113,Borges Da Silva,1,12,4,0,0,0,0,0,0,0,0,0,0,0,0,0.0,0.0,0.0,0,70,0,59.72,31.11,3,0.61
508,405,Boly,1,9,3,0,9,90,0,0,0,0,0,0,0,0,1,3.0,2.0,27.2,0,50,32,37.16,15.15,2,3.52
509,112,Caballero,1,12,4,0,0,0,0,0,0,0,0,0,0,0,0,0.0,0.0,0.0,0,50,0,59.72,31.11,1,0.0
510,370,Hughes,1,4,2,1,2,90,0,0,0,0,0,0,0,0,0,1.3,6.0,3.6,0,55,1,64.39,29.55,3,0.0
511,413,Norris,1,9,3,0,0,0,0,0,0,0,0,0,0,0,0,0.0,0.0,0.0,0,40,0,37.16,15.15,1,0.0
512,383,Reid,1,11,5,1,0,0,0,0,0,0,0,0,0,0,0,0.0,0.0,0.0,0,40,0,87.94,41.88,2,0.0
513,194,Shaqiri,1,14,2,1,0,0,0,0,0,0,0,0,0,0,0,0.0,0.0,0.0,0,65,0,66.6,32.86,3,0.74
514,306,Valery,1,5,3,0,1,90,0,0,0,0,0,0,0,0,0,2.9,6.0,7.8,0,50,5,20.09,7.84,2,0.0
515,142,Mina,1,7,2,0,9,90,0,0,0,0,0,0,0,0,1,2.0,0.0,19.4,0,55,32,51.82,25.82,2,0.0
516,260,Muto,1,1,4,1,0,0,0,0,0,0,0,0,0,0,0,0.0,0.0,0.0,0,55,0,88.62,47.41,4,0.0
517,448,Tielemans,1,20,3,1,3,90,0,0,0,0,0,0,0,0,0,8.4,36.0,14.2,0,65,21,51.39,26.11,3,0.0
518,53,Bissouma,1,18,3,0,0,0,0,0,0,0,0,0,0,0,0,0.0,0.0,0.0,0,50,0,40.87,16.04,3,0.65
519,164,SÃ¶yÃ¼ncÃ¼,1,20,3,1,6,90,0,0,0,0,0,0,0,0,1,2.3,2.0,20.4,0,45,29,51.39,26.11,2,1.52
520,27,Nyland,1,17,5,0,0,0,0,0,0,0,0,0,0,0,0,0.0,0.0,0.0,0,45,0,22.17,6.88,1,0.0
521,122,Wan-Bissaka,2,20,3,0,1,90,6,4,1,8,0,0,0,0,0,4.4,5.0,28.0,88267,55,19,51.39,26.11,2,0.0
522,368,DoucourÃ©,2,8,3,0,2,90,4,3,1,0,0,0,0,0,0,3.1,6.0,12.6,-36607,60,7,73.03,32.96,3,0.0
523,63,Smith,2,2,2,0,2,90,15,2,1,1,0,0,0,0,0,1.7,4.0,12.2,-6200,45,14,64.33,26.21,2,0.0
524,526,San Miguel del Castillo,2,16,2,0,3,90,14,4,1,1,0,0,0,0,0,1.2,0.0,12.2,134813,45,12,30.72,11.04,1,0.0
525,22,El Mohamady,2,3,3,1,4,90,17,5,0,1,0,0,0,0,0,10.9,2.0,36.8,-5568,45,34,51.08,19.78,2,0.0
526,4,Maitland-Niles,2,5,3,1,2,90,13,5,0,12,0,0,0,0,0,4.2,7.0,15.4,144845,50,13,20.09,7.84,2,1.78
527,189,Ramses Becker,2,16,2,0,0,0,14,4,1,1,0,0,0,0,0,0.0,0.0,0.0,-1035061,59,0,30.72,11.04,1,0.0
528,500,Saint-Maximin,2,14,3,0,0,0,1,4,1,1,0,0,0,0,0,0.0,0.0,0.0,1284,55,0,66.6,32.86,3,0.0
529,108,Christensen,2,9,3,1,2,90,12,5,0,0,0,0,0,0,0,2.0,0.0,19.6,588,50,17,37.16,15.15,2,0.0
530,246,Pereira,2,20,3,0,1,1,6,4,1,6,0,0,0,0,0,0.0,0.0,0.0,44368,50,2,51.39,26.11,3,0.0
531,181,Robertson,2,16,2,0,2,90,14,4,1,2,0,0,0,0,0,6.3,21.0,23.8,-128747,70,14,30.72,11.04,2,0.0
532,364,Gray,2,8,3,0,1,7,4,3,1,2,0,0,0,0,0,1.3,0.0,2.0,-6252,60,4,73.03,32.96,4,0.0
533,135,Townsend,2,15,3,0,2,69,8,2,1,3,0,0,0,0,0,3.4,14.0,16.4,-6281,60,13,60.15,30.82,3,0.0
534,422,Tavares Gomes,2,18,2,1,2,90,7,2,0,1,0,0,0,0,0,3.5,0.0,13.4,-18492,55,12,40.87,16.04,3,0.0
535,319,Gunn,2,10,5,1,2,90,5,2,0,1,0,0,0,0,0,3.0,0.0,30.2,-3047,45,16,80.79,38.31,1,3.28
536,239,Martial,2,20,3,0,7,90,6,4,1,7,0,0,0,0,1,7.1,29.0,39.0,200074,76,20,51.39,26.11,3,0.0
537,30,El Ghazi,2,3,3,1,2,74,17,5,0,2,0,0,0,0,0,5.5,43.0,0.4,2182,55,3,51.08,19.78,3,0.0
538,90,Barnes,2,1,4,0,5,90,16,2,1,13,0,0,0,0,0,12.3,81.0,38.0,105513,65,22,88.62,47.41,3,1.7
539,101,Westwood,2,1,4,0,2,90,16,2,1,3,0,0,0,0,0,3.9,4.0,12.8,-4427,55,9,88.62,47.41,3,0.0
540,202,Laporte,2,17,4,1,1,90,19,3,0,6,0,0,0,0,0,3.9,17.0,20.6,-6254,65,15,22.17,6.88,2,0.0
541,265,PÃ©rez,2,6,4,0,2,79,20,3,1,3,0,0,0,0,0,5.1,31.0,9.4,-64931,65,8,75.54,36.72,3,0.0
542,161,Chilwell,2,6,4,0,0,0,20,3,1,6,0,0,0,0,0,0.0,0.0,0.0,-8749,55,0,75.54,36.72,2,0.0
543,366,Foster,2,8,3,0,2,90,4,3,1,1,0,0,0,0,0,1.1,0.0,10.6,-19986,50,9,73.03,32.96,1,0.0
544,273,Godfrey,2,13,2,1,2,90,10,2,0,0,0,0,0,0,0,1.8,0.0,17.8,-1009,45,18,46.5,20.47,2,0.0
545,83,Mee,2,1,4,0,1,90,16,2,1,6,0,0,0,0,0,7.3,31.0,21.6,-1351,50,10,88.62,47.41,2,0.0
546,39,Fernandes da Silva Junior,2,19,3,1,0,0,18,3,0,1,0,0,0,0,0,0.0,0.0,0.0,-666,45,0,49.63,21.22,2,1.78
547,152,AnÃ­cio Caldeira Duarte,2,18,2,1,11,90,7,2,0,2,0,0,0,0,1,12.9,41.0,53.2,1576,65,38,40.87,16.04,3,0.0
548,14,Leno,2,5,3,1,3,90,13,5,0,7,0,0,0,0,0,2.6,0.0,26.4,90465,50,15,20.09,7.84,1,0.0
549,298,Sharp,2,7,2,1,0,0,3,2,0,8,0,0,0,0,0,0.0,0.0,0.0,24468,60,0,51.82,25.82,4,0.0
550,455,Engels,2,3,3,1,1,90,17,5,0,1,0,0,0,0,0,2.4,9.0,14.2,53,45,12,51.08,19.78,2,0.0
551,453,Robinson,2,7,2,1,1,55,3,2,0,2,0,0,0,0,0,2.3,21.0,0.0,-410,55,-1,51.82,25.82,3,1.79
552,67,Wilson,2,2,2,0,5,90,15,2,1,5,0,0,0,0,0,9.0,26.0,11.4,-79871,80,16,64.33,26.21,3,0.75
553,467,Chambers,2,5,3,1,0,0,13,5,0,6,0,0,0,0,0,0.0,0.0,0.0,15821,45,0,20.09,7.84,2,0.0
554,437,Adams,2,10,5,1,2,67,5,2,0,2,0,0,0,0,0,2.8,16.0,0.2,-8706,60,4,80.79,38.31,4,0.0
555,129,Benteke,2,15,3,0,2,90,8,2,1,2,0,0,0,0,0,4.5,21.0,11.6,897,60,11,60.15,30.82,4,0.0
556,343,Eriksen,2,11,5,0,2,90,2,2,1,1,0,0,0,0,0,2.2,2.0,6.6,-69150,90,11,87.94,41.88,3,0.0
557,431,Pulisic,2,9,3,1,2,70,12,5,0,1,0,0,0,0,0,1.4,4.0,6.2,-12103,75,3,37.16,15.15,3,0.6
558,423,Basham,2,7,2,1,6,90,3,2,0,2,0,0,0,0,1,4.4,6.0,27.6,-340,45,25,51.82,25.82,2,0.0
559,61,Mepham,2,2,2,0,0,0,15,2,1,10,0,0,0,0,0,0.0,0.0,0.0,41580,45,0,64.33,26.21,2,0.0
560,91,Wood,2,1,4,0,2,60,16,2,1,2,0,0,0,0,0,2.2,8.0,1.4,-19415,65,6,88.62,47.41,4,0.0
561,130,Wickham,2,15,3,0,1,8,8,2,1,1,0,0,0,0,0,0.0,0.0,0.0,38302,45,2,60.15,30.82,4,0.0
562,403,Coady,2,12,4,1,2,90,9,2,0,6,0,0,0,0,0,1.4,0.0,13.8,-1585,50,6,59.72,31.11,2,0.0
563,28,Hourihane,2,3,3,1,0,0,17,5,0,2,0,0,0,0,0,0.0,0.0,0.0,-1000,60,0,51.08,19.78,3,0.0
564,358,Cathcart,2,8,3,0,2,90,4,3,1,1,0,0,0,0,0,2.2,0.0,21.2,-25517,45,16,73.03,32.96,2,0.0
565,439,Dawson,2,8,3,0,2,90,4,3,1,1,0,0,0,0,0,3.0,7.0,22.6,-1755,50,10,73.03,32.96,2,0.0
566,105,Azpilicueta,2,9,3,1,2,90,12,5,0,0,0,0,0,0,0,5.6,6.0,19.8,-45085,60,13,37.16,15.15,2,0.74
567,57,Stephens,2,19,3,1,2,90,18,3,0,3,0,0,0,0,0,4.0,15.0,22.6,29557,45,16,49.63,21.22,2,0.0
568,469,Ceballos FernÃ¡ndez,2,5,3,1,11,82,13,5,0,1,0,0,0,0,1,11.6,20.0,47.8,-10263,55,38,20.09,7.84,3,1.63
569,243,James,2,20,3,0,1,88,6,4,1,6,0,0,0,0,0,2.9,20.0,2.8,18587,60,6,51.39,26.11,3,0.0
570,313,Ings,2,10,5,1,6,26,5,2,0,2,0,0,0,0,1,8.9,59.0,29.2,-17541,60,22,80.79,38.31,4,0.0
571,332,Rose,2,11,5,0,1,90,2,2,1,2,0,0,0,0,0,1.9,0.0,18.6,-13784,55,8,87.94,41.88,2,0.0
572,475,Burn,2,19,3,1,2,90,18,3,0,6,0,0,0,0,0,6.0,17.0,18.0,1775,45,9,49.63,21.22,2,7.65
573,235,de Gea,2,20,3,0,2,90,6,4,1,10,0,0,0,0,0,1.3,0.0,13.0,361048,56,11,51.39,26.11,1,1.5
574,303,McGoldrick,2,7,2,1,2,88,3,2,0,2,0,0,0,0,0,6.5,53.0,9.6,656,55,4,51.82,25.82,4,0.0
575,219,Silva,2,17,4,1,1,12,19,3,0,3,0,0,0,0,0,0.1,0.0,0.0,-7330,75,2,22.17,6.88,3,0.0
576,333,SÃ¡nchez,2,11,5,0,1,90,2,2,1,2,0,0,0,0,0,3.3,0.0,33.4,-4978,55,19,87.94,41.88,3,0.0
577,54,PrÃ¶pper,2,19,3,1,2,90,18,3,0,6,0,0,0,0,0,5.0,19.0,17.4,44482,50,5,49.63,21.22,3,0.0
578,471,Henderson,2,7,2,1,9,90,3,2,0,2,0,0,0,0,1,2.2,0.0,22.2,2750,45,29,51.82,25.82,1,0.0
579,395,Rice,2,4,3,0,1,90,11,3,1,2,0,0,0,0,0,2.1,1.0,8.2,-4577,50,9,64.39,29.55,3,0.0
580,65,Rico,2,2,2,0,0,0,15,2,1,2,0,0,0,0,0,0.0,0.0,0.0,35828,40,0,64.33,26.21,2,0.0
581,410,Jota,2,12,4,1,2,85,9,2,0,2,0,0,0,0,0,2.8,12.0,3.0,-67433,65,-2,59.72,31.11,4,0.0
582,188,Origi,2,16,2,0,1,11,14,4,1,12,0,0,0,0,0,0.1,0.0,0.2,163204,56,3,30.72,11.04,4,0.0
583,147,Calvert-Lewin,2,18,2,1,2,71,7,2,0,2,0,0,0,0,0,0.7,2.0,4.4,-3796,60,6,40.87,16.04,4,0.0
584,69,Solanke,2,2,2,0,1,14,15,2,1,1,0,0,0,0,0,1.5,2.0,2.8,-3131,55,7,64.33,26.21,4,0.0
585,470,Soares de Paulo,2,3,3,1,9,90,17,5,0,1,0,0,0,0,1,7.5,15.0,46.0,809,45,33,51.08,19.78,3,0.0
586,97,McNeil,2,1,4,0,5,90,16,2,1,3,0,0,0,0,0,6.3,29.0,7.6,-2455,60,18,88.62,47.41,3,0.0
587,212,Santana de Moraes,2,17,4,1,1,90,19,3,0,7,0,0,0,0,0,0.5,0.0,5.0,266555,61,14,22.17,6.88,1,0.0
588,107,Palmieri dos Santos,2,9,3,1,2,90,12,5,0,0,0,0,0,0,0,5.2,2.0,27.8,24245,55,17,37.16,15.15,2,0.0
589,283,BuendÃ­a,2,13,2,1,2,90,10,2,0,4,0,0,0,0,0,8.6,8.0,15.2,13260,60,11,46.5,20.47,3,0.0
590,291,Stevens,2,7,2,1,7,90,3,2,0,2,0,0,0,0,1,5.0,20.0,16.4,-1365,50,27,51.82,25.82,2,4.86
591,346,Lamela,2,11,5,0,12,84,2,2,1,1,0,0,0,0,1,8.2,9.0,57.8,-6339,60,38,87.94,41.88,3,-0.41
592,447,Pieters,2,1,4,0,1,90,16,2,1,14,0,0,0,0,0,2.3,1.0,16.8,103519,45,18,88.62,47.41,2,0.0
593,373,Capoue,2,8,3,0,1,82,4,3,1,2,0,0,0,0,0,1.7,10.0,4.6,-2725,50,12,73.03,32.96,3,0.0
594,252,SchÃ¤r,2,14,3,0,1,90,1,4,1,2,0,0,0,0,0,4.3,17.0,25.4,-4837,50,18,66.6,32.86,2,0.0
595,197,Tavares,2,16,2,0,1,16,14,4,1,2,0,0,0,0,0,0.5,0.0,4.4,3518,55,6,30.72,11.04,3,0.0
596,382,Balbuena,2,4,3,0,0,0,11,3,1,-1,0,0,0,0,0,0.0,0.0,0.0,-1768,45,0,64.39,29.55,2,0.0
597,390,Pereira Gomes,2,4,3,0,0,0,11,3,1,1,0,0,0,0,0,0.0,0.0,0.0,-135347,70,0,64.39,29.55,3,0.0
598,46,Andone,2,19,3,1,1,16,18,3,0,6,0,0,0,0,0,1.7,2.0,4.0,61691,50,3,49.63,21.22,4,0.0
599,357,FemenÃ­a Far,2,8,3,0,2,90,4,3,1,1,0,0,0,0,0,2.9,8.0,19.4,-4565,45,7,73.03,32.96,2,0.0
600,211,de Jesus,2,17,4,1,1,24,19,3,0,6,0,0,0,0,0,4.7,48.0,0.0,8297,95,3,22.17,6.88,4,0.0
601,504,Martinelli Silva,2,5,3,1,0,0,13,5,0,1,0,0,0,0,0,0.0,0.0,0.0,28019,45,0,20.09,7.84,4,0.0
602,527,Nkoudou,2,11,5,0,0,0,2,2,1,1,0,0,0,0,0,0.0,0.0,0.0,638,50,0,87.94,41.88,3,0.0
603,294,Baldock,2,7,2,1,5,90,3,2,0,2,0,0,0,0,0,2.7,4.0,14.4,-111,45,17,51.82,25.82,2,0.0
604,199,Wijnaldum,2,16,2,0,2,90,14,4,1,2,0,0,0,0,0,1.7,4.0,11.0,-3552,55,12,30.72,11.04,3,0.0
605,363,Deulofeu,2,8,3,0,2,78,4,3,1,1,0,0,0,0,0,5.0,12.0,9.0,-59789,65,11,73.03,32.96,4,0.0
606,44,Murray,2,19,3,1,2,73,18,3,0,2,0,0,0,0,0,2.1,8.0,0.0,-13347,60,4,49.63,21.22,4,0.0
607,18,Xhaka,2,5,3,1,0,0,13,5,0,2,0,0,0,0,0,0.0,0.0,0.0,-9205,55,0,20.09,7.84,3,0.0
608,277,Hanley,2,13,2,1,2,90,10,2,0,-2,0,0,0,0,0,2.0,4.0,16.0,-2691,40,15,46.5,20.47,2,0.0
609,151,Sigurdsson,2,18,2,1,3,90,7,2,0,3,0,0,0,0,0,4.4,10.0,8.4,-50890,80,7,40.87,16.04,3,0.0
610,180,Choudhury,2,6,4,0,2,72,20,3,1,3,0,0,0,0,0,2.7,10.0,5.4,15393,45,8,75.54,36.72,3,0.0
611,338,Kane,2,11,5,0,2,90,2,2,1,13,0,0,0,0,0,0.6,4.0,0.4,-42147,110,4,87.94,41.88,4,6.16
612,160,Maguire,2,20,3,0,2,90,6,4,1,6,0,0,0,0,0,3.8,4.0,22.8,45576,55,20,51.39,26.11,2,1.46
613,347,Winks,2,11,5,0,1,55,2,2,1,2,0,0,0,0,0,1.0,0.0,9.4,-1072,55,10,87.94,41.88,3,0.0
614,172,Barnes,2,6,4,0,0,0,20,3,1,1,0,0,0,0,0,0.0,0.0,0.0,-1160,60,0,75.54,36.72,3,0.0
615,16,Mkhitaryan,2,5,3,1,0,0,13,5,0,2,0,0,0,0,0,0.0,0.0,0.0,996,70,0,20.09,7.84,3,0.78
616,340,Lloris,2,11,5,0,3,90,2,2,1,3,0,0,0,0,0,5.7,0.0,56.6,-31914,55,28,87.94,41.88,1,0.0
617,222,GÃ¼ndogan,2,17,4,1,2,90,19,3,0,1,0,0,0,0,0,6.6,16.0,9.8,-27274,55,16,22.17,6.88,3,0.0
618,271,Hayden,2,14,3,0,2,90,1,4,1,2,0,0,0,0,0,3.7,10.0,11.8,-4562,45,11,66.6,32.86,3,0.0
619,365,Success Ajayi,2,8,3,0,0,0,4,3,1,1,0,0,0,0,0,0.0,0.0,0.0,-3806,50,0,73.03,32.96,4,0.0
620,381,Diop,2,4,3,0,2,90,11,3,1,0,0,0,0,0,0,3.6,4.0,20.8,-13527,45,14,64.39,29.55,2,0.0
621,102,Cork,2,1,4,0,2,90,16,2,1,3,0,0,0,0,0,4.0,28.0,10.4,709,50,9,88.62,47.41,3,0.0
622,29,Grealish,2,3,3,1,6,90,17,5,0,2,0,0,0,0,1,11.5,11.0,34.0,-2810,60,26,51.08,19.78,3,0.0
623,293,O'Connell,2,7,2,1,6,90,3,2,0,2,0,0,0,0,1,7.9,55.0,22.6,-876,45,23,51.82,25.82,2,0.0
624,308,Stephens,2,10,5,1,0,0,5,2,0,1,0,0,0,0,0,0.0,0.0,0.0,-672,45,0,80.79,38.31,2,0.0
625,394,Wilshere,2,4,3,0,1,45,11,3,1,1,0,0,0,0,0,0.1,0.0,0.0,-2772,50,1,64.39,29.55,3,0.0
626,258,Lascelles,2,14,3,0,1,90,1,4,1,2,0,0,0,0,0,3.3,18.0,14.4,-24098,45,9,66.6,32.86,2,0.0
627,276,Lewis,2,13,2,1,6,89,10,2,0,0,0,0,0,0,1,2.9,4.0,17.6,-209,45,29,46.5,20.47,2,0.0
628,171,Maddison,2,6,4,0,5,90,20,3,1,3,0,0,0,0,0,8.9,16.0,20.8,-29125,70,11,75.54,36.72,3,0.0
629,138,McArthur,2,15,3,0,2,81,8,2,1,3,0,0,0,0,0,1.3,0.0,9.6,-5482,55,11,60.15,30.82,3,0.0
630,200,Milner,2,16,2,0,6,73,14,4,1,1,0,0,0,0,1,6.2,17.0,20.4,-5296,55,18,30.72,11.04,3,0.0
631,84,Tarkowski,2,1,4,0,1,90,16,2,1,6,0,0,0,0,0,3.8,26.0,11.6,-2362,50,7,88.62,47.41,2,0.0
632,321,Ward-Prowse,2,10,5,1,2,90,5,2,0,2,0,0,0,0,0,4.3,2.0,11.2,-6524,60,15,80.79,38.31,3,0.0
633,166,Vardy,2,6,4,0,2,90,20,3,1,2,0,0,0,0,0,0.9,10.0,0.0,-82257,90,-3,75.54,36.72,4,0.0
634,304,Vestergaard,2,10,5,1,1,90,5,2,0,1,0,0,0,0,0,3.8,4.0,20.0,-1184,50,13,80.79,38.31,2,0.0
635,307,Bednarek,2,10,5,1,1,90,5,2,0,1,0,0,0,0,0,1.8,0.0,16.8,-3212,45,10,80.79,38.31,2,0.0
636,386,HernÃ¡ndez BalcÃ¡zar,2,4,3,0,8,82,11,3,1,1,0,0,0,0,1,5.6,21.0,34.0,-7224,60,29,64.39,29.55,4,0.0
637,256,Manquillo,2,14,3,0,0,0,1,4,1,2,0,0,0,0,0,0.0,0.0,0.0,-19,45,0,66.6,32.86,2,0.0
638,451,Rodriguez,2,1,4,0,1,29,16,2,1,1,0,0,0,0,0,1.0,10.0,0.0,-5492,59,1,88.62,47.41,4,0.0
639,497,Gbamin,2,18,2,1,3,90,7,2,0,1,0,0,0,0,0,1.5,0.0,13.2,-42,50,8,40.87,16.04,3,0.0
640,82,Lerma,2,2,2,0,2,90,15,2,1,2,0,0,0,0,0,1.2,0.0,10.0,-142,50,11,64.33,26.21,3,0.0
641,241,Lingard,2,20,3,0,2,80,6,4,1,2,0,0,0,0,0,1.1,2.0,5.6,6802,65,9,51.39,26.11,3,0.0
642,498,Willems,2,14,3,0,0,0,1,4,1,1,0,0,0,0,0,0.0,0.0,0.0,-649,45,0,66.6,32.86,2,0.0
643,466,ApolinÃ¡rio de Lira,2,14,3,0,1,66,1,4,1,2,0,0,0,0,0,2.6,12.0,2.0,9075,60,0,66.6,32.86,4,0.0
644,126,Ward,2,15,3,0,2,90,8,2,1,6,0,0,0,0,0,4.8,0.0,43.6,3720,45,15,60.15,30.82,1,0.0
645,96,Gudmundsson,2,1,4,0,2,71,16,2,1,9,0,0,0,0,0,8.8,4.0,20.4,50832,60,15,88.62,47.41,3,0.0
646,295,Egan,2,7,2,1,6,90,3,2,0,2,0,0,0,0,1,1.2,0.0,11.8,-458,45,18,51.82,25.82,2,0.0
647,301,Fleck,2,7,2,1,1,28,3,2,0,1,0,0,0,0,0,1.8,1.0,1.8,-759,50,3,51.82,25.82,3,0.0
648,297,Lundstram,2,7,2,1,14,90,3,2,0,3,0,0,0,0,1,9.4,22.0,53.4,48106,40,41,51.82,25.82,2,3.08
649,31,McGinn,2,3,3,1,2,90,17,5,0,7,0,0,0,0,0,8.7,43.0,13.6,159128,56,7,51.08,19.78,3,1.76
650,207,Stones,2,17,4,1,0,0,19,3,0,6,0,0,0,0,0,0.0,0.0,0.0,3891,55,0,22.17,6.88,2,0.0
651,402,Castro Otto,2,12,4,1,2,90,9,2,0,5,0,0,0,0,0,3.9,23.0,13.6,-3909,55,11,59.72,31.11,2,0.0
652,26,Kodjia,2,3,3,1,0,0,17,5,0,1,0,0,0,0,0,0.0,0.0,0.0,-5746,55,0,51.08,19.78,4,0.0
653,269,Shelvey,2,14,3,0,8,90,1,4,1,1,0,0,0,0,1,10.9,21.0,47.4,-2604,50,31,66.6,32.86,3,0.0
654,162,Evans,2,6,4,0,3,90,20,3,1,7,0,0,0,0,0,1.7,0.0,16.4,2345,50,19,75.54,36.72,2,0.0
655,468,Ayew,2,15,3,0,0,0,8,2,1,2,0,0,0,0,0,0.0,0.0,0.0,10817,50,0,60.15,30.82,4,0.0
656,198,Henderson,2,16,2,0,1,1,14,4,1,2,0,0,0,0,0,0.3,0.0,0.0,4952,55,3,30.72,11.04,1,1.3199999999999998
657,148,Pickford,2,18,2,1,6,90,7,2,0,7,0,0,0,0,1,1.6,0.0,15.8,86478,55,26,40.87,16.04,1,0.0
658,118,Frello Filho,2,9,3,1,1,70,12,5,0,1,0,0,0,0,0,1.4,1.0,8.2,-262,50,3,37.16,15.15,3,0.0
659,184,Gomez,2,16,2,0,0,0,14,4,1,2,0,0,0,0,0,0.0,0.0,0.0,3745,55,0,30.72,11.04,2,0.0
660,490,Willock,2,5,3,1,2,90,13,5,0,3,0,0,0,0,0,6.7,22.0,16.6,4950,50,14,20.09,7.84,3,0.0
661,68,King,2,2,2,0,6,90,15,2,1,2,0,0,0,0,1,7.1,28.0,39.6,-90365,65,22,64.33,26.21,3,0.0
662,434,Drmic,2,13,2,1,0,0,10,2,0,1,0,0,0,0,0,0.0,0.0,0.0,-2031,55,0,46.5,20.47,4,0.0
663,36,Peleteiro Romallo,2,3,3,1,1,15,17,5,0,1,0,0,0,0,0,2.5,7.0,6.0,-2419,60,4,51.08,19.78,3,0.0
664,353,Holebas,2,8,3,0,1,90,4,3,1,1,0,0,0,0,0,5.4,0.0,26.4,-34519,50,14,73.03,32.96,2,0.0
665,415,Santos Moutinho,2,12,4,1,8,90,9,2,0,3,0,0,0,0,1,7.5,0.0,36.0,-19074,55,27,59.72,31.11,3,0.0
666,242,Mata,2,20,3,0,1,9,6,4,1,1,0,0,0,0,0,0.1,0.0,0.2,-4544,65,3,51.39,26.11,3,0.0
667,45,Locadia,2,19,3,1,0,0,18,3,0,2,0,0,0,0,0,0.0,0.0,0.0,240,55,0,49.63,21.22,4,0.0
668,168,Schmeichel,2,6,4,0,3,90,20,3,1,6,0,0,0,0,0,3.7,0.0,36.6,1036,50,18,75.54,36.72,1,0.0
669,286,McLean,2,13,2,1,0,0,10,2,0,2,0,0,0,0,0,0.0,0.0,0.0,-139,50,0,46.5,20.47,3,0.0
670,111,Arrizabalaga,2,9,3,1,2,90,12,5,0,0,0,0,0,0,0,2.3,0.0,23.0,17885,55,18,37.16,15.15,1,0.5
671,215,De Bruyne,2,17,4,1,11,90,19,3,0,7,0,0,0,0,1,22.5,38.0,59.2,2049,95,44,22.17,6.88,3,-0.23
672,459,Zouma,2,9,3,1,2,90,12,5,0,-1,0,0,0,0,0,3.2,19.0,12.8,-20938,50,12,37.16,15.15,2,2.47
673,337,Walker-Peters,2,11,5,0,1,90,2,2,1,2,0,0,0,0,0,2.5,0.0,24.0,-18205,50,12,87.94,41.88,2,0.0
674,203,Walker,2,17,4,1,1,90,19,3,0,8,0,0,0,0,0,5.4,4.0,19.4,23665,60,20,22.17,6.88,2,1.73
675,420,Dendoncker,2,12,4,1,2,90,9,2,0,3,0,0,0,0,0,1.1,8.0,0.2,74728,45,4,59.72,31.11,3,0.0
676,42,Dunk,2,19,3,1,3,90,18,3,0,11,0,0,0,0,0,2.2,4.0,17.8,129239,45,21,49.63,21.22,2,1.67
677,141,Digne,2,18,2,1,11,72,7,2,0,6,0,0,0,0,1,9.3,28.0,35.4,-9219,60,36,40.87,16.04,2,3.51
678,345,Rodrigues Moura da Silva,2,11,5,0,6,34,2,2,1,5,0,0,0,0,1,10.1,66.0,35.2,-54503,75,23,87.94,41.88,3,0.0
679,388,Fabianski,2,4,3,0,3,90,11,3,1,1,0,0,0,0,0,2.3,0.0,23.2,-1644,50,17,64.39,29.55,1,0.0
680,134,Milivojevic,2,15,3,0,2,90,8,2,1,2,0,0,0,0,0,3.9,8.0,9.6,-40613,70,7,60.15,30.82,3,0.0
681,441,Freeman,2,7,2,1,2,61,3,2,0,1,0,0,0,0,0,3.0,10.0,6.4,-973,55,2,51.82,25.82,3,0.0
682,226,Shaw,2,20,3,0,2,90,6,4,1,6,0,0,0,0,0,4.7,2.0,15.6,-3798,55,19,51.39,26.11,2,0.0
683,465,Ibrahim Hassan,2,3,3,1,2,86,17,5,0,1,0,0,0,0,0,7.5,61.0,6.4,4748,55,0,51.08,19.78,3,0.0
684,391,Lanzini,2,4,3,0,8,90,11,3,1,2,0,0,0,0,1,8.6,3.0,34.0,7085,65,34,64.39,29.55,3,0.67
685,285,Stiepermann,2,13,2,1,3,83,10,2,0,1,0,0,0,0,0,5.3,23.0,11.6,592,55,12,46.5,20.47,3,0.0
686,233,Rashford,2,20,3,0,6,88,6,4,1,13,0,0,0,0,1,5.2,9.0,17.8,271490,86,22,51.39,26.11,4,5.29
687,174,Albrighton,2,6,4,0,1,10,20,3,1,1,0,0,0,0,0,1.3,0.0,2.4,-1034,55,4,75.54,36.72,3,0.0
688,262,Dubravka,2,14,3,0,2,90,1,4,1,2,0,0,0,0,0,3.9,0.0,38.6,-1234,50,18,66.6,32.86,1,0.0
689,128,Kelly,2,15,3,0,2,90,8,2,1,6,0,0,0,0,0,2.0,2.0,16.8,108511,40,15,60.15,30.82,2,0.0
690,38,Montoya,2,19,3,1,2,90,18,3,0,6,0,0,0,0,0,4.7,2.0,19.4,8345,45,11,49.63,21.22,2,0.0
691,234,Greenwood,2,20,3,0,1,1,6,4,1,1,0,0,0,0,0,0.4,0.0,2.2,-9588,45,5,51.39,26.11,4,0.0
692,463,Mount,2,9,3,1,10,90,12,5,0,2,0,0,0,0,1,15.0,77.0,50.2,22692,60,27,37.16,15.15,3,0.0
693,432,Kovacic,2,9,3,1,1,19,12,5,0,2,0,0,0,0,0,0.3,0.0,2.8,4088,55,4,37.16,15.15,3,0.0
694,47,Ryan,2,19,3,1,2,90,18,3,0,9,0,0,0,0,0,1.9,0.0,19.4,134346,45,12,49.63,21.22,2,-0.48
695,21,Guendouzi,2,5,3,1,2,90,13,5,0,3,0,0,0,0,0,4.2,17.0,20.8,85079,45,15,20.09,7.84,3,0.0
696,85,Lowton,2,1,4,0,1,90,16,2,1,6,0,0,0,0,0,2.7,1.0,10.2,707,45,12,88.62,47.41,2,0.0
697,401,Doherty,2,12,4,1,1,45,9,2,0,6,0,0,0,0,0,0.1,0.0,0.0,-7294,60,3,59.72,31.11,2,0.0
698,251,Ritchie,2,14,3,0,1,90,1,4,1,2,0,0,0,0,0,6.4,12.0,17.2,-401,55,12,66.6,32.86,2,0.0
699,274,Aarons,2,13,2,1,1,90,10,2,0,0,0,0,0,0,0,3.6,18.0,4.2,-5400,45,7,46.5,20.47,2,0.0
700,136,Meyer,2,15,3,0,2,64,8,2,1,2,0,0,0,0,0,1.0,2.0,5.4,844,55,8,60.15,30.82,3,0.0
701,143,Keane,2,18,2,1,6,90,7,2,0,8,0,0,0,0,1,3.1,0.0,31.0,6752,55,27,40.87,16.04,2,0.0
702,314,Obafemi,2,10,5,1,0,0,5,2,0,1,0,0,0,0,0,0.0,0.0,0.0,-1033,50,0,80.79,38.31,4,0.0
703,389,Antonio,2,4,3,0,1,45,11,3,1,1,0,0,0,0,0,6.6,58.0,6.4,-8385,70,0,64.39,29.55,3,0.0
704,266,AlmirÃ³n,2,14,3,0,2,90,1,4,1,1,0,0,0,0,0,1.1,6.0,2.0,3728,60,7,66.6,32.86,3,0.0
705,191,Salah,2,16,2,0,3,78,14,4,1,12,0,0,0,0,0,4.3,29.0,2.4,114282,125,0,30.72,11.04,3,2.94
706,496,Kean,2,18,2,1,1,18,7,2,0,1,0,0,0,0,0,0.4,5.0,0.0,-48593,70,1,40.87,16.04,4,0.0
707,158,Schneiderlin,2,18,2,1,0,0,7,2,0,0,0,0,0,0,0,0.0,0.0,0.0,-16231,45,0,40.87,16.04,3,0.0
708,288,Leitner,2,13,2,1,2,90,10,2,0,0,0,0,0,0,0,3.9,4.0,17.0,111,45,22,46.5,20.47,3,0.0
709,349,Sissoko,2,11,5,0,2,90,2,2,1,5,0,0,0,0,0,0.9,0.0,6.8,35917,50,12,87.94,41.88,3,0.0
710,119,KantÃ©,2,9,3,1,2,90,12,5,0,0,0,0,0,0,0,5.2,18.0,15.8,7529,50,8,37.16,15.15,3,0.0
711,6,Monreal,2,5,3,1,2,90,13,5,0,7,0,0,0,0,0,5.1,4.0,23.2,8069,50,18,20.09,7.84,2,0.0
712,59,AkÃ©,2,2,2,0,1,90,15,2,1,2,0,0,0,0,0,3.9,18.0,20.6,-70959,50,8,64.33,26.21,2,0.0
713,320,Redmond,2,10,5,1,2,90,5,2,0,2,0,0,0,0,0,3.9,11.0,4.6,-17182,65,6,80.79,38.31,3,0.58
714,502,Maupay,2,19,3,1,1,23,18,3,0,6,0,0,0,0,0,2.0,14.0,0.2,22016,60,-4,49.63,21.22,4,0.66
715,24,Taylor,2,3,3,1,1,90,17,5,0,1,0,0,0,0,0,5.4,24.0,13.0,-236,45,14,51.08,19.78,2,0.0
716,93,Pope,2,1,4,0,3,90,16,2,1,8,0,0,0,0,0,6.6,2.0,54.0,55141,45,24,88.62,47.41,1,0.0
717,488,PÃ©pÃ©,2,5,3,1,1,45,13,5,0,1,0,0,0,0,0,5.2,9.0,16.6,-30816,95,6,20.09,7.84,3,0.0
718,206,Zinchenko,2,17,4,1,1,90,19,3,0,6,0,0,0,0,0,4.8,14.0,16.0,19349,55,16,22.17,6.88,2,0.0
719,501,McBurnie,2,7,2,1,1,34,3,2,0,1,0,0,0,0,0,1.8,13.0,3.2,-1000,60,1,51.82,25.82,4,0.0
720,302,Norwood,2,7,2,1,3,90,3,2,0,2,0,0,0,0,0,8.8,8.0,18.0,-267,50,17,51.82,25.82,3,0.0
721,352,Skipp,2,11,5,0,1,1,2,2,1,1,0,0,0,0,0,0.5,0.0,5.0,1598,45,3,87.94,41.88,3,0.0
722,110,Giroud,2,9,3,1,2,61,12,5,0,1,0,0,0,0,0,6.7,21.0,12.4,-8459,70,11,37.16,15.15,4,0.0
723,284,HernÃ¡ndez,2,13,2,1,0,0,10,2,0,1,0,0,0,0,0,0.0,0.0,0.0,-2485,55,0,46.5,20.47,3,0.0
724,328,Romeu Vidal,2,10,5,1,1,63,5,2,0,2,0,0,0,0,0,3.1,0.0,16.4,1416,45,12,80.79,38.31,3,0.0
725,399,Fornals,2,4,3,0,2,76,11,3,1,1,0,0,0,0,0,1.0,3.0,4.6,-5993,65,4,64.39,29.55,3,0.0
726,49,GroÃ,2,19,3,1,3,66,18,3,0,6,0,0,0,0,0,11.8,27.0,17.8,34844,65,21,49.63,21.22,3,0.0
727,487,Cutrone,2,12,4,1,1,1,9,2,0,1,0,0,0,0,0,0.0,0.0,0.0,-13634,60,2,59.72,31.11,4,0.0
728,123,van Aanholt,2,15,3,0,2,90,8,2,1,6,0,0,0,0,0,2.6,0.0,11.8,-7076,55,8,60.15,30.82,2,0.0
729,255,Dummett,2,14,3,0,0,90,1,4,1,2,0,0,0,0,0,4.3,33.0,9.0,-277,45,6,66.6,32.86,2,0.0
730,238,Pogba,2,20,3,0,0,90,6,4,1,9,0,0,0,0,0,6.1,27.0,16.4,118064,85,4,51.39,26.11,3,0.0
731,114,RodrÃ­guez Ledesma,2,9,3,1,2,90,12,5,0,2,0,0,0,0,0,4.4,6.0,11.6,36058,70,8,37.16,15.15,3,1.6800000000000002
732,476,Billing,2,2,2,0,0,45,15,2,1,2,0,0,0,0,0,0.5,1.0,2.8,1144,50,0,64.33,26.21,3,0.0
733,220,Foden,2,17,4,1,0,0,19,3,0,1,0,0,0,0,0,0.0,0.0,0.0,-4133,55,0,22.17,6.88,3,0.0
734,11,Aubameyang,2,5,3,1,6,90,13,5,0,6,0,0,0,0,1,9.4,33.0,42.2,113772,110,25,20.09,7.84,4,5.19
735,325,HÃ¸jbjerg,2,10,5,1,2,90,5,2,0,1,0,0,0,0,0,4.2,25.0,12.0,-5805,50,10,80.79,38.31,3,0.0
736,214,Sterling,2,17,4,1,6,90,19,3,0,20,0,0,0,0,1,19.7,122.0,44.4,287873,121,20,22.17,6.88,3,5.11
737,409,JimÃ©nez,2,12,4,1,2,90,9,2,0,2,0,0,0,0,0,2.9,22.0,4.6,-124842,75,6,59.72,31.11,4,0.0
738,489,Nelson,2,5,3,1,1,45,13,5,0,2,0,0,0,0,0,5.3,37.0,3.2,1573,55,-1,20.09,7.84,3,0.0
739,159,Barbosa Pereira,2,6,4,0,2,90,20,3,1,9,0,0,0,0,0,4.2,3.0,32.2,-5450,60,11,75.54,36.72,2,0.0
740,150,de Andrade,2,18,2,1,3,62,7,2,0,3,0,0,0,0,0,3.0,30.0,0.0,-10235,80,0,40.87,16.04,3,0.77
741,217,Mahrez,2,17,4,1,1,10,19,3,0,14,0,0,0,0,0,0.7,6.0,0.2,104906,85,1,22.17,6.88,3,1.65
742,187,Firmino,2,16,2,0,8,90,14,4,1,5,0,0,0,0,1,7.6,32.0,36.4,-14227,95,31,30.72,11.04,4,0.0
743,369,Pereyra,2,8,3,0,1,90,4,3,1,1,0,0,0,0,0,3.8,28.0,3.0,-44700,60,-1,73.03,32.96,3,0.0
744,393,Snodgrass,2,4,3,0,2,90,11,3,1,1,0,0,0,0,0,4.1,21.0,14.2,-1263,55,7,64.39,29.55,3,0.0
745,443,Hernandez,2,17,4,1,2,77,19,3,0,3,0,0,0,0,0,5.5,7.0,23.4,11968,55,16,22.17,6.88,3,0.0
746,407,SaÃ¯ss,2,12,4,1,0,0,9,2,0,1,0,0,0,0,0,0.0,0.0,0.0,-1528,45,0,59.72,31.11,2,0.0
747,117,Barkley,2,9,3,1,0,0,12,5,0,1,0,0,0,0,0,0.0,0.0,0.0,-24033,60,0,37.16,15.15,3,0.0
748,411,dos Santos PatrÃ­cio,2,12,4,1,9,90,9,2,0,6,0,0,0,0,1,3.0,0.0,29.8,-3623,50,25,59.72,31.11,1,0.0
749,404,Bennett,2,12,4,1,1,90,9,2,0,6,0,0,0,0,0,1.8,2.0,14.6,-991,50,11,59.72,31.11,2,0.0
750,305,Bertrand,2,10,5,1,1,76,5,2,0,1,0,0,0,0,0,0.4,2.0,0.6,-5951,50,6,80.79,38.31,2,0.0
751,75,Fraser,2,2,2,0,2,90,15,2,1,1,0,0,0,0,0,7.7,35.0,10.8,-135984,75,6,64.33,26.21,1,2.1100000000000003
752,380,Fredericks,2,4,3,0,2,90,11,3,1,0,0,0,0,0,0,2.5,2.0,11.8,-333,45,9,64.39,29.55,2,0.0
753,414,da Silva Neves,2,12,4,1,7,90,9,2,0,2,0,0,0,0,1,5.2,7.0,43.2,-20722,55,22,59.72,31.11,3,0.0
754,192,ManÃ©,2,16,2,0,13,90,14,4,1,1,0,0,0,0,1,16.3,38.0,69.4,-51300,115,45,30.72,11.04,3,1.65
755,127,Dann,2,15,3,0,2,90,8,2,1,6,0,0,0,0,0,3.1,2.0,28.6,1951,45,17,60.15,30.82,2,-0.36
756,248,McTominay,2,20,3,0,2,90,6,4,1,3,0,0,0,0,0,2.6,12.0,10.0,2846,50,9,51.39,26.11,3,0.0
757,144,Coleman,2,18,2,1,5,90,7,2,0,6,0,0,0,0,0,1.1,3.0,7.2,5813,55,16,40.87,16.04,2,0.0
758,270,Longstaff,2,14,3,0,3,16,1,4,1,2,0,0,0,0,0,2.9,0.0,17.0,-264,50,9,66.6,32.86,3,0.0
759,210,AgÃ¼ero,2,17,4,1,6,65,19,3,0,5,0,0,0,0,1,9.3,51.0,31.4,-103549,120,27,22.17,6.88,4,0.0
760,37,Duffy,2,19,3,1,2,90,18,3,0,6,0,0,0,0,0,1.3,3.0,9.4,-114,50,13,49.63,21.22,3,0.0
761,508,Boufal,2,10,5,1,0,0,5,2,0,1,0,0,0,0,0,0.0,0.0,0.0,-348,55,0,80.79,38.31,3,0.0
762,5,Papastathopoulos,2,5,3,1,2,90,13,5,0,8,0,0,0,0,0,3.7,2.0,24.0,10172,50,20,20.09,7.84,2,0.0
763,55,March,2,19,3,1,2,90,18,3,0,3,0,0,0,0,0,7.4,21.0,21.8,759,50,13,49.63,21.22,3,0.0
764,58,Cook,2,2,2,0,2,90,15,2,1,2,0,0,0,0,0,2.9,0.0,28.8,-495,50,11,64.33,26.21,3,0.0
765,457,Haller,2,4,3,0,0,0,11,3,1,2,0,0,0,0,0,0.0,0.0,0.0,-30054,75,0,64.39,29.55,4,0.38
766,460,Abraham,2,9,3,1,1,29,12,5,0,1,0,0,0,0,0,1.5,5.0,0.0,11156,70,2,37.16,15.15,4,0.0
767,442,Ndombele,2,11,5,0,6,90,2,2,1,8,0,0,0,0,1,5.4,0.0,42.6,145618,60,31,87.94,41.88,3,0.0
768,278,Pukki,2,13,2,1,17,90,10,2,0,7,0,0,0,0,1,23.9,114.0,112.4,176308,66,83,46.5,20.47,4,2.44
769,280,Krul,2,13,2,1,2,90,10,2,0,1,0,0,0,0,0,2.6,0.0,25.6,1056,45,15,46.5,20.47,1,0.0
770,331,Alderweireld,2,11,5,0,1,90,2,2,1,2,0,0,0,0,0,3.1,0.0,31.0,-41914,55,16,87.94,41.88,2,0.0
771,287,Cantwell,2,13,2,1,10,90,10,2,0,2,0,0,0,0,1,14.6,41.0,46.6,13546,45,33,46.5,20.47,3,1.77
772,154,Davies,2,18,2,1,0,0,7,2,0,1,0,0,0,0,0,0.0,0.0,0.0,-315,55,0,40.87,16.04,2,0.0
773,94,Heaton,2,3,3,1,1,90,17,5,0,2,0,0,0,0,0,1.2,0.0,12.2,21575,45,7,51.08,19.78,1,0.0
774,290,Trybull,2,13,2,1,3,86,10,2,0,2,0,0,0,0,0,3.7,4.0,19.6,4516,45,19,46.5,20.47,3,0.0
775,182,Alexander-Arnold,2,16,2,0,1,90,14,4,1,5,0,0,0,0,0,4.3,4.0,9.8,32545,70,7,30.72,11.04,2,0.0
776,362,Deeney,2,8,3,0,2,90,4,3,1,2,0,0,0,0,0,5.9,37.0,9.0,-26484,65,5,73.03,32.96,4,0.0
777,445,Mings,2,3,3,1,1,90,17,5,0,6,0,0,0,0,0,4.2,2.0,25.6,22926,45,15,51.08,19.78,2,0.0
778,131,Guaita,2,15,3,0,2,90,8,2,1,6,0,0,0,0,0,2.4,0.0,23.6,5582,50,16,60.15,30.82,1,0.0
779,225,LindelÃ¶f,2,20,3,0,2,90,6,4,1,5,0,0,0,0,0,1.8,0.0,17.0,-4544,55,14,51.39,26.11,2,0.0
780,183,van Dijk,2,16,2,0,2,90,14,4,1,8,0,0,0,0,0,3.4,2.0,30.8,60548,65,16,30.72,11.04,2,1.55
781,428,Moraes,2,3,3,1,2,90,17,5,0,2,0,0,0,0,0,4.8,31.0,5.8,4529,60,6,51.08,19.78,4,0.68
782,176,Ndidi,2,6,4,0,10,90,20,3,1,3,0,0,0,0,1,7.1,17.0,51.8,-15,50,27,75.54,36.72,3,0.0
783,133,Zaha,2,15,3,0,2,90,8,2,1,1,0,0,0,0,0,4.7,28.0,4.6,-55359,70,0,60.15,30.82,3,0.0
784,405,Boly,2,12,4,1,2,90,9,2,0,9,0,0,0,0,0,1.5,2.0,12.8,6703,50,10,59.72,31.11,2,0.0
785,370,Hughes,2,8,3,0,2,66,4,3,1,2,0,0,0,0,0,1.9,6.0,6.4,-1272,55,10,73.03,32.96,3,0.0
786,306,Valery,2,10,5,1,1,90,5,2,0,1,0,0,0,0,0,5.9,22.0,21.0,-2813,50,14,80.79,38.31,2,0.0
787,142,Mina,2,18,2,1,7,90,7,2,0,9,0,0,0,0,1,2.1,0.0,20.4,32722,55,29,40.87,16.04,2,0.0
788,448,Tielemans,2,6,4,0,2,90,20,3,1,3,0,0,0,0,0,3.2,23.0,4.6,-13230,65,6,75.54,36.72,3,0.0
789,164,SÃ¶yÃ¼ncÃ¼,2,6,4,0,2,90,20,3,1,6,0,0,0,0,0,2.7,2.0,24.2,6524,45,15,75.54,36.72,2,0.0
790,122,Wan-Bissaka,3,6,4,0,0,90,20,3,0,1,6,4,1,8,0,0.465,0.7,5.84,77831,55,19,56.037101265822784,25.889873417721518,2,26.51
791,368,DoucourÃ©,3,15,3,0,0,90,8,3,0,2,4,3,1,0,0,0.0,0.0,0.0,0,60,7,56.037101265822784,25.889873417721518,3,0.0
792,63,Smith,3,11,5,0,0,90,2,2,0,2,15,2,1,1,0,0.155,0.8,1.56,-7492,45,14,56.037101265822784,25.889873417721518,2,1.78
793,526,San Miguel del Castillo,3,1,4,0,0,90,16,2,0,3,14,4,1,1,0,0.115,0.0,2.28,28417,45,12,56.037101265822784,25.889873417721518,1,4.83
794,22,El Mohamady,3,7,2,1,0,90,3,3,1,4,17,5,0,1,0,0.615,0.2,5.0200000000000005,-1855,45,34,56.037101265822784,25.889873417721518,2,0.75
795,4,Maitland-Niles,3,10,5,1,0,90,5,3,1,2,13,5,0,12,0,0.465,0.7,5.38,28590,50,13,56.037101265822784,25.889873417721518,2,2.5
796,108,Christensen,3,12,4,1,0,90,9,3,1,2,12,5,0,0,0,0.235,0.2,4.2799999999999985,3996,50,17,56.037101265822784,25.889873417721518,2,9.57
797,246,Pereira,3,6,4,0,0,90,20,3,0,1,6,4,1,6,0,0.4400000000000001,1.2,5.36,6160,50,2,56.037101265822784,25.889873417721518,3,1.71
798,181,Robertson,3,1,4,0,0,90,16,2,0,2,14,4,1,2,0,0.5349999999999999,2.8,3.62,-182987,70,14,56.037101265822784,25.889873417721518,2,39.52
799,364,Gray,3,15,3,0,0,90,8,3,0,1,4,3,1,2,0,0.0,0.0,0.0,-4812,60,4,56.037101265822784,25.889873417721518,4,0.0
800,135,Townsend,3,2,2,0,0,90,15,3,0,2,8,2,1,3,0,0.28,1.4,2.64,-31519,60,13,56.037101265822784,25.889873417721518,3,4.9
801,422,Tavares Gomes,3,19,3,1,0,90,18,2,1,2,7,2,0,1,0,0.27,0.0,2.1,-2835,55,12,56.037101265822784,25.889873417721518,3,1.73
802,319,Gunn,3,13,2,1,0,90,10,5,1,2,5,2,0,1,0,0.2,0.0,4.0,-250,45,16,56.037101265822784,25.889873417721518,1,32.1
803,239,Martial,3,6,4,0,0,90,20,3,0,7,6,4,1,7,0,1.005,10.0,7.82,328168,76,20,56.037101265822784,25.889873417721518,3,31.02
804,30,El Ghazi,3,7,2,1,0,90,3,3,1,2,17,5,0,2,0,0.35,5.1,0.18,-2972,55,3,56.037101265822784,25.889873417721518,3,0.0
805,90,Barnes,3,14,3,0,0,90,1,4,0,5,16,2,1,13,0,1.425,17.0,10.94,155202,65,22,56.037101265822784,25.889873417721518,3,14.82
806,101,Westwood,3,14,3,0,0,90,1,4,0,2,16,2,1,3,0,0.28500000000000003,0.4,1.92,-5066,55,9,56.037101265822784,25.889873417721518,3,0.52
807,202,Laporte,3,3,3,1,0,90,17,4,1,1,19,3,0,6,0,0.29500000000000004,1.7,3.98,-2945,65,15,56.037101265822784,25.889873417721518,2,9.02
808,265,PÃ©rez,3,20,3,0,0,90,6,4,0,2,20,3,1,3,0,0.0,0.0,0.0,0,65,8,56.037101265822784,25.889873417721518,3,8.89
809,366,Foster,3,15,3,0,0,90,8,3,0,2,4,3,1,1,0,0.105,0.0,2.06,-11483,50,9,56.037101265822784,25.889873417721518,1,2.16
810,273,Godfrey,3,5,3,1,0,90,13,2,1,2,10,2,0,0,0,0.245,0.7,4.16,-377,45,18,56.037101265822784,25.889873417721518,2,1.66
811,83,Mee,3,14,3,0,0,90,1,4,0,1,16,2,1,6,0,0.48,3.3,4.2799999999999985,-1076,50,10,56.037101265822784,25.889873417721518,2,0.0
812,152,AnÃ­cio Caldeira Duarte,3,19,3,1,0,90,18,2,1,11,7,2,0,2,0,0.0,0.0,0.0,0,65,38,56.037101265822784,25.889873417721518,3,0.0
813,14,Leno,3,10,5,1,0,90,5,3,1,3,13,5,0,7,0,0.22000000000000006,0.0,4.44,-28452,50,15,56.037101265822784,25.889873417721518,1,1.63
814,455,Engels,3,7,2,1,0,90,3,3,1,1,17,5,0,1,0,0.26,0.9,4.2,-272,45,12,56.037101265822784,25.889873417721518,2,0.0
815,453,Robinson,3,18,2,1,0,90,7,2,1,1,3,2,0,2,0,0.29,5.0,0.46,-12653,55,-1,56.037101265822784,25.889873417721518,3,1.67
816,67,Wilson,3,11,5,0,0,90,2,2,0,5,15,2,1,5,0,0.65,6.1,1.38,-183704,80,16,56.037101265822784,25.889873417721518,3,31.669999999999995
817,437,Adams,3,13,2,1,0,90,10,5,1,2,5,2,0,2,0,0.22000000000000006,3.7,0.02,-6074,60,4,56.037101265822784,25.889873417721518,4,0.57
818,129,Benteke,3,2,2,0,0,90,15,3,0,2,8,2,1,2,0,0.36,2.3,2.12,-7641,60,11,56.037101265822784,25.889873417721518,4,0.0
819,343,Eriksen,3,4,3,0,0,90,11,5,0,2,2,2,1,1,0,0.465,2.0,1.92,-33782,90,11,56.037101265822784,25.889873417721518,3,10.01
820,431,Pulisic,3,12,4,1,0,90,9,3,1,2,12,5,0,1,0,0.2,1.2,1.22,-54652,75,3,56.037101265822784,25.889873417721518,3,7.84
821,423,Basham,3,18,2,1,0,90,7,2,1,6,3,2,0,2,0,0.28500000000000003,0.8,3.72,1731,45,25,56.037101265822784,25.889873417721518,2,0.0
822,91,Wood,3,14,3,0,0,90,1,4,0,2,16,2,1,2,0,0.15,1.6,0.14,-18565,65,6,56.037101265822784,25.889873417721518,4,1.49
823,130,Wickham,3,2,2,0,0,90,15,3,0,1,8,2,1,1,0,0.01,0.2,0.0,40997,45,2,56.037101265822784,25.889873417721518,4,0.71
824,403,Coady,3,9,3,1,0,90,12,4,1,2,9,2,0,6,0,0.12,0.0,2.38,1934,50,6,56.037101265822784,25.889873417721518,2,0.0
825,358,Cathcart,3,15,3,0,0,90,8,3,0,2,4,3,1,1,0,0.16499999999999998,0.0,3.16,-20155,45,16,56.037101265822784,25.889873417721518,2,0.0
826,439,Dawson,3,15,3,0,0,90,8,3,0,2,4,3,1,1,0,0.445,4.4,4.38,-847,50,10,56.037101265822784,25.889873417721518,2,-0.48
827,105,Azpilicueta,3,12,4,1,0,90,9,3,1,2,12,5,0,0,0,0.495,0.8,4.4,-23434,60,13,56.037101265822784,25.889873417721518,2,2.36
828,57,Stephens,3,17,4,1,0,90,19,3,1,2,18,3,0,3,0,0.33,1.5,3.76,-10517,45,16,56.037101265822784,25.889873417721518,2,0.73
829,469,Ceballos FernÃ¡ndez,3,10,5,1,0,90,5,3,1,11,13,5,0,1,0,0.0,0.0,0.0,0,55,38,56.037101265822784,25.889873417721518,3,8.590000000000002
830,243,James,3,6,4,0,0,90,20,3,0,1,6,4,1,6,0,0.0,0.0,0.0,-893,60,6,56.037101265822784,25.889873417721518,3,-1.0
831,313,Ings,3,13,2,1,0,90,10,5,1,6,5,2,0,2,0,0.525,5.9,3.4,7216,60,22,56.037101265822784,25.889873417721518,4,1.04
832,332,Rose,3,4,3,0,0,90,11,5,0,1,2,2,1,2,0,0.445,0.2,3.38,2449,55,8,56.037101265822784,25.889873417721518,2,0.0
833,475,Burn,3,17,4,1,0,90,19,3,1,2,18,3,0,6,0,0.375,1.8,3.08,2267,45,9,56.037101265822784,25.889873417721518,2,33.65
834,235,de Gea,3,6,4,0,0,90,20,3,0,2,6,4,1,10,0,0.28,0.0,5.62,45669,56,11,56.037101265822784,25.889873417721518,1,3.08
835,303,McGoldrick,3,18,2,1,0,90,7,2,1,2,3,2,0,2,0,0.4,6.1,1.16,3819,55,4,56.037101265822784,25.889873417721518,4,0.71
836,219,Silva,3,3,3,1,0,90,17,4,1,1,19,3,0,3,0,0.29,1.7,0.72,-46663,75,2,56.037101265822784,25.889873417721518,3,28.0
837,333,SÃ¡nchez,3,4,3,0,0,90,11,5,0,1,2,2,1,2,0,0.0,0.0,0.0,0,55,19,56.037101265822784,25.889873417721518,3,0.0
838,54,PrÃ¶pper,3,17,4,1,0,90,19,3,1,2,18,3,0,6,0,0.0,0.0,0.0,0,50,5,56.037101265822784,25.889873417721518,3,0.0
839,471,Henderson,3,18,2,1,0,90,7,2,1,9,3,2,0,2,0,0.31,4.1,1.22,-5407,45,29,56.037101265822784,25.889873417721518,1,0.0
840,395,Rice,3,8,3,0,0,90,4,3,0,1,11,3,1,2,0,0.195,0.1,2.42,-14713,50,9,56.037101265822784,25.889873417721518,3,3.54
841,410,Jota,3,9,3,1,0,90,12,4,1,2,9,2,0,2,0,0.145,0.7,0.96,-2453,65,-2,56.037101265822784,25.889873417721518,4,16.4
842,188,Origi,3,1,4,0,0,90,16,2,0,1,14,4,1,12,0,0.47,2.1,4.5600000000000005,-42468,56,3,56.037101265822784,25.889873417721518,4,0.0
843,147,Calvert-Lewin,3,19,3,1,0,90,18,2,1,2,7,2,0,2,0,0.13,0.8,0.58,-7583,60,6,56.037101265822784,25.889873417721518,4,3.92
844,69,Solanke,3,11,5,0,0,90,2,2,0,1,15,2,1,1,0,0.075,0.2,0.28,-3024,55,7,56.037101265822784,25.889873417721518,4,0.0
845,470,Soares de Paulo,3,7,2,1,0,90,3,3,1,9,17,5,0,1,0,0.485,1.5,5.76,72966,45,33,56.037101265822784,25.889873417721518,3,6.7200000000000015
846,97,McNeil,3,14,3,0,0,90,1,4,0,5,16,2,1,3,0,0.42,2.9,2.34,-511,60,18,56.037101265822784,25.889873417721518,3,0.0
847,212,Santana de Moraes,3,3,3,1,0,90,17,4,1,1,19,3,0,7,0,0.16999999999999998,0.0,3.38,-27640,61,14,56.037101265822784,25.889873417721518,1,9.32
848,107,Palmieri dos Santos,3,12,4,1,0,90,9,3,1,2,12,5,0,0,0,0.7,4.7,5.1,21586,55,17,56.037101265822784,25.889873417721518,2,1.54
849,283,BuendÃ­a,3,5,3,1,0,90,13,2,1,2,10,2,0,4,0,0.0,0.0,0.0,0,60,11,56.037101265822784,25.889873417721518,3,0.0
850,291,Stevens,3,18,2,1,0,90,7,2,1,7,3,2,0,2,0,0.325,2.2,2.66,1593,50,27,56.037101265822784,25.889873417721518,2,0.0
851,346,Lamela,3,4,3,0,0,90,11,5,0,12,2,2,1,1,0,0.8550000000000001,4.8,6.94,64995,60,38,56.037101265822784,25.889873417721518,3,2.38
852,447,Pieters,3,14,3,0,0,90,1,4,0,1,16,2,1,14,0,0.53,0.2,7.3599999999999985,105337,45,18,56.037101265822784,25.889873417721518,2,2.32
853,373,Capoue,3,15,3,0,0,90,8,3,0,1,4,3,1,2,0,0.15,1.1,1.38,-5423,50,12,56.037101265822784,25.889873417721518,3,1.95
854,252,SchÃ¤r,3,16,2,0,0,90,14,3,0,1,1,4,1,2,0,0.0,0.0,0.0,0,50,18,56.037101265822784,25.889873417721518,2,0.0
855,197,Tavares,3,1,4,0,0,90,16,2,0,1,14,4,1,2,0,0.245,0.7,3.0,-6751,55,6,56.037101265822784,25.889873417721518,3,0.0
856,46,Andone,3,17,4,1,0,90,19,3,1,1,18,3,0,6,0,0.375,1.9,4.4,26059,50,3,56.037101265822784,25.889873417721518,4,0.0
857,357,FemenÃ­a Far,3,15,3,0,0,90,8,3,0,2,4,3,1,1,0,0.0,0.0,0.0,0,45,7,56.037101265822784,25.889873417721518,2,1.44
858,211,de Jesus,3,3,3,1,0,90,17,4,1,1,19,3,0,6,0,0.635,9.0,3.34,-12192,95,3,56.037101265822784,25.889873417721518,4,1.58
859,294,Baldock,3,18,2,1,0,90,7,2,1,5,3,2,0,2,0,0.16999999999999998,0.7,1.48,1071,45,17,56.037101265822784,25.889873417721518,2,0.0
860,199,Wijnaldum,3,1,4,0,0,90,16,2,0,2,14,4,1,2,0,0.14,0.6,1.48,-14004,55,12,56.037101265822784,25.889873417721518,3,4.4700000000000015
861,363,Deulofeu,3,15,3,0,0,90,8,3,0,2,4,3,1,1,0,0.28,1.5,0.9,-44804,65,11,56.037101265822784,25.889873417721518,4,6.789999999999999
862,44,Murray,3,17,4,1,0,90,19,3,1,2,18,3,0,2,0,0.16,1.2,0.42,-25933,60,4,56.037101265822784,25.889873417721518,4,10.46
863,277,Hanley,3,5,3,1,0,90,13,2,1,2,10,2,0,-2,0,0.145,0.4,2.46,9802,40,15,56.037101265822784,25.889873417721518,2,0.0
864,151,Sigurdsson,3,19,3,1,0,90,18,2,1,3,7,2,0,3,0,0.495,4.7,1.3199999999999998,-127019,80,7,56.037101265822784,25.889873417721518,3,7.27
865,180,Choudhury,3,20,3,0,0,90,6,4,0,2,20,3,1,3,0,0.29,1.8,1.6,829,45,8,56.037101265822784,25.889873417721518,3,0.74
866,338,Kane,3,4,3,0,0,90,11,5,0,2,2,2,1,13,0,0.945,9.9,6.459999999999999,130037,110,4,56.037101265822784,25.889873417721518,4,55.28999999999999
867,160,Maguire,3,6,4,0,0,90,20,3,0,2,6,4,1,6,0,0.46,1.2,5.76,21308,55,20,56.037101265822784,25.889873417721518,2,10.92
868,347,Winks,3,4,3,0,0,90,11,5,0,1,2,2,1,2,0,0.255,0.1,2.02,-1391,55,10,56.037101265822784,25.889873417721518,3,0.0
869,340,Lloris,3,4,3,0,0,90,11,5,0,3,2,2,1,3,0,0.39,0.0,7.8,3695,55,28,56.037101265822784,25.889873417721518,1,5.18
870,222,GÃ¼ndogan,3,3,3,1,0,90,17,4,1,2,19,3,0,1,0,0.0,0.0,0.0,0,55,16,56.037101265822784,25.889873417721518,3,1.5
871,271,Hayden,3,16,2,0,0,90,14,3,0,2,1,4,1,2,0,0.355,1.0,3.4200000000000004,-36118,45,11,56.037101265822784,25.889873417721518,3,1.59
872,381,Diop,3,8,3,0,0,90,4,3,0,2,11,3,1,0,0,0.24,1.1,2.58,-12961,45,14,56.037101265822784,25.889873417721518,2,0.0
873,102,Cork,3,14,3,0,0,90,1,4,0,2,16,2,1,3,0,0.25,2.8,1.86,-425,50,9,56.037101265822784,25.889873417721518,3,0.0
874,29,Grealish,3,7,2,1,0,90,3,3,1,6,17,5,0,2,0,0.82,1.1,6.1,-16984,60,26,56.037101265822784,25.889873417721518,3,0.0
875,293,O'Connell,3,18,2,1,0,90,7,2,1,6,3,2,0,2,0,0.495,5.5,3.82,832,45,23,56.037101265822784,25.889873417721518,2,0.0
876,394,Wilshere,3,8,3,0,0,90,4,3,0,1,11,3,1,1,0,0.03,0.0,0.26,-3330,50,1,56.037101265822784,25.889873417721518,3,1.77
877,258,Lascelles,3,16,2,0,0,90,14,3,0,1,1,4,1,2,0,0.265,1.8,3.4,-38756,45,9,56.037101265822784,25.889873417721518,2,0.69
878,276,Lewis,3,5,3,1,0,90,13,2,1,6,10,2,0,0,0,0.0,0.0,0.0,-47,45,29,56.037101265822784,25.889873417721518,2,0.0
879,171,Maddison,3,20,3,0,0,90,6,4,0,5,20,3,1,3,0,0.775,2.9,2.44,39084,70,11,56.037101265822784,25.889873417721518,3,4.65
880,138,McArthur,3,2,2,0,0,90,15,3,0,2,8,2,1,3,0,0.23,0.0,3.08,-13453,55,11,56.037101265822784,25.889873417721518,3,0.0
881,200,Milner,3,1,4,0,0,90,16,2,0,6,14,4,1,1,0,0.315,1.7,2.06,3735,55,18,56.037101265822784,25.889873417721518,3,2.33
882,84,Tarkowski,3,14,3,0,0,90,1,4,0,1,16,2,1,6,0,0.46,6.2,2.96,-2306,50,7,56.037101265822784,25.889873417721518,2,2.47
883,321,Ward-Prowse,3,13,2,1,0,90,10,5,1,2,5,2,0,2,0,0.43,1.9,2.2,-4764,60,15,56.037101265822784,25.889873417721518,3,0.0
884,166,Vardy,3,20,3,0,0,90,6,4,0,2,20,3,1,2,0,0.125,1.4,0.6799999999999999,-62155,90,-3,56.037101265822784,25.889873417721518,4,15.3
885,304,Vestergaard,3,13,2,1,0,90,10,5,1,1,5,2,0,1,0,0.445,3.7,3.64,-387,50,13,56.037101265822784,25.889873417721518,2,0.49
886,307,Bednarek,3,13,2,1,0,90,10,5,1,1,5,2,0,1,0,0.29500000000000004,1.0,3.72,-2120,45,10,56.037101265822784,25.889873417721518,2,0.0
887,386,HernÃ¡ndez BalcÃ¡zar,3,8,3,0,0,90,4,3,0,8,11,3,1,1,0,0.0,0.0,0.0,0,60,29,56.037101265822784,25.889873417721518,4,0.0
888,451,Rodriguez,3,14,3,0,0,90,1,4,0,1,16,2,1,1,0,0.05,1.0,0.0,-3509,59,1,56.037101265822784,25.889873417721518,4,1.1800000000000002
889,497,Gbamin,3,19,3,1,0,90,18,2,1,3,7,2,0,1,0,0.13,0.0,2.0,151,50,8,56.037101265822784,25.889873417721518,3,0.73
890,82,Lerma,3,11,5,0,0,90,2,2,0,2,15,2,1,2,0,0.18,0.9,2.2,-1355,50,11,56.037101265822784,25.889873417721518,3,1.4
891,241,Lingard,3,6,4,0,0,90,20,3,0,2,6,4,1,2,0,0.135,0.4,0.58,-5804,65,9,56.037101265822784,25.889873417721518,3,1.77
892,466,ApolinÃ¡rio de Lira,3,16,2,0,0,90,14,3,0,1,1,4,1,2,0,0.0,0.0,0.0,0,60,0,56.037101265822784,25.889873417721518,4,2.52
893,126,Ward,3,2,2,0,0,90,15,3,0,2,8,2,1,6,0,0.315,0.0,5.7799999999999985,-17,45,15,56.037101265822784,25.889873417721518,1,2.24
894,96,Gudmundsson,3,14,3,0,0,90,1,4,0,2,16,2,1,9,0,0.935,2.6,6.459999999999999,-7659,60,15,56.037101265822784,25.889873417721518,3,0.0
895,295,Egan,3,18,2,1,0,90,7,2,1,6,3,2,0,2,0,0.16999999999999998,0.2,3.14,521,45,18,56.037101265822784,25.889873417721518,2,0.0
896,301,Fleck,3,18,2,1,0,90,7,2,1,1,3,2,0,1,0,0.275,0.1,1.0,-1646,50,3,56.037101265822784,25.889873417721518,3,-1.0
897,297,Lundstram,3,18,2,1,0,90,7,2,1,14,3,2,0,3,0,0.645,2.5,5.82,347749,40,41,56.037101265822784,25.889873417721518,2,13.43
898,31,McGinn,3,7,2,1,0,90,3,3,1,2,17,5,0,7,0,0.8699999999999999,6.7,6.32,-15881,56,7,56.037101265822784,25.889873417721518,3,1.35
899,402,Castro Otto,3,9,3,1,0,90,12,4,1,2,9,2,0,5,0,0.335,2.3,2.96,-910,55,11,56.037101265822784,25.889873417721518,2,0.0
900,269,Shelvey,3,16,2,0,0,90,14,3,0,8,1,4,1,1,0,0.725,4.7,5.24,5560,50,31,56.037101265822784,25.889873417721518,3,0.0
901,162,Evans,3,20,3,0,0,90,6,4,0,3,20,3,1,7,0,0.27,0.9,4.38,11533,50,19,56.037101265822784,25.889873417721518,2,1.78
902,198,Henderson,3,1,4,0,0,90,16,2,0,1,14,4,1,2,0,0.31,4.1,1.22,-5407,55,3,56.037101265822784,25.889873417721518,1,3.53
903,148,Pickford,3,19,3,1,0,90,18,2,1,6,7,2,0,7,0,0.185,0.0,3.66,62027,55,26,56.037101265822784,25.889873417721518,1,17.519999999999996
904,118,Frello Filho,3,12,4,1,0,90,9,3,1,1,12,5,0,1,0,0.16499999999999998,0.9,1.44,-19521,50,3,56.037101265822784,25.889873417721518,3,0.0
905,490,Willock,3,10,5,1,0,90,5,3,1,2,13,5,0,3,0,0.385,2.8,1.86,-288,50,14,56.037101265822784,25.889873417721518,3,1.51
906,68,King,3,11,5,0,0,90,2,2,0,6,15,2,1,2,0,0.5549999999999999,5.0,4.5600000000000005,-117013,65,22,56.037101265822784,25.889873417721518,3,23.71
907,36,Peleteiro Romallo,3,7,2,1,0,90,3,3,1,1,17,5,0,1,0,0.145,0.7,0.96,-2453,60,4,56.037101265822784,25.889873417721518,3,0.0
908,353,Holebas,3,15,3,0,0,90,8,3,0,1,4,3,1,1,0,0.35,0.0,3.9,-26132,50,14,56.037101265822784,25.889873417721518,2,7.15
909,415,Santos Moutinho,3,9,3,1,0,90,12,4,1,8,9,2,0,3,0,0.635,0.0,5.7799999999999985,7853,55,27,56.037101265822784,25.889873417721518,3,0.0
910,242,Mata,3,6,4,0,0,90,20,3,0,1,6,4,1,1,0,0.01,0.0,0.02,-3230,65,3,56.037101265822784,25.889873417721518,3,0.0
911,168,Schmeichel,3,20,3,0,0,90,6,4,0,3,20,3,1,6,0,0.265,0.0,5.24,6408,50,18,56.037101265822784,25.889873417721518,1,0.0
912,111,Arrizabalaga,3,12,4,1,0,90,9,3,1,2,12,5,0,0,0,0.15,0.0,3.0,-7630,55,18,56.037101265822784,25.889873417721518,1,2.5
913,215,De Bruyne,3,3,3,1,0,90,17,4,1,11,19,3,0,7,0,1.6350000000000002,6.5,9.7,362953,95,44,56.037101265822784,25.889873417721518,3,24.08
914,459,Zouma,3,12,4,1,0,90,9,3,1,2,12,5,0,-1,0,0.175,2.7,1.28,-7850,50,12,56.037101265822784,25.889873417721518,2,9.11
915,337,Walker-Peters,3,4,3,0,0,90,11,5,0,1,2,2,1,2,0,0.395,1.4,4.42,16661,50,12,56.037101265822784,25.889873417721518,2,0.0
916,203,Walker,3,3,3,1,0,90,17,4,1,1,19,3,0,8,0,0.625,2.4,4.68,20433,60,20,56.037101265822784,25.889873417721518,2,11.02
917,420,Dendoncker,3,9,3,1,0,90,12,4,1,2,9,2,0,3,0,0.365,3.1,1.7,-19855,45,4,56.037101265822784,25.889873417721518,3,1.63
918,42,Dunk,3,17,4,1,0,90,19,3,1,3,18,3,0,11,0,0.365,0.6,5.36,84514,45,21,56.037101265822784,25.889873417721518,2,8.24
919,141,Digne,3,19,3,1,0,90,18,2,1,11,7,2,0,6,0,0.6900000000000001,5.0,4.18,29156,60,36,56.037101265822784,25.889873417721518,2,43.49999999999999
920,345,Rodrigues Moura da Silva,3,4,3,0,0,90,11,5,0,6,2,2,1,5,0,0.985,9.8,5.96,11714,75,23,56.037101265822784,25.889873417721518,3,1.83
921,388,Fabianski,3,8,3,0,0,90,4,3,0,3,11,3,1,1,0,0.255,0.0,5.16,-12340,50,17,56.037101265822784,25.889873417721518,1,3.8
922,134,Milivojevic,3,2,2,0,0,90,15,3,0,2,8,2,1,2,0,0.27,0.8,1.02,-73297,70,7,56.037101265822784,25.889873417721518,3,1.78
923,441,Freeman,3,18,2,1,0,90,7,2,1,2,3,2,0,1,0,0.0,0.0,0.0,-968,55,2,56.037101265822784,25.889873417721518,3,0.0
924,226,Shaw,3,6,4,0,0,90,20,3,0,2,6,4,1,6,0,0.335,0.4,3.02,2700,55,19,56.037101265822784,25.889873417721518,2,4.02
925,465,Ibrahim Hassan,3,7,2,1,0,90,3,3,1,2,17,5,0,1,0,0.705,9.6,2.28,-26217,55,0,56.037101265822784,25.889873417721518,3,0.0
926,391,Lanzini,3,8,3,0,0,90,4,3,0,8,11,3,1,2,0,0.64,2.8,4.44,18263,65,34,56.037101265822784,25.889873417721518,3,2.69
927,285,Stiepermann,3,5,3,1,0,90,13,2,1,3,10,2,0,1,0,0.37,4.2,1.3199999999999998,-522,55,12,56.037101265822784,25.889873417721518,3,0.0
928,233,Rashford,3,6,4,0,0,90,20,3,0,6,6,4,1,13,0,0.92,6.7,8.959999999999997,173174,86,22,56.037101265822784,25.889873417721518,4,20.32
929,174,Albrighton,3,20,3,0,0,90,6,4,0,1,20,3,1,1,0,0.205,1.1,0.46,-1697,55,4,56.037101265822784,25.889873417721518,3,1.53
930,262,Dubravka,3,16,2,0,0,90,14,3,0,2,1,4,1,2,0,0.25,0.0,4.96,-4287,50,18,56.037101265822784,25.889873417721518,1,0.0
931,128,Kelly,3,2,2,0,0,90,15,3,0,2,8,2,1,6,0,0.0,0.0,0.0,-655,40,15,56.037101265822784,25.889873417721518,2,-1.0
932,38,Montoya,3,17,4,1,0,90,19,3,1,2,18,3,0,6,0,0.375,0.4,3.24,7874,45,11,56.037101265822784,25.889873417721518,2,3.4000000000000004
933,234,Greenwood,3,6,4,0,0,90,20,3,0,1,6,4,1,1,0,0.115,1.8,0.22000000000000006,-35589,45,5,56.037101265822784,25.889873417721518,4,0.0
934,463,Mount,3,12,4,1,0,90,9,3,1,10,12,5,0,2,0,1.235,9.7,7.52,196255,60,27,56.037101265822784,25.889873417721518,3,11.55
935,432,Kovacic,3,12,4,1,0,90,9,3,1,1,12,5,0,2,0,0.235,0.0,2.0,-7621,55,4,56.037101265822784,25.889873417721518,3,1.6
936,47,Ryan,3,17,4,1,0,90,19,3,1,2,18,3,0,9,0,0.54,4.0,1.24,-286026,45,12,56.037101265822784,25.889873417721518,2,5.82
937,21,Guendouzi,3,10,5,1,0,90,5,3,1,2,13,5,0,3,0,0.39,1.7,4.2,-3790,45,15,56.037101265822784,25.889873417721518,3,0.0
938,85,Lowton,3,14,3,0,0,90,1,4,0,1,16,2,1,6,0,0.29500000000000004,0.3,2.44,1307,45,12,56.037101265822784,25.889873417721518,2,0.0
939,401,Doherty,3,9,3,1,0,90,12,4,1,1,9,2,0,6,0,0.015,0.0,0.0,-4442,60,3,56.037101265822784,25.889873417721518,2,6.5200000000000005
940,251,Ritchie,3,16,2,0,0,90,14,3,0,1,1,4,1,2,0,0.5349999999999999,1.2,2.78,-3329,55,12,56.037101265822784,25.889873417721518,2,1.5
941,274,Aarons,3,5,3,1,0,90,13,2,1,1,10,2,0,0,0,0.0,0.0,0.0,-362,45,7,56.037101265822784,25.889873417721518,2,0.0
942,136,Meyer,3,2,2,0,0,90,15,3,0,2,8,2,1,2,0,0.395,5.7,1.82,-1299,55,8,56.037101265822784,25.889873417721518,3,0.61
943,143,Keane,3,19,3,1,0,90,18,2,1,6,7,2,0,8,0,0.28,0.0,5.54,23555,55,27,56.037101265822784,25.889873417721518,2,6.659999999999998
944,389,Antonio,3,8,3,0,0,90,4,3,0,1,11,3,1,1,0,0.0,0.0,0.0,-430,70,0,56.037101265822784,25.889873417721518,3,3.06
945,266,AlmirÃ³n,3,16,2,0,0,90,14,3,0,2,1,4,1,1,0,0.0,0.0,0.0,0,60,7,56.037101265822784,25.889873417721518,3,2.29
946,191,Salah,3,1,4,0,0,90,16,2,0,3,14,4,1,12,0,0.885,6.8,5.7200000000000015,-265142,125,0,56.037101265822784,25.889873417721518,3,95.92
947,496,Kean,3,19,3,1,0,90,18,2,1,1,7,2,0,1,0,0.025,0.5,0.1,-100955,70,1,56.037101265822784,25.889873417721518,4,2.05
948,288,Leitner,3,5,3,1,0,90,13,2,1,2,10,2,0,0,0,0.225,0.8,1.82,-684,45,22,56.037101265822784,25.889873417721518,3,0.0
949,349,Sissoko,3,4,3,0,0,90,11,5,0,2,2,2,1,5,0,0.4900000000000001,5.1,2.46,-1238,50,12,56.037101265822784,25.889873417721518,3,0.0
950,119,KantÃ©,3,12,4,1,0,90,9,3,1,2,12,5,0,0,0,0.0,0.0,0.0,0,50,8,56.037101265822784,25.889873417721518,3,7.43
951,6,Monreal,3,10,5,1,0,90,5,3,1,2,13,5,0,7,0,0.425,0.8,3.74,-2493,50,18,56.037101265822784,25.889873417721518,2,6.97
952,59,AkÃ©,3,11,5,0,0,90,2,2,0,1,15,2,1,2,0,0.0,0.0,0.0,0,50,8,56.037101265822784,25.889873417721518,2,0.74
953,320,Redmond,3,13,2,1,0,90,10,5,1,2,5,2,0,2,0,0.37,4.0,0.7,-12399,65,6,56.037101265822784,25.889873417721518,3,2.62
954,502,Maupay,3,17,4,1,0,90,19,3,1,1,18,3,0,6,0,0.1,1.4,0.02,-2674,60,-4,56.037101265822784,25.889873417721518,4,2.03
955,24,Taylor,3,7,2,1,0,90,3,3,1,1,17,5,0,1,0,0.395,2.4,3.72,-776,45,14,56.037101265822784,25.889873417721518,2,0.64
956,93,Pope,3,14,3,0,0,90,1,4,0,3,16,2,1,8,0,0.51,0.2,7.959999999999999,71828,45,24,56.037101265822784,25.889873417721518,1,11.77
957,488,PÃ©pÃ©,3,10,5,1,0,90,5,3,1,1,13,5,0,1,0,0.0,0.0,0.0,0,95,6,56.037101265822784,25.889873417721518,3,7.41
958,206,Zinchenko,3,3,3,1,0,90,17,4,1,1,19,3,0,6,0,0.46,1.5,3.38,29526,55,16,56.037101265822784,25.889873417721518,2,8.700000000000001
959,501,McBurnie,3,18,2,1,0,90,7,2,1,1,3,2,0,1,0,0.135,1.7,0.6599999999999999,-1170,60,1,56.037101265822784,25.889873417721518,4,0.0
960,302,Norwood,3,18,2,1,0,90,7,2,1,3,3,2,0,2,0,0.63,0.8,3.46,-1309,50,17,56.037101265822784,25.889873417721518,3,0.52
961,352,Skipp,3,4,3,0,0,90,11,5,0,1,2,2,1,1,0,0.025,0.0,0.5,-1054,45,3,56.037101265822784,25.889873417721518,3,0.0
962,110,Giroud,3,12,4,1,0,90,9,3,1,2,12,5,0,1,0,0.335,2.1,1.24,-4884,70,11,56.037101265822784,25.889873417721518,4,1.5
963,328,Romeu Vidal,3,13,2,1,0,90,10,5,1,1,5,2,0,2,0,0.315,1.1,2.52,-3472,45,12,56.037101265822784,25.889873417721518,3,0.0
964,399,Fornals,3,8,3,0,0,90,4,3,0,2,11,3,1,1,0,0.09,0.3,1.12,-8474,65,4,56.037101265822784,25.889873417721518,3,1.47
965,49,GroÃ,3,17,4,1,0,90,19,3,1,3,18,3,0,6,0,0.0,0.0,0.0,0,65,21,56.037101265822784,25.889873417721518,3,2.04
966,487,Cutrone,3,9,3,1,0,90,12,4,1,1,9,2,0,1,0,0.025,0.0,0.54,-11839,60,2,56.037101265822784,25.889873417721518,4,0.0
967,123,van Aanholt,3,2,2,0,0,90,15,3,0,2,8,2,1,6,0,0.22000000000000006,0.2,2.72,-29878,55,8,56.037101265822784,25.889873417721518,2,0.73
968,255,Dummett,3,16,2,0,0,90,14,3,0,0,1,4,1,2,0,0.355,3.3,3.56,-1175,45,6,56.037101265822784,25.889873417721518,2,0.0
969,238,Pogba,3,6,4,0,0,90,20,3,0,0,6,4,1,9,0,0.795,3.3,5.96,-22929,85,4,56.037101265822784,25.889873417721518,3,9.48
970,114,RodrÃ­guez Ledesma,3,12,4,1,0,90,9,3,1,2,12,5,0,2,0,0.0,0.0,0.0,0,70,8,56.037101265822784,25.889873417721518,3,7.550000000000002
971,476,Billing,3,11,5,0,0,90,2,2,0,0,15,2,1,2,0,0.315,1.1,2.62,-1428,50,0,56.037101265822784,25.889873417721518,3,0.0
972,11,Aubameyang,3,10,5,1,0,90,5,3,1,6,13,5,0,6,0,1.08,11.1,7.959999999999999,-161141,110,25,56.037101265822784,25.889873417721518,4,13.159999999999995
973,325,HÃ¸jbjerg,3,13,2,1,0,90,10,5,1,2,5,2,0,1,0,0.0,0.0,0.0,0,50,10,56.037101265822784,25.889873417721518,3,0.0
974,214,Sterling,3,3,3,1,0,90,17,4,1,6,19,3,0,20,0,1.935,19.6,14.8,257538,121,20,56.037101265822784,25.889873417721518,3,47.77000000000001
975,409,JimÃ©nez,3,9,3,1,0,90,12,4,1,2,9,2,0,2,0,0.0,0.0,0.0,0,75,6,56.037101265822784,25.889873417721518,4,7.75
976,489,Nelson,3,10,5,1,0,90,5,3,1,1,13,5,0,2,0,0.485,4.1,1.44,-1463,55,-1,56.037101265822784,25.889873417721518,3,0.0
977,159,Barbosa Pereira,3,20,3,0,0,90,6,4,0,2,20,3,1,9,0,0.4400000000000001,1.2,5.36,6160,60,11,56.037101265822784,25.889873417721518,2,6.3900000000000015
978,150,de Andrade,3,19,3,1,0,90,18,2,1,3,7,2,0,3,0,0.47,6.2,1.22,-69620,80,0,56.037101265822784,25.889873417721518,3,16.979999999999997
979,217,Mahrez,3,3,3,1,0,90,17,4,1,1,19,3,0,14,0,0.75,4.5,5.2799999999999985,-23800,85,1,56.037101265822784,25.889873417721518,3,5.98
980,187,Firmino,3,1,4,0,0,90,16,2,0,8,14,4,1,5,0,0.905,9.8,6.1,19773,95,31,56.037101265822784,25.889873417721518,4,22.1
981,369,Pereyra,3,15,3,0,0,90,8,3,0,1,4,3,1,1,0,0.37,5.8,0.58,-37662,60,-1,56.037101265822784,25.889873417721518,3,2.18
982,393,Snodgrass,3,8,3,0,0,90,4,3,0,2,11,3,1,1,0,0.29500000000000004,2.1,1.64,-1060,55,7,56.037101265822784,25.889873417721518,3,0.0
983,443,Hernandez,3,3,3,1,0,90,17,4,1,2,19,3,0,3,0,0.35,0.7,3.56,-7412,55,16,56.037101265822784,25.889873417721518,3,0.0
984,411,dos Santos PatrÃ­cio,3,9,3,1,0,90,12,4,1,9,9,2,0,6,0,0.0,0.0,0.0,0,50,25,56.037101265822784,25.889873417721518,1,2.18
985,404,Bennett,3,9,3,1,0,90,12,4,1,1,9,2,0,6,0,0.175,1.0,2.3600000000000003,-160,50,11,56.037101265822784,25.889873417721518,2,0.0
986,305,Bertrand,3,13,2,1,0,90,10,5,1,1,5,2,0,1,0,0.115,0.9,0.6,-2794,50,6,56.037101265822784,25.889873417721518,2,1.74
987,75,Fraser,3,11,5,0,0,90,2,2,0,2,15,2,1,1,0,0.54,4.0,1.24,-286026,75,6,56.037101265822784,25.889873417721518,1,30.97
988,380,Fredericks,3,8,3,0,0,90,4,3,0,2,11,3,1,0,0,0.19,0.2,2.32,-226,45,9,56.037101265822784,25.889873417721518,2,0.0
989,414,da Silva Neves,3,9,3,1,0,90,12,4,1,7,9,2,0,2,0,0.385,0.7,5.7,22051,55,22,56.037101265822784,25.889873417721518,3,3.56
990,192,ManÃ©,3,1,4,0,0,90,16,2,0,13,14,4,1,1,0,0.0,0.0,0.0,0,115,45,56.037101265822784,25.889873417721518,3,51.90000000000001
991,127,Dann,3,2,2,0,0,90,15,3,0,2,8,2,1,6,0,0.375,3.8,3.62,310,45,17,56.037101265822784,25.889873417721518,2,7.409999999999998
992,248,McTominay,3,6,4,0,0,90,20,3,0,2,6,4,1,3,0,0.185,1.4,1.82,-2522,50,9,56.037101265822784,25.889873417721518,3,0.0
993,144,Coleman,3,19,3,1,0,90,18,2,1,5,7,2,0,6,0,0.27,2.2,2.78,15173,55,16,56.037101265822784,25.889873417721518,2,10.76
994,270,Longstaff,3,16,2,0,0,90,14,3,0,3,1,4,1,2,0,0.18,0.0,2.26,-4004,50,9,56.037101265822784,25.889873417721518,3,0.0
995,210,AgÃ¼ero,3,3,3,1,0,90,17,4,1,6,19,3,0,5,0,0.0,0.0,0.0,0,120,27,56.037101265822784,25.889873417721518,4,35.75000000000001
996,37,Duffy,3,17,4,1,0,90,19,3,1,2,18,3,0,6,0,0.19,0.5,3.2,-4112,50,13,56.037101265822784,25.889873417721518,3,2.85
997,5,Papastathopoulos,3,10,5,1,0,90,5,3,1,2,13,5,0,8,0,0.29,0.2,4.42,-4497,50,20,56.037101265822784,25.889873417721518,2,0.0
998,55,March,3,17,4,1,0,90,19,3,1,2,18,3,0,3,0,0.45,2.1,3.56,-2929,50,13,56.037101265822784,25.889873417721518,3,0.0
999,58,Cook,3,11,5,0,0,90,2,2,0,2,15,2,1,2,0,0.235,0.4,4.3,-516,50,11,56.037101265822784,25.889873417721518,3,4.84
1000,460,Abraham,3,12,4,1,0,90,9,3,1,1,12,5,0,1,0,0.195,2.9,0.0,-24861,70,2,56.037101265822784,25.889873417721518,4,1.28
1001,442,Ndombele,3,4,3,0,0,90,11,5,0,6,2,2,1,8,0,0.65,1.4,8.379999999999999,209051,60,31,56.037101265822784,25.889873417721518,3,5.2200000000000015
1002,278,Pukki,3,5,3,1,0,90,13,2,1,17,10,2,0,7,0,1.7,15.5,15.16,790887,66,83,56.037101265822784,25.889873417721518,4,44.540000000000006
1003,280,Krul,3,5,3,1,0,90,13,2,1,2,10,2,0,1,0,0.28,0.0,5.6,-594,45,15,56.037101265822784,25.889873417721518,1,0.0
1004,331,Alderweireld,3,4,3,0,0,90,11,5,0,1,2,2,1,2,0,0.415,0.8,4.86,-8066,55,16,56.037101265822784,25.889873417721518,2,1.73
1005,287,Cantwell,3,5,3,1,0,90,13,2,1,10,10,2,0,2,0,0.99,4.3,6.2200000000000015,203048,45,33,56.037101265822784,25.889873417721518,3,3.34
1006,94,Heaton,3,7,2,1,0,90,3,3,1,1,17,5,0,2,0,0.18,0.0,3.64,-18438,45,7,56.037101265822784,25.889873417721518,1,3.12
1007,290,Trybull,3,5,3,1,0,90,13,2,1,3,10,2,0,2,0,0.23,0.8,2.4,3982,45,19,56.037101265822784,25.889873417721518,3,0.0
1008,182,Alexander-Arnold,3,1,4,0,0,90,16,2,0,1,14,4,1,5,0,0.635,1.6,4.54,-79652,70,7,56.037101265822784,25.889873417721518,2,24.969999999999995
1009,362,Deeney,3,15,3,0,0,90,8,3,0,2,4,3,1,2,0,0.435,4.6,1.66,-20710,65,5,56.037101265822784,25.889873417721518,4,8.47
1010,445,Mings,3,7,2,1,0,90,3,3,1,1,17,5,0,6,0,0.625,0.2,9.82,595,45,15,56.037101265822784,25.889873417721518,2,1.51
1011,131,Guaita,3,2,2,0,0,90,15,3,0,2,8,2,1,6,0,0.19,0.0,3.76,-2719,50,16,56.037101265822784,25.889873417721518,1,0.0
1012,225,LindelÃ¶f,3,6,4,0,0,90,20,3,0,2,6,4,1,5,0,0.0,0.0,0.0,0,55,14,56.037101265822784,25.889873417721518,2,0.0
1013,183,van Dijk,3,1,4,0,0,90,16,2,0,2,14,4,1,8,0,0.54,2.3,8.32,-48167,65,16,56.037101265822784,25.889873417721518,2,8.35
1014,428,Moraes,3,7,2,1,0,90,3,3,1,2,17,5,0,2,0,0.355,4.8,1.08,-7436,60,6,56.037101265822784,25.889873417721518,4,0.0
1015,176,Ndidi,3,20,3,0,0,90,6,4,0,10,20,3,1,3,0,0.545,2.0,7.32,67156,50,27,56.037101265822784,25.889873417721518,3,1.34
1016,133,Zaha,3,2,2,0,0,90,15,3,0,2,8,2,1,1,0,0.42,6.0,0.9,-174959,70,0,56.037101265822784,25.889873417721518,3,19.77
1017,405,Boly,3,9,3,1,0,90,12,4,1,2,9,2,0,9,0,0.225,0.4,4.0,24000,50,10,56.037101265822784,25.889873417721518,2,4.01
1018,370,Hughes,3,15,3,0,0,90,8,3,0,2,4,3,1,2,0,0.16,1.2,1.0,-1243,55,10,56.037101265822784,25.889873417721518,3,0.7
1019,306,Valery,3,13,2,1,0,90,10,5,1,1,5,2,0,1,0,0.4400000000000001,2.8,2.88,-817,50,14,56.037101265822784,25.889873417721518,2,1.63
1020,142,Mina,3,19,3,1,0,90,18,2,1,7,7,2,0,9,0,0.205,0.0,3.98,141521,55,29,56.037101265822784,25.889873417721518,2,17.74
1021,448,Tielemans,3,20,3,0,0,90,6,4,0,2,20,3,1,3,0,0.58,5.9,1.88,-33881,65,6,56.037101265822784,25.889873417721518,3,5.01
1022,164,SÃ¶yÃ¼ncÃ¼,3,20,3,0,0,90,6,4,0,2,20,3,1,6,0,0.0,0.0,0.0,0,45,15,56.037101265822784,25.889873417721518,2,1.42
