0,1.64,0,1.53,0,0,0,2.34,9.7,1.16,2.06,1.7,0,0,0,0,0,1.76,0,0,0,0,0,0,0,0,0,0,0,0,0,0,0,0,0,0,0,0.7,0
0,0,1.63,0,0,0,0,6.31,4.04,3.77,1.58,2.34,0,0,0,4.4,3.54,3.37,0,0,0,0,0,1.73,0,0,0,-0.42,1.48,0,0,0,5.66,2.09,5.25,3.37,4.78,0
0.78,1.79,1.79,1.79,1.79,0,0,0,0,0,0,0,1.79,1.79,2.27,1.79,1.79,2.1,0.79,1.79,1.79,1.79,4.33,2.57,3.31,1.51,5.05,2.58,2.58,1.79,1.79,3.21,0.79,1.28,4.16,1.79,3.09,4.59
4.24,0,2.55,6.06,1.37,0.78,-1,0.79,0.68,4.63,1.2,5.94,1.77,0,2.54,1.8,4.33,4.06,-1,2.45,2.55,0.78,0.73,0.27,1.32,0,4.2,-1,-1,2.41,0.78,2.49,0.79,9.42,0.64,-1,2.52,2.23
0,0,0,5.33,1.13,0,9.35,0,1.78,0.77,2.3,0,0,0,0.76,0.31,2.25,2.17,0,0,0,0,0,0,1.73,0,0,0,0,0,0,0,0,1.62,0,0,0,0
-1,0,-1,-1,-0.3,-1,-1,3.92,-1,-0.31,-1,0.65,0,0,-1,-1.24,-1,-1,-0.23,-1,-1,0.77,0.53,-1,-1,0,-1,-0.41,-1,-1,-1,-1,-1,-1,-1,-1,-1,-1
0.72,0,0,0,0.69,3.52,0,0,0,0.58,0,0.59,0,0,1.52,1.65,-0.49,0,0,0,0,0,0,0,0,0,0,0.72,0,0,0,0,0,0,0,0.5,0,0
0,0,0,0,0,0,0,0.69,0,0.76,2.23,0,0,0,0,8.13,2.3,2.33,1.71,1.77,1.31,2.06,0,8.2,0.77,0,4.68,4.52,2.3,0,0,0.73,3.67,2.1,1.5,0,1.78,0
0,0,0,0,0,0,0,0,0,0,0,0,0,0,0,0,0,0,0,0,0,0,0,0,0,0,0,0,0,0,0,0,0,0,0,0,0,0
0,0,0.72,0,0,0,0,0,0,0.49,0.57,0,0,0,0.76,0,0,0,0,0,0,0,0,0,0,0,0,0,0,0,0,0,0,0,0,0,0,0
0,0,0,0.74,0,0,0,1.7,0.75,0,0.74,0,0.54,0.7,0.74,0,0,0,0,2.46,0,0,3.49,-0.44,0,0,0,0,0.63,0,0,0,0,0,1.78,0,0,0
0.68,0,2.41,2.16,2.37,1.55,0,4.72,0.99,12.42,0,2.12,0,0,0.97,1.37,1.48,0,1.5,0,0.76,0,0,0.55,0,0,0,0,0.6,0,0,1.75,0.77,0,1.44,0,0,0
2.27,0,1.68,0,6.52,1.73,6.54,0.62,1.91,0.63,0,0,0,0,2.1,1.31,0,0,0.78,2.11,1.55,0.78,0,0.49,0,0,0,0,0,0,0,0,3.43,1.81,8.95,0,0,1.76
0,0,1.75,1.78,0.75,0,1.78,0,0,1.39,0,0.63,0,0,1.49,0,0,1.68,0.78,0,0,0,0,0,0,0,0,0.58,0,0,0,0,0,0,0,0,0,0
0,0,0,0,0,0,0,0,0,0,0,0,0,0,0,0,0,0,0,0,0,0,0,0,0,0,0,0,0,0,0,0,0,0,0,0,0,0
-0.57,0,0,0,0,0,0,0,0,0.78,0.52,1.62,0,0,0,0,0.7,0.75,0,0,5.29,0,1.13,1.57,0,0,0,0,0,0,0,0,0,0,0,0,0,0
3.05,0,13.09,5.97,4.64,1.78,-0.36,0,1.44,3.52,1.77,0,0,0,0.77,0.74,4.01,2.2,0,0.6,0.52,0,1.73,0.68,0,0,0.49,1.5,5.55,0,0,0,0.76,0.61,0,0,0,1.78
0,0,0,0,0,0,0,0,0,0,0,0,0,0,0,0,0,0,0,0,0,0,0,0,0,0,0,0,0,0,0,0,0,0,0,0,0,0
0,0,0,0,0,0,0,0,0,0,0.71,0,0,0,0,0,0,0,0,0,0,0.6,0,0,0,0,0,0,0,0,0,0,0,0,0,0,0,0
0,0,0,3.4,0,0,0,0.75,0.77,1.49,0.78,0,0,0,0,0,0,0,0.76,0,0,0,0.49,0,0,0,0,0,0,0,0,0,0,0,0,0,3.15,0
0.67,0,0,3.47,2.99,6.19,23.44,6.61,26.53,13.77,-0.38,3.96,8.56,0.59,1.97,20.99,4.43,7.72,1.12,5.43,3.29,0.78,0,1.14,0,0,9.68,6.71,2.13,0.55,0,2.54,9.93,9.42,6.25,2.97,7.25,0.5
3.97,0,-1.87,-2.02,-0.32,5.67,1.93,2.94,4.85,6,2.73,2.36,3.54,1.13,9.36,16.32,-0.38,7.31,9.13,8.31,4.44,-1.27,3.61,5.22,3.56,2.23,5.38,4.94,1.57,2.36,2.39,1.21,-0.62,3.54,8.6,-0.11,1.12,3.08
0,0,0,0,0,0,0,0,0,0,0,0,0,0,0,4.06,8.11,1.19,1.64,0,0,0,0,1.74,0,0,0,0,0,0,0,0,0,0,0,0,0,0
0,0,3.51,0,0,0,0,0,0,0,0.56,0,0,0,0.78,0.78,0,0,0,0,0,0,0,0,0,0,0,0,0,0,0,0,0,0,0,0,0,0
0,0,0,0,0,0,0,0,0,0,0,0,1.65,0,0,0,0,0,0,0,0,0,0,-0.49,0,0,0,0,0,0,0,0,0,0,0,0,0,0
0,0,0,0,0,0,0,0,0,0,0,0,0,0,0,0,0,0,0,0,0,0,0,0,0,0,0,0,0,0,0,0,0,0,0,0,0,0
0,0,0,0,0,0,0,0,0,0,0,0,0,0,0,0,0,0,0,0,0,0,0,0,0,0,0,0,0,0,0,0,0,0,0,0,0,0
0,0,0,0,0,0,0,0,0,0,1.68,0,0,0,0,0,0,0,0,0,0,0,0,0,0,0,0,0,0,0,0.73,0,0,0,0,0,0,0
0,0,0,0,0,0,0,0,0,0,0,0,0,0,0,0,0,0,0,0,0,0,0,0,0,0,0,0,0,0,0,0,0,0,0,0,0,0
1.73,0,0,0,0,0.76,0,1.67,0,2.55,0.5,0.7,0,0,0,1.62,1.72,1.45,0,0,0,0,2.39,0,0,0,0.63,0,0,0,0,0,1.6,0,1.51,0,1.55,0
0,0,0,0,0,0,0,0,0,0,0.66,0,0,0,0,0,0,0,0,0,0,0,0,0,0,0,0,0,0,0,0,0,0,0,0,0,0,0
0,0,0,0,0,0,0,0,0,0,0,0,0,0,0,0,0,0,0,0,0,0,0,1.79,0,0,0,0,0,0,0,0,0,0,0,0,0,0
1.65,0,0,0,1.42,0,0,1.97,0,0,0,0,0,0,3.4,0,0,0,0,0,0,0,0,0,0,0,0,0,0,0.52,0,0,3.41,0,0,0,0,0
0,0,0,0,0,0,0,0,0,0,0,0,0,0,0,0,0,0,0,0,0,0,0,0,7.41,0,2.49,0,0,7.01,4.82,0,4.91,0,0,0,0,0
-1,0,-1,-1,-1,-1,-1,-1,-1,-1,-0.42,1.34,0,0,-1,-1,-1,-0.22,-1,1.4,0.62,0.29,-1.43,-1,-0.23,0,-1,0.68,-1,-1,-1,-1,-1,-1,-1,-1,-1,1.32
0.66,0,5.69,2.51,0.78,0.79,-1,-1,-1,-1,-0.49,-1,0,0,-1,-1,2.3,-1,-1,-1,-1,0.78,-0.25,-1,-1,0,-1,2.24,-0.33,-1,-1,-1,-1,-0.32,-1,-1,-1,1.22
2.71,0,-1,-1,1.48,-1,-1,-1,-1,-1,-0.27,-1,0,0,2.18,-1,-1,-1,-1,-1,-1,-1,-1,-1,-1,0,-1,-1,-1,-1,-0.5,-1,-1,-1,-1,-1,-1,-1
3.78,0,0,0.96,0,1.74,0.64,0,0,0.75,0,1.6,0,1.71,0,0,2.78,0.74,0,0,0,0.76,1.78,3.08,1.01,0,0,6.51,0,4.75,1.71,0,3.36,0,0.61,0,1.69,0
0,0,0,0,0,0,0,0,0,0,0,0,0,0,0.53,0,0,0,0,0,0,0,0,0,0,0,0,0,0,0,0,0,0,0,0,0,0,0
0,0,0,0,1.78,0,0,0,0.48,0,0,0,0,0,1.64,0,0,0,0,0,0.47,2.19,0,0,0,0,0,0,0,4.31,3.54,0.52,0.75,0,0,0,0.75,0
0.78,0,0,0,0,0,0,0,0,0,0,0,0,0,0,0,0,0,0,0,0,0.53,0,0,0,0,0,0,0,1.52,0,0,0,0,0,0,0,1.78
0,0,0,0,0,0,0,0,0,0,0,0,0,0,0,0,0,0,0,0,0,0,0,0,0,0,0,0,0,0,0,0,0,0,0,0,0,0
-1,0,-1,-0.26,-1,-1,-1,-1,-1,-1,-1,-1,0,0,0.73,-1,-1,-1,-1,-1,-1,-1,-1,-1,-1,0,-1,-1,-1,-1,-1,-1,-1,-1,-1,-1,-1,-1
-0.23,0,-1,-1,-1,-1,-0.4,-1,-1,-0.46,-0.47,-1,0,0,-0.25,-1,-1,-1,-1,-1,-1,-1,-1,-1,-1,0,-1,-1,-0.23,-1,-1,-1,-1,-1,-1,-1,-1,-1
0,0,0,0,0,0,0,0,0,0,0,0,0,0,0,0,0,0,0,0,0,0,0,0,0,0,0,0,0,0,0,0,0,0,0,0,0,0
3.16,0,0,0,0,0,0,0,0,0,0,0,0,0,0.75,0,0,0,0,0,0,0,0,0,0,0,0,0,0,0,0,0,0,0,0,0,0,0
-1,0,-1,-1,-1,-1,-1,-1,-1,-1,-1,-1,0,0,-1,-1,-1,-1,-1,-1,-1,-1,-1,-1,-1,0,-1,-1,-1,-1,-1,-1,-1,-1,-1,-1,-1,-1
7.31,1.55,10.15,6.67,7.6,18.44,6.98,6.88,13.41,8.92,13.32,7.19,4,0.74,3.21,6.4,1.07,11.13,3.28,1.78,4.25,4.19,1.4,5.74,1.79,0,5.15,2.53,4.23,4.48,13.31,0.56,13.17,4.45,13.12,5.33,5.07,15.39
0,0,0,0,0,0,0,0,0,0,0,0,0,0,0.54,0,0,0,0,0,0,0,0,0,1.1,0,0,1.77,0,0,1.27,0,1.78,0,0,0,0,0
0.49,0,0.51,0.5,1.75,0,0,0,1.74,5.55,3.57,9.03,0,0,3.47,0,1.7,6.06,2.27,0,3.55,1.58,2,0,3.56,0,0,0,0.76,18.71,12,1.68,9.09,0,3.41,0,0,0
7.35,2.14,7.29,1.74,16.1,3.72,1.51,1.55,21.68,5.99,12.75,12.22,1.43,-0.24,6.38,7.44,3.29,6.8,6.58,6.81,0.74,3.71,1.35,0,5.54,1.7,1.47,2.03,1.6,3.87,21.25,2.99,12.14,0.78,11.83,0.68,10.27,9.71
1.71,0,0,0,0,0,0,0,0,0,0,0,0,0,0,0,0,0.77,0,0,0,0,0,0,0,0,0,0,0.61,0,0,0,0,0,0,0,0,0
17.92,1.77,2.23,-0.28,3.93,8.22,1.64,2.62,20.41,9.6,6.68,2.35,0,0.77,3.48,4.34,2.51,1.3,3.2,2.35,1.53,2.74,3.08,0,7.92,0,5.77,3.2,0,11.13,4.64,1.78,15.89,3.2,0.74,2.5,2.11,3.82
-1,0,-1,-1,-1,-1,-1,-1,-1,-1,-1,-1,0,0,-1,-1,-1,-1,-1,-1,-1,-0.46,-1,-1,-1,0,-1,-1,-1,-1,-1,-1,-1,-1,-1,-1,-1,-1
0,0,0.74,0,0,0,0,0,0,0,0,0,0,0,0,0,0,0.74,0,0,0,3.09,0,0,0.71,0,0,1.72,0,0,0.46,0,1.65,0,0,0,0,0
0,0,0.63,0,0,0,0,0,0,0,0,0,0,0,0,0.6,0,0,0,0,0,0.52,0,0,-0.49,0,0,0,0.48,0,0,0,0,0,0,0,0,0
0,0,0,0,1.51,0,0,0,0,0,0.75,0,0,0,0.77,0.59,0,0,1.5,2.1,0,0,0,0.64,0,0,0,0,0,0,0,1.78,0,0,1.54,1.75,0,1.79
0,0,0,0,0,1.77,0,0,0,-0.58,0,0,0,0,0,0,0,0,0,0,0,0,0,0,0.59,0,0,1.47,0.78,0,0,0,0,0,0,0,0,0
0,0,0,0,0,0,0,0,0,0,0,0,0,0,0,0,0,0.56,0,0,0,0,0,0,0,0,0,0,0,0.64,0,0,0,0,0,0,0,0
0,0,0,0,0,0,0,0,0,0,0.55,0,0,0,0,0,0,0,0,0,0,0,1.53,0,0,0,0,0,0,0,0,0,0,0,0,0,0,0
0,0,0,0,0.76,0,1.78,0.69,0,1.79,0,0,0,0,0,0,0,0,0,0,0,0,0,0,0,0,0,0,0,0,0.47,0,0,0,0,0,0,0
0,0,0,0,0,0,0,0,0,0,0,0,0,0,0,0,0,0,0,0,0,0,0,0,0,0,0,0,0,0,0,0,0,0,0,0,0,0
0,0,0.76,0,0,0,1.64,0,0,0,0,0,0,0,0,0,0,0,0,0,0,0,0,0,1.52,0,0,0,0,0,0,0,0,0,0,0,0,0.73
0,0,0,0,0,1.75,0,0,0,0,0,0,0,0,0,0,0,0,0,0,0,0,0,0,0,0,0,0,0,0,0,0,0,0,1.75,0,0,0
2.33,0,3.34,5.22,3.04,2.33,4.99,0.91,0.83,4.7,4.91,2.46,0,0,2.34,0,1.7,1.28,0,1.71,1.77,3.36,1.2,0.96,0,0,0.7,1.66,9.64,1.39,1.78,2.83,0.58,9.71,3.21,9.37,0,3.27
0.7,0,0,0,0,0,0,0.52,0,0.67,0,6.96,4.02,0,1.6,0,0,1.72,0.45,0,0,0,0,1.7,0,0,0,0.51,3.24,0,0,0,0,9.27,1.63,1.78,0,0.7
2.45,0,1.79,0,0,1.78,0,1.5,2.29,3.53,8.85,10.34,0.69,3.17,-0.07,2.86,0,-0.11,0.77,0,6.89,0,0,1.79,6.08,2.48,2.89,1.4,5.86,0.48,0,0.73,0,20.89,2.99,2.5,1.11,0.73
0,0,0,0,0,0,0,0,0.62,2.23,0,0,0,0,0.63,0,0,0,0,0,0,0,0,0,0,0,0,0,0,0,0,0,0,0,0,0,0,0
0,0,0,1.74,0,0,0,0,0,0,1.77,0,0,0,0,0,0,0,0,0,0,0,0,0,0,0,0,0,1.51,0,0,0,0,0,0,0,0,0
0.47,0,0,0,0,0,0,0,0,0,0,0,0,0,0,0,0,0,0,0,0,0,0,0,0,0,0,0,0,0,0,0,0,0,0,0,0,0
0,0,0,0,0,0,0,0,0,0,0,0,0,0,0,0,0,0,0,0,0,0,0,0,0,0,0,0,0,0,0,0,0,0,0,0,0,0
0,0,0,0,0,0,0,0,0,0,0,0,0,0,0.55,0.78,0,1.95,0,0,0,0,0,0,0,0,0,0,0.77,0,0,0,0,0,0,0,0,0
0,0,0,1.79,0,0,0,4.84,3.43,3.78,0,0,0,0,0,0,0,0,0,0,0,0,0,0,0,0,0,0,1.65,0,0,0,0,3.04,0,0,0,0
1.5,0,0,0,0,0,0,0,0,0,1.59,0,0,0,0,0,0,0,0,0,0,0,0,0,0,0,0,0,0,0,0,0,0,0,0,0,0,0
0,0,0,0,0,0,0,0,0,1.3,0,0,0,0,0,0,0,0,0,0,0,0,0,0,0,0,0,0,0,0,0,0,0,0,0,0,0,0
0,0,0,0,0,0,0,0,0,0,0,0,0,0,0,0,1.68,0,0,0,0,0,0,0,0,0,0,0.6,1.59,0,0,0,0,0,0,0,0,0
0,0,0,3.58,0,0,0.62,0,0.71,0.73,-0.32,0,0,0,0,2.3,0,0,0,0,0,0,0,0,1.54,0,0,0.7,0.47,0,0.59,0,0,2.81,-0.28,0.6,2.24,1.73
0,0,0,0,0,0,0,0,0,0,0,0,0,0,0,0,0,0,0,0,0,0,0,0,0,0,0,0,0.56,0,0,0,0,0,0,0,0,0
0,0,0,0,0,0,0,0,0,3.52,0,0,0,0,0,0,0,0,0.65,0.75,0,0,0,0,0,0,0,0,0,0,0,0,0,0,0,0,0,0
0,0,0,4.27,1.68,1.57,2.21,11.02,15.34,2.83,6.14,3.52,3.47,0,14.05,1.27,0.89,0,5.35,0.58,0,1.54,0,1.52,3.32,0,1.77,0.45,4.56,0,0,0.77,0,17.97,8.9,0,0,5.62
0,0,0,0,0,0,0,0,0,2.27,0,0,0,0,0,0,0,0,0,0,0,0,0,0,0,0,0,0,0,0,0,0,0,0,0,0,0,0
0,0,0,0,0,0,0,0,0,0,0,0,0,0,0,0,0,0,0,0,0,0,0,0,0,0,0,0,0,0,0,0,0,0,0,0,0,0
0.69,0,0,0,0,0,0,0,0,0,0,2.04,0,0,0,3.02,0,0.75,0.54,0.57,0.59,0,1.6,0,0,0,3.11,2.34,0,0,0,0,0,0,0,0,0,0.57
0,0,0,0,1.57,0,0,0,0,0,0,0,0,0,4.82,2.25,0.1,0,0,0,0,0,0,0,0,0,0,0,0.77,0,0,0,0,2.66,0,0,0,0
0,0,0,0,0,0,0,0,0,0,0,0,0,0,0,0,0,0,0,0.7,1.71,0.77,0,2.24,0,0,0,0,0,0,0,0,0,0,0,0,0,0
0.77,0,0,0,0,0,0,0,0,0,0,0,0,0,0,0,0,0,0,0,0,0,0,0,0,0,0,0,0,0,0,0,0,0,0,0,0,0
5.45,0.76,1.63,0,1.46,0,2.2,0,0.77,0.56,0,1.78,1.77,1.5,3.55,0,1.65,1.77,0,0.68,1.77,0,0,0,1.54,0,0,0,0,0,0,1.62,0,0,0,1.75,0,0
-1,0,-1,-1,-1,-1,-1,-1,-1,-1,-1,-1,0,0,-1,-1,-1,-1,-1,-1,-1,-1,-0.46,-1,-1,0,-1,-1,-1,-1,-1,-1,-1,-1,-1,-1,-1,-1
1.77,1.77,0,0,0,0,0,0,0,0.69,0,0,0,0,0,0,0.61,0,0,0,0,0,-0.28,0,0.78,0,0,0,0,0,0,0,0,0,0,0,0,0
0.56,0.56,0,0,0,0,0,0,0,0,0,0,0,0,0,0,0,0,0,0,0,0,0,0,0,0,0,0,3.34,0,0,0,0,0.58,0,0,0,0
0,0,0,0,0,0,0,0,0,0,0,0,0,0,0,0,0,0,0,0,0,0,0,0,0,0,0,0,0,0,0,0,0,0,0,0,0,0
0,0,0,0.53,0,0,0,0,0,0,0,0,0,0,0,0,0,0,0,1.38,1.51,0.53,0,4.18,0,0,0,0,0,0,0,2.57,0,1.68,0,0,0.94,0.65
0,0,0,0,0,0,0,0,0,0,0,0,0,0,0,0,0,0,0,0,0,0,0,0,0,0,0,0,0,0,0,0,0,0,0,0,0,0
13.81,0.73,10.93,12.07,15.93,13.79,21.02,17.94,24.57,27.06,22.3,17.38,7.3,10.59,16.71,20.82,21.37,15.75,15.71,15.22,8.08,19.6,12.75,24.34,10.54,1.52,17.22,16.25,17.22,24.11,19.25,11.73,20.97,20.8,8.72,20.85,21.28,10.14
0,0,0,0,0,0,0,0,0,0,0,0,0,0,0,0,0,0,0,0,0,0,0,0,0,0,0,0,0,0,0,0,0,0,0,0,0,0
0,0,-0.38,0,0,0,1.23,0,0,0,0,0,0,0,0,0,0,0,0,0,3.47,5.1,0,2.96,2.17,0,1.5,4.88,0,1.76,0.48,0,0,0,0,0,0,0
0,0.65,0,0,0,0,2.32,0,0,0,0,0,0,0,0.71,0,0,0,0,0,1.66,3.26,2.37,0,0,0,0,0,0,0,0,0,0,0,0,0,0,0
0,0,0,0,0,0,0,0,0,0,0,0,0,0,0,0,0,0,0,0,0,0.78,0,0,0,0,0,0,0,0,0,0,0,0,0,0,0,0
2.25,0,0,0,0,0,0,1.78,0,0,0,0,0,0,0,0,0,0.77,1.75,0,0.77,0,0,0,0,0,0,0,0,0,0,0,0,0,0,0,0,0
3.52,0,0,2.02,0.47,0,0,0.76,0,1.3,0,0,0,0,0.24,0,0,0,0,0,0,3.2,0.73,0,0.59,0,1.5,2.32,0.47,1.75,0,0,1.43,2.03,4.28,1.13,1.02,3.44
0,0,0,1.78,0,0,4.63,3.05,-0.72,0,0,1.77,0,0,0,7.33,0,0,1.52,0,0,0,0,1.68,0,0,0,0,0,0,0.48,0,0.6,3.18,0,1.73,0,0
1.71,0,0,0,0.76,0,0,0.78,0,0,1.71,0,0,0,0.55,0,0,0,0,0,0,5.34,0,1.62,0,0,0,0,0.61,0,0,1.64,1.52,0.49,1.68,0,4.31,0.51
0,0,0,0,0,0,0,0,0,0,0,0,0,0,0,0,0,0,0,0,0,0,0,0,0,0,0,0,0,0,0,0,0,0,0,0,0,0
0,0,0,0,0,0,0,0,0,0,0,0,0,0,0,0,0,0,0,0,0,0.67,0,0,0,0,0,0,0,0,0,0,0,0,0,0,0,0
0,0,0,0,0.75,0.62,0,13.99,4.22,1.76,2.24,4,0,0.76,0,2.1,0,0,0,2.2,0,3.13,0,0,0,0,0,0,0,0,0,0,0,0,0,0,0,0
-1,0,-1,-1,0.33,-1,-1,-1,-1,-1,-1,0.47,0,0,-0.46,-1,-1,-1,-1,-1,-1,-0.22,-1,-1,-0.38,0,-1,-0.33,-0.23,-1,-1,-1,-1,-1,-1,-1,-1,-1
0,0,0,0,0,0,0,0,0,1.63,0,0,0,0,0.67,0,0,0,0,0,0,0.62,1.78,0,0,0,0,0.49,0,0,0,0,0,0,0,0,0,0
0,0,0,0,0.77,0,0,0,0,1.11,0,1.77,0,0,1.43,0.72,0,0,0,0.77,0,1.5,0.76,0,0.65,0,0,0,0,0,0,0,0,0,0,0,0,0
0,0,0,0,0,0,0,0,0,0.53,0.59,0,0,0,0.5,0,0,0,0,0,0,2.32,0,0,0,0,0.77,0,0.44,0,0,0,1.72,3.36,0,0,0,0
0,0,0,0,0,0,0,0,0,0,0,0,0,0,0,0,0,0,0,0,0,0,0,0,0,0,0,0.55,0,0,0,0,0,0,0,0,0,0
0,0,0,0,0,0,0,0,0,0,0,0,0,0,0,0,0,0,0,0,0,0,0,0,0,0,0,0,0,0,0,0,0,0,0,0,0,0
0,0,0,0,0,0,0,0,0,0.76,0.71,0,0,0,0.78,0,0,0.67,0,0,0.73,0,0,0,0,0,0,0.65,0,0,0,0,0,0,0,0,0,0
0,0,0,0,0,0,0,0,1.21,0,0,0,0,0,0.55,0,0,0,0,0,0,0,0,0,0.48,0,0,0,0,0,0,0,0,0,0,0,0,0
1.75,0,0,0,0,0,0,0,0,0,0,0,0,0,0.69,0,0,0,0,0,0,0.77,0,0,0,0,2.29,10.57,6.95,1.71,11.48,0,2.91,2.38,0,0,0,0.69
0,0,0,0,0,0,0,0,0,0,0,0,0,0,0,0,0,0,0,0,0,0,0,0,0,0,0,0,0,0,0,0,0,0,0,0,-0.28,0
0.53,0,0,0,0,0,0,0,0,0,0,0,0,0,0.74,0,0,0,0,0,0,2.89,0.68,0,1.73,0,1.55,6.14,0.6,0,0.77,0,1.44,6.31,0,1.73,0,0
0,0,0,0,0,0,0,0,0,0,0,0,0,0,0,0,0,0,0,0,0,0,0,0,0,0,0,0,0,0,0,0,0,0,0,0,0,0
1.05,0.78,1.56,0,0,5.36,8.29,5.38,3.54,0.76,0,0,2.74,0.72,0,5.97,3.65,0,0,8.23,3.25,4.44,0.66,0,0.49,0,0.74,0,0.77,0.77,1.79,1.4,0,0,0.77,0,1.53,0
0,0,0,0,0.52,0,0,0,0,0.75,0,0,0,0,0,0,0,0,0,1.33,0,0,0,0,0,0,0,0,0,0,0,0,0,0,0,0,0,0
0,0,0,0,0,0.41,2.54,0,0,0,0,0,0,0,0.72,0,0,0,0,0,0,0,0,0,0,0,0,0,0,0,0,0,0,0,0,0,0,0
0,0,1.79,0,0,1.75,0,0,0,0.62,0,0,0,0,0,0,0,0,0,0,0,3.26,0.75,1.54,0.74,0,0,2.26,1.77,0,5.69,0,5.04,2.31,0,0.74,0,0.63
0,0,0,0,0,0,0,0,0,0,0,0,0,0,0,0,0,0,0,0,0,0,0,0,0,0,0,0,0,0,0,0,0,0,0,0,0,0
0,0,0,0,0,0,0,0,0,0,0,0,0,0,0,0,0,0,0,0,0,0,0,0,0,0,0,0,0,0,0,0,0,0,0,0,0,0
0,0,0,0,0,0.76,0,1.7,0,1.74,0,0,0,0,0,0.61,0,0,0,0,0,0,0,0,0.67,0,0,0,0.75,0.77,0,0.56,0,0,0.77,0,0.75,0
0,0,0,0,0,0,0,0,0,0,0,0,0,0,0,0,0,0,0,0,0,0,0,0,0,0,0,0,0,0,0,0,0,0,0,0,0,0
0,0,0,0,0,0,1.78,0,0,1.58,2.49,0,0,0,0,0,1.78,1.6,0,0,0,0,0,0,0.52,0,0,0,0.74,0,0,0,0,0.65,0,0,0,0
0,0,4.21,0,3.58,3.3,0.75,2.05,0,0,0,0,1.46,0,0,1.23,1.65,0,0,0,0,2.55,1.66,1.61,0.74,0,0.77,0,0,1.78,0,0,0,0,-0.44,3.81,0,1.79
0,0,0,0,0,0,0,0,0,0,0,0,0,0,0,0,0,0,0,0,0,0,0,0,0,0,0,0,0,0,0,0,0,0,0,0,0,0
3.32,0,0,0,0.77,0,0,0,0,0,0,0,0,0,0,1.79,0,0,0,0,1.5,0.62,0.66,0,0.62,0,0,0,0,0,0,0,0,0,0.48,0,0,0
0,0,0,0,0.78,0,5.81,0,0,0,0,0,0,0,0.76,3.24,0,0,0,0,0,0.58,0,0,0,0,5.24,0.58,0,1.38,0,0,0,0,0,-0.32,0,0
0,0,0,0,0,0,0,0,0,0,0,0,0,0,0,0,0,0,0,0,0,0,0,0,0,0,0,0,0,0,0,0,0,1.03,0,0,0,0
0,0,0,0,0,0,0,0,0,0,0,0,0,0,0,0,0,0,0,0,0,0,0,0,0,0,0,0,0,0,0,0,0,0,0,0,0,0
0,0,0,0,0,0,2.16,0,0.57,0,1.78,0.77,1.58,0,0,0,0,0,0,0,0,0,0,0,0,0,0,0,0,1.52,0,0,0,0,0,0,0,0
3.15,0.7,0,0,0,0,0.76,0,0,0.63,0.68,0,0,0,0,0,0,0,0,0,0.47,0,1.54,0,0,0,0,-0.38,0,0,0,0,0,0,0,0,0,0
0,0,0,0,0,0,1.59,0,0,0,1.64,0,0,0,1.78,0,0,0,0,0,0,0,0,0,0,0,0,0,0,0,0,0,0,0,1.48,0,0,0
0,0,0,0,0,0,0,0,0,0,0,0,0,0,0,0,0,0,0,0,0,0,0,0,0,0,0,0,0,0,0,0,0,0,0,0,0,0
0,0,0,0,0,0,0,0,0,0.62,0,0,0,0,0,0,0,0,0,0,0,0,0,0,0,0,0,0,0,0,0,0,0,0,0,0,0,0
0,0,0,0,0,0,0,0,0,0.76,1.55,0,0,0,0.56,0,0.77,0,0,0,0,0,0,0,0,0,0,0,0,0,0,0,0,0,0,0.72,0,0
0,0,0,0,0,0,0,0,0,0.6,0,0,0,0,0,0,0,0,0,0,0,0,0,0,0,0,0,0,0,0,0,0,0,0,0,0,0,0
0,0,0,0,0,0,0,0,0,1.77,3.14,1.78,5.01,3.93,0.64,3.11,1.28,0,5.03,0,0,1.52,1.54,0,4.19,0,0,0,0,0,0,0,0,0,0,0,0,0
2.22,0,0,0,0,0,0,0,0.58,0,0.68,0,0,1.76,0,0,0,0,0,0,0,1.79,1.6,0,0,0,0,0,0,0,0,0,0,1.68,1.79,0,0,0
0,0,0,0,0,0,0,0,0,0,0,0,0,0,0,0,0,0,0,0,0,0,0,0,0,0,0,0,0,0,0,0,0,0,0,0,0,0
0,0,0,0,0,0,0,0,0,0,0,0,0,0,0,0,0,0,0,0,0,0,0,0,0,0,0,0,0,0,0,0,0,0,0,0,0,0
0,0,0,0,0,0,0,0,0,0,0,0,0,0,0,0,0,0,0,0,0,0,0,0,0,0,0,0,0,0,0,0,0,0,0,0,0,0
0,0,0,0,0.66,0,0,0,0.46,0.7,2.82,1.16,0,0.44,1.54,2.17,0.54,0,0,0,0,0,0,0.77,-0.42,0,0,0,0,0,0,0,0,0,0,0,0,0
0,0,0,0,0,1.54,0,0,0,0.66,0,0,0,0,0.68,0,0,0,0,0,0,0.5,0.47,0,0,0,0,0,0,0,1.74,0,0,0,0,0,0,0
0,0,0,0,0,0,0,0,0,0,0,0,0,0,0,0,0,0,0,0,0,0,0,0,0,0,0,0,0,0,0,0,0,0,0,0,0,0
0,0,0,0,0,0,0,0,0,0,0,0,0,0,0.63,0,0,0,0,0,0,0,0,0,0,0,0,0,0,0,0,0,0,0,0,0,0,0
3.2,0,0,0,0.57,0,1.48,0,1.55,1.44,0,0,0,0,0.74,1.67,0.72,0,0,1.78,0,0,0,0,0,0,0,-0.4,0,0,0,0,0,0,0,1.78,0,-0.42
0,0,0,0,0,0,0,0,0,0,0,0,0,0,0,0,0,0,0,0,0,0,0,1.27,1.53,0,0,0,0.69,0,0,0,0,0,0,0,0,0
0,0,0,0,0,0,0,0,0,0,0,0,0,0,1.76,0,0,0,0,0,0,0,0,0,0,0,0,0,0,0,0,0,0,0,0,0,0,0
0,0,0,0,0,0,0,0,0,0.58,4.02,0.75,0,0,0,1.55,0,0.77,0,0.49,3.31,0,0,1.74,1.65,0,0,0.5,0,0,0,0,0,11.51,0,0.7,0,0
0,0,0,0,0,0,0,0,0,0.64,0,0,0,0,0.78,0,0,0,0,0,0,0.56,0,0,0,0,0,0,0,0,0,0,0,0,0,0,0,0
0,0,0,0,0,0,0,0,0,0,0,0,0,0,0,0,0,0,0,0,0,0,0,0,0,0,0,0,0,0,0,0,0,0,0,0,0,0
0,0,0,0,0,0,0,0,0,0,0,0,0,0,0,0,0,0,0,0,0,0,0,0,0,0,0,0,0,0,0,0,0,0,0,0,0,0
0,0,0,0,0.76,0,0,0,0,0,0,0,0,0,0,0,0,0,0,0,0,0,0,0,0,0,0,0,0,0,0,0,0,0,0,0,0,0
0,0,0,0,0,0,0,0,0,0,0,0,0,0,0,0,0,4.93,0,0,0,0,0,0,0,0,0,0,0,0,0,0,0,0,0,0,0,0
0,0,0,0,0,0,0,0,0,0,0,0,0,0,0,0,0,0,0,0,0,0,0,0,0,0,0,0,3.4,0,0,0,0,0,0,0,0,0
12.69,0,0,1.78,0.96,0.77,1.77,2.37,0,5.11,0,1.73,0,2.47,0.67,0.62,0.73,0,0,0.48,0,0,0,0,0,0,4.05,0,2.28,-0.75,4.5,10.49,0.7,0,0.75,0,0,0
0,0,0,0,0,0,0,0,0,0,0,0,0,0,0,0,0,0,0,0,0,0,0,0,0,0,0,0,0,0,0,0,0,0,0,0,0,0
14.92,0,17.48,9.43,20.32,17.39,4.73,13.1,13.27,9.31,19.42,5.44,6.37,8.25,1.45,4.42,1.78,4.72,1.22,5.35,15.69,6.8,6.83,6.04,8.94,2.13,5.88,5.02,4.55,0,4.42,0.76,3.22,0,2.18,0,4.99,1.52
0,0,0,1.79,0.64,3.39,0,1.68,0,3.28,0,3.04,0,0,0,6.87,11.95,1.59,0,0,2.34,2.79,3.56,3.88,2.47,0,0,1.39,6.69,0,3.8,3.25,2.23,0,2.3,0,0,0
2.18,0,0,0,0,0,0,0,0,0,0,0,0,0,0,0,0,0,0,0,0,0,0,0,0,0,0,0,0,0,0,0,0,0,0,0,0,0
-1,0,-1,-1,-0.5,-1,-1,0.79,0.75,9.87,1.21,-1,0,0,-1,-1,-1,-1,-1,-1,2.49,0.48,-1,-1,-1,0.51,-1,-1,0.63,-1,-1,0.75,2.44,-0.52,-1,-1,-0.25,0.78
0.68,0,0,0,0,0,0,0,0,0,0,0,0,0,0,0.64,0,0,0,0,0,0,0,0,0,0,0,0.68,0,0,0,0.61,1.5,0,3.34,0.77,0.71,0
0,0,0,0,0.72,0,0,0,0,0,0,0,0,0,0,0,0,0,0,0,0,0,0,0,0,0,0,0,0,0,0,0,0,0,0,0,0,0
0,0,0,0,0,0,0,0,0,0,0,0,0,0,0.77,0,0,0,0.73,0,0,0,0,0,0.77,0,0,1.77,0,0,0.64,0,-0.45,0,0,0,0,0
5.15,-0.44,4.45,10.44,38.18,23.12,8.79,27.9,41.51,16.71,21.87,16.37,6.81,6.75,12.09,6.96,18.87,24.49,9,37.1,13.33,34.01,11.91,11.72,9.88,2.04,10.64,4.94,16.11,8.06,14.21,19.37,29.65,27.51,13.03,4.08,19.79,8.95
0,0,0,0,1.54,0,0,0,0,0,0,0,0,0,0,0,0,0,0,0,0,0,0,0,0,0,0,0,0,0,0,1.53,0,0,0,0,0,0
2.23,0,1.77,0.74,0,1.78,1.78,0,0,4.05,0,0,0,0,0,0,0,0,0.71,1.63,1.78,0,2.19,0,0,0,0,0,0,0,1.58,0,2.38,0,0,0,0,0
1.71,0,4.02,5.77,7.2,1.74,4.47,1.78,0,0.72,0.76,-0.26,0,1.57,1.67,0,0,0,1.78,1.52,1.68,1.79,3.41,0,1.76,0,0,0,3.71,1.75,0.56,0.6,0.75,0,0,0,1.79,2.37
5.02,0,1.52,0,0,0,0,0,0,0,0,0,0,0,0,0,0,0,0,0,0,0,0.61,0,1.72,1.78,0,0,1.51,0,0,0,5.02,1.68,0,0,0,2.31
0.75,0,0,0,0,0,0,0,0,7.8,12.08,5.03,1.6,0,0.71,0,0,0,0,0,0,0,0,0,0,0,0,0,0,0,0,0,0,0,0,0,0,0
0,0,0,0,0,0,0,0,0,0,0,0,0,0,0,0,0,0,0,0,0,0,0,0,0,0,0,0,0,0,0,0,0,0,0,0,0,0
0,0,0,0,0,0,0,0,0,0,0,0,0,0,0,0,0,0,0,0,0,0,0,0,0,0,0,0,0,0,0,0,0,0,0,0,0,0
0,0,0,0,0,0,0,0,0,0,0,0,0,0,0,0,0,0,0,0,0,0,0,0,0,0,0,0,0,0,0,0,0,0,0,0,0,0
-1,0,-1,-1,-1,-1,-1,-1,-1,-1,-1,-1,0,0,-1,-1,-1,-1,-1,-1,-1,-0.25,-1,-1,-1,0,-1,-1,-1,-1,-1,-1,4.96,-1,-1,-1,-1,-1
-1,0,0.77,-1,-0.48,-1,-1,-1,-1,0.71,0.78,-1,0,0,2.84,-1.23,2.47,-1,-1,-1,-1,-1,-0.23,-1,-1,0,-1,-1,-1,-1,-1,-1,0.39,-1,-0.47,-1,0.89,-0.39
0.69,0,0,0,1.18,6.79,0,0,2.99,0.61,2.47,0,0,0.55,1.54,1.63,1.77,0,1.51,0,1.41,-0.6,0,0,0,0,0,0,0,1.75,0,1.04,7.31,1.78,0,0,0,1.71
2.39,0,2.79,-1,-0.39,0.78,-1,-1,0.57,-0.23,10.47,4.8,1.78,1.52,0.7,-1,0.63,-1,2.08,-1,1.37,0.92,-0.27,-1,-1,0,-1,-1,-1,-1,-1,-1,-1,0.77,-1,-1,-1,-1
0,0,0,0,0,0,0,0,0,0,0,0,0,0,0,0,0,0,0,0,0,0,0,0,0,0,0,0,0,0,0,0,0,0,0,0,0,0
0,0,0,0,0,0,0,0,0,0,0,0,0,0,0,0,0,0,0,0,0,0,0,0,0,0,0,0,0,0,0,0,0,0,0,0,0,0
0,0,1.78,5.25,7.64,0.46,0,4,3.56,0.66,0,0,0,0,0,0,1.78,5.24,0,1.51,0,2.41,0,0,3.66,0,0,1.33,7.16,0,3.31,8.1,1.53,0,0,0,1.57,0
0.71,0,-0.58,1.49,0.68,0,0,0,0,1.4,0.72,0.77,0,0,1.24,0,0,0,0,0,0,0,0,0,0,0,0,0,0,0,0,0,0,0,0,0,0,0
0,0,0,0,0,0,0,0,0,0,0,0,0,0,0,0,0,0,0,0,0,0.77,0.78,12.84,2.03,0,1.64,0,11.03,8.79,6.39,4.4,3.51,1.78,1.61,0,0.67,1.61
0,0,0,0,0,0,0,0,0,0,0.71,0,0,0,0,0,0,0,0,0,0,0,0,0,0.71,0,0,0,0,0,0,0,0.71,0,0,0.6,0,1.5
0,0,1.17,5.34,1.77,12.18,3.34,0,0,1.77,0,0.59,0,1.71,3.49,0,1.78,0,1.32,0,5.28,0,1.34,0,0,0,0,0,0,0,0,3.08,0,0,0,1.78,1.56,0
0,0,0,0,0,0,0,0,0,0,0,0,0,0,0,0,0,0,0,0.74,0,0,1.88,0,0,0,0,0,0,0,0,0,0,0,0,0,0,0
0,0,0,0,0,0,0,0,0,0,0,0,0,0,0,0,0,0.78,0.69,1.66,1.58,0.72,3.91,0,1.75,0,0,0,0,0,0,4.35,1.52,0,0,4.2,2.49,3.26
4.18,0,0.57,0.68,-0.26,1.47,-0.31,-1,-1,-1,-1,-1,0,0.44,-1,-1,-1,-1,-1,-1,-1,-1,-1,-1,0.78,0,-1,-1,-1,-1,-1,-1,-1,-1,-1,-0.34,-0.26,0.6
5.4,0,6.5,0,4.28,5.11,5.01,1.76,4.13,5.03,5.38,2.82,0.76,0.66,0,1.48,6.89,9.76,6.49,0,1.52,4.96,3.11,2.7,1.65,0,0.71,0.45,2.83,2.9,1.65,0,1.79,0,3.73,6.42,5.26,2.14
0,0,0,0,0,0,0,0,0,0,0,0,0,0,0,0,0,0,0,0,0,0,0,0,0,0,0,0,0,0,0,0,0,0,0,0,0,0
0.52,0,2.3,1.19,-1,-1,-1,-1,-1,-0.42,-1,-1,0,0,-1,-1,-1,-1,-1,-1,-1,-1,-1,-1,-1,1.37,0.7,0.64,-1,2.56,-1,7.51,-0.31,-1,-1,-1,-1,-1
6.59,0,0,0.67,6.98,0,1.61,0,3.49,0,0,0,0,0.47,0,0,0,0,0,3.16,0,1.7,0,0,3.29,0,0,2,0,1.58,0,0,0,0,0,0,3.45,1.78
0.78,0,-1,-1,-1,0.68,0.7,2.9,0.67,-1,-1,-1,0,0,-1,-1,0.72,-1,-1,-1,-1,-1,-1,2.56,-1,0,-0.23,0.62,4.49,-1,-1,0.79,0.78,-1,-1,-1,-1,2.27
0,0,0,0,0,0,0,0,0,0,0,0,0,0,0,0,0,0,0,0,0,0,0.6,0,0,0,0,0,0,0,0,0,0,0,0,0,0,0
9.42,1.37,3.54,6.16,2.76,9.07,5.9,6.17,4.19,4.69,2.56,0.76,1.72,7.1,5.5,0.59,0,5.89,1.03,1.78,2.25,4.94,3.48,1.5,3.78,0,1.27,2.42,3.97,6.73,0,2.45,3.79,0.74,1.68,1.52,4.11,3.44
0,0,0,0,0,0,0,0,0,0,0.74,0,0,0,0,0,0,0,0,0,0,0,0,0,0,0,0,0,0,0,0,0,0,0,0,0,0,0
0,0,0,0,0,0,0,0,0,0,0,0,0,0,0,0,0,0,0,0,0,0,0,0,0,0,0,0,0,0,0,0,0,0,0,0,0,0
3.81,0,4.9,3.08,0,0,0,0,0,1.46,0,0,0,3.56,0,0,0,0,10.2,4.79,4.19,1.24,0,12.87,5.33,0,0.99,1.62,0,-0.5,0,4.92,0,0,0,0,0,3.56
5.21,0,0,0,0,0,0,0,1.76,1.59,0,0,0,0,0,0,0,0,3.56,0,0,3.47,0,0,0,1.76,0,1.76,0,3,0,3.31,0,0,1.53,0.67,3.24,5.2
12.79,0,11.63,15.24,5.47,18.5,7.89,6.54,7.22,4.55,12.74,1.64,0,7.35,3.55,9.29,0.55,3.36,0.66,1.64,0,1.74,0,0,0.73,1.78,10.6,8.59,0.64,8.56,0,11.01,4.22,0,0,8.93,7.39,5.76
1.49,0,1.65,0,1.25,0,0,0,0,0.62,0,1.76,0,0,0,0,0,0,0,0,0,1.55,0.48,0,0,0,2.24,0,0,0,0,0,0,0,0,4.72,3.49,0
0,0,0,0,0,0,0,0,0,1.49,0,0,0,0,0,0,0,0,0,0,0,0,0,0,0,0,0,0,0,0,0,0,0,0,0,0,0,0
0,0,0,0,0.5,0,0,0,0,0,0.73,0,0,0,0,0,0,0,0,0,0,0,0,0,0.7,0,0,0,0,0,0,0,0,0,0,0,0,0
0,0,0,0,0,0,0,0,0,0,0,0,0,0,0,0,0,0,0,0,0,0,-0.23,0,0,0,0,0,0,0,0,0,0,0,0,0,0,0
0,0,0,0,0,0,0,0,0,0,0,0,0,0,0,0,0,0,0,0,0,0,0,0,0,0,0,0,0,0,0,0,0,0,0,0,0,0
0,0,0,0,0,0,0,0,0,0,0,0,0,0,0,0,0,0,0,0,0,0.66,0.53,0,0,0,0,0,0,0,0,0,0,0,0,0,0,0
0,0,0,0,1.4,0,0,0,0,2.17,1.11,0,0,0,0,0,0,0,0,0,0,0,0,0,0,0,0,0,0,0,0,0,0,0,0,0,0,0
0,0,0,0,0,0,0,0,0,0,0,0,0,0,0,0,0,0,0,0,0,0,0,0,0,0,0,0,0,0,0,0,0,0,0,0,0,0
0,0,0,0,0.65,0,0,0,0,2.23,0,0,0,0,0,0,0,0,0,0,0,0,0,0,0,0,0,0,0,0,0,0,0,0,0,0,0,0
0.69,0,0,0,0,0,0,0,1.76,0.68,0,0,0,0,0,0,0,0.78,0,0,0,0.75,0,3.33,0,0,0,0,0,0,0,0,0,0,0,0,0,0
0,0,0,0,0,0,0,0,0,0,0,0,0,0,0,0,0,0,0,0,0,0,0,0,0,0,0,0,0,0,0,0,0,0,0,0,0,0
0,0,0,0,0,0,0,0,0,0,0,0,0,0,0,0,0,0,0,0,0,0,1.48,0,0,0,0,0,0,0,0,0,0,0,0,0,0,0
0,0,0,0,0,0,0,0,0,0,0,0,0,0,0,0,0,0,0,0,0,0,0,0,2.38,0,0,5.14,0,8.67,0,11.03,0,0,0,0,0,0
0,0,0,0,0,0,0,0,0,0,0,0,0,0,0,0,0,0,0,0,0,0,0,0,0,0,0,0,0,0,0,0,0,0,0,0,0,0
0,0,0,0,0,0,0,0,0,0,0,0,0,0,0,0,0,0,0,1.78,0,0,0,0,0,0,0,0,0,0,0,0,0,0,1.76,0,0,0
0,0,0,0,0,0,0,0,0,0,0,0,0,0,0,0,0,0,0,0,0,0,0,0,0,0,0,0,0,0,0,0,0,0,0,0,0,0
0,3.18,0,1.75,0.7,2.32,0,0,4.26,3.56,2.38,0,3.95,0,5.43,1.51,2.81,0,0,1.22,3.54,3.35,0,0.64,1.37,0,0,0,0.77,0,1.95,3.5,2.36,0,0,0,1.26,0
0,0,0,0,0,0,0,0,0,0,0,0,0,0,0,0,0,0,0,0,0,0,0,0,0,0,0,0,0,0,0,0,0,0,0,0,0,0
3.8,0,0,3.56,0,0,0,0,0,0,0,0,0,0,0,0,0,0,0,0,0,1.55,0,0,2.29,0,0,0,1.15,0,0,0,0,0,0,0,0,0
5.42,0,0,0,2.18,0,0,1.61,1.52,0,5.31,0,0,0,0,3.1,0,0,0,0,0,0,1.63,0,0.76,0,0,0,0,0,0,0,0,0,0,3.56,0,0
4.03,3.78,0,0,0.74,0,0,0,0,0,2,0,0,0,0,0,0,0,0,0,0,0,1.59,0,0.5,0,0,0,0,0,0,0,1.78,0,0,0,0,0
0,0,0,0,0,0,0,0,0,0,0,0.74,0,0,0,0,0,0,0,0,0,0,0,0,0,0,0,0,0,0,0,0,0,0,0,0,0,0
0,0,0,1.66,0,0,0,0,0,0,0,0,0,0,0,0,0,0,0,0,0,0,0,0,0,0,0,0,0,0,0,0,0,0,0,0,0,0
-1,0,-1,-1,-1,-1,-1,2.06,-1,-1,-0.42,-1,0,0,-1,-1,-1,-1,-1,-1,-1,-1,-1,-1,-1,0,-1,-1,-1,-1,-1,-1,-1,-1,-1,-1,-1,-1
0,0,0,0,0.75,0,0,0,1.55,3.57,4.98,0,3.04,0,5.06,0,0,0,0,0,0,0,0,0,6.14,0,0,0,0,0,0,1.57,0,0,1.57,3.81,0,1.57
0,0,0,0,0,0,0,0,0,0,0,0,0,0,0,0,0,0,0,0,0,0,0,0,0,0,0,0,0,0,0,0,0,0,0,0,0,0
1.55,0,0.72,18.53,8.91,3.88,5.77,0,0.76,0,0,3.56,0.75,0,3.27,0,0,0,3.16,0,1.7,0,0,0,0,0,0,0,0,1.74,0,1.78,0,3.53,0,0,0,0
0,0,0,0,0,0,0,0,0,0,0,0,0,0,0,0,0,0,0,0,0,0,0,0,0,0,0,0,0,0,0,0,0,0,1.75,0,0,0
3.41,0,0,0,2.76,3.54,0,0,0.98,0.67,0,1.75,0,0,0,0,0,3.14,0,0,0,0.54,0,0,0,0,0,0,0,0,0.77,0.49,0,0,0,0,0,0
6.54,0,0,0,0,0,0,0,0,0,0.96,0,0,0,0,0,0,0,0,0,0,0,0,0,0,0,0,0,0,0,0,0,1.7,0,0,0,0,0
0,0,0,0,0.6,0,0,0,0,0,0,0,1.75,0,0,0,0,0,0,0,0,0,0,0,0,0,0,0,0,0,0,0,0,0,0,0,0,0
2.11,0,0,0,0,0,0,0,0,0,0,0,0,0,0,0,0.61,0,0,0,0,0,0,0,0,0,0,0,0,0,0,0,0,0,0,1.49,0,0.48
0,0,0,0,0,0,0,0.62,0,0.5,0,0,0,0,0,0,0,0,0,0,0,0,0,0,0,0,0,0,0,0,0,0,0,0,0,0,0,0
0,0,0,0,0,0,0,0,0,0,0,0,0,0,0,0,0,0,0,0,0,0,0,0,0,0,0,0,0,0,0,0,0,0,0,0,0,0
2.62,0,0.55,3.79,7.23,0,0.65,0.71,19.35,0,4.08,1.66,0,1.68,2.96,10.62,2.13,0,7.42,3.57,4.66,3.91,0,1.73,10.36,0,0,2.18,0,0,1.81,2.19,3.1,4.24,1.02,6.63,5.5,3.73
0,0,0,0,0,0,0,0,0,0,0,0,0,0,0,0,0,0,0,0,0,0,0,0,0,0,0,0,0,0,0,0,0,0,0,0,0,0
0,0,0,0,0,0,0,0,0,0,0,0,0,0,0,0,0,0,0,0,0,0,0,0,0,0,0,0,0,0,0,0,0,0,0,0,0,0
0,0,0,0,0.64,0,0,0,0,0.49,0,0,0,0,0,0,0,0,0,0.74,0,0,0,0,0,0,0,0,0,0,0,0,3.54,0.53,0,1.75,0,0
5.7,0,3.31,4.03,1.49,1.73,1.63,0,1.49,0.5,0,0,0,0,0,1.77,0,0,0,0,0,0,0,0,0,0,0,0,0,0,0,0,0,0,0,0,0,0
11.65,3.45,8.88,6.6,4.26,4.9,13.18,2.3,6.6,0,6.57,7.41,11.02,1.18,1.52,10.77,5.7,1.76,6.42,4.42,6.98,8.46,3.22,0.74,8.67,0,4.49,1.48,0,1.66,0.74,1.53,0,1.26,2.08,0,5.23,3.02
0,0,0,0,0,0,0,0,0,0,0,0,0,0,0,0,0,0,0,0,0,0,0,0,0,0,0,0,0,0,0,0,0,0,0,0,0,0
0,0,0,0,0,0,0,0,0,0,0,0,0,0,0,0,0,0,0,0,0,0,0,0,0,0,0,0,0,0,0,0,0,0,0,0,0,0
0.66,0.66,0,0,1.77,0,4.86,1.8,3.19,1.69,0,0,4.74,1.16,6.39,11.86,1.62,5.98,0.96,13.52,13.29,8.97,15.76,10.25,17.19,2.45,6.3,0.48,7.1,5.08,3.81,0.65,6.49,9.33,2.03,6.53,8.9,2.79
0.73,2.51,0,0,1.67,0,0,0,0,0.74,1.7,0,3.14,0,4.06,2.44,0,0,0,1.89,0,0,0,0,0.77,0,0,-0.6,0.74,0,0,0,0,0,0,0,0,0
0,0,0,0,0,0,0,0,0,0,0,0,0,0,0,0,0,0,0,0,0,0,0,0,0,0,0,0,0,0,0,0,0,0,0,0,0,0
0,0,0,0,0,0,0,0,0,0,0,0,0,0,1.69,0,0,0,0,0,0,0,0,0,0,0,0,0,0,0,0,0,0,0,0,0,0,0
0.67,0.67,0,0,0,0,0,0,0,1.55,4.14,0,0,0,0.46,0,0,0,0.27,0,0,7.15,0.58,0,0.46,0,0,-0.47,1.76,0,0.61,0,0,0,0,0,0,0
0,0,0,0,0,0,0,0,0,0,0,0,0,0,0,0,0,0,0,0,0,0,0,0,0,0,0,0,0,0,0,0,0,0,0,0,0,0
0,0,0,0,0,0,0,0,0,0,0,0,0,0,0,0,0,0,0,0,0,0,0,0,0,0,0,0,0,0,0,0,0,0,0,0,0,0
0,0,0,0,0,0,0.46,1.63,0,0,0,0,0,0,0,0,0,-0.35,0,0,0,0,0,0,0,0,0,0,0,0,0,0,0,0,0,0,0,0
1.41,0,0,0,0,0.52,0,0,3.3,0,0,0,0,0,0,0,0,0,0,0,0,1.78,0,0,0,0,0,0,0,0,0,0,0,0,0,0,0,0
0,0,0,0,0.71,0,0,0,0,0,0,0,0,0,0,0,0,1.38,2.02,0,0,0.76,0,0,0,0,0,0,0,0,0,0,0,0,0,0,0,0
0,0,0,0,0,0.66,0,0,0,0,0,0,0,0,0,0,0,0,0,0,0,0,0,0,0,0,0,0,0,0,0,0,0,0,0,0,0,0
1.27,0,0,0.75,1.93,0,0,0,0,0.54,1.54,0,0,0,0,0,0,0,1.77,0,0,0,0,0,0,0,0,0,0,0,0,0,0,0,0,0,0,0
0.47,0.47,0,0,0,0,0,0,0,0,0,0,0,0,0,0,0,0,0,0,0,0,0,0,0,0,0,0,0,0,0,0,0,0,0,0,0,0
1.76,0,1.76,0,0,0,0,0,0,0,0,0,0,0,0,0,0,0,0,0,0,0,0,0,0,0,0,0,0,0,0,0,0,0,0.6,1.79,0,0
0,0,0,0,0,0,0,0,0,0,0,0,0,0,0,0,0,0,0,0,0,0,0,0,0,0,0,0,0,0,0,0,0,0,0,0,0,0
0,0,0,0,0,0,0,0,0,0,0,0,0,0,0,0,0,0,0,0,0,0,0,0,0,0,0,0,0,0,0,0,0,0,0,0,0,0
0,0,0,0,0.78,0,0,0,0,0,0,0,0,0,0,0,0,0,0,0,0,0.69,0,0,0,0,0,0,0,0,0,0,0,0,0,0,0,0
0,0,0,0,0,0,0,0,0,0,0,0,0,0,0,0,0,0,0,0,0,0,0,0,0,0,0,0,0,0,0,0,0,0,0,0,0,0
0,0,0,0,0,0,0,0,0,0,0,0,0,0,0,0,3.34,2.13,1.5,1.47,0.62,2.37,0.75,0,0.75,0,1.56,0,0,0,-0.54,0,0,0,0,0,0,0
0,0,0,0,0,0,0,0,0,0,0,0,0,0,0,0,0,0,0,0,0,0,0,0,0,0,0,0,0,0,0,0,0,0,0,0,0,0
3.18,0,0,0,0,2.35,1.74,0,0,0.53,0,0,0,0,0,0,2.28,0,0,0,0.74,0,0,0,0,0,0,0,2.29,0,0,0,0,0,1.77,0,0,0
0,0,0,0,0,0,0,0,0,0,0,0,0,0,0,0,0,0,0,0,0,0,0,0,0,0,0,0,0,0,0,0,0,0,0,0,0,0
0,0,2.46,0,0,0,0,0,0,0,0,0,0,0,0,0,0,0,0,0,0,0,0,0,0,0,0,0,0,0,0,0,0,0,0,0,0,0
3.45,0,0,1.79,0.75,4.48,2.51,3.35,1.79,5.84,0,0,0,1.77,0,0,0,0,0,0,0,3.44,0,2.24,1.37,0,0,0,1.48,0,0,0,0,0,0,0,0,0
7.29,0,14.02,11.83,14.89,13.87,9.82,2.11,5.44,4.57,11.96,7.07,3.92,0,1.53,3.03,5.69,5.11,4.9,13.66,0,5.06,1.78,3.72,0.76,0,1.47,1.57,1.49,2.2,0,1.68,0,0,3.58,11.07,8.56,0
0,0,0,0,1.5,1.44,3.82,0,0,0,0,0,0,0,0,0,0,0,0,0,0,0,0.55,0,0.77,0,0,0,0.78,0,0,0,0,0,0,0,0,0
0,0,0,0,0,0,1.55,0,0.64,0,0,0,0,0.67,0.68,0,0,0,0,0,0,0,0,0,1.61,0,0,0,0,0,0,0,0,0,0,0,0,0
0,0,0,0,0,0,0,0,0,0,0.77,0,0,0,0,0,0,0,0,0,0,0,0,0,0.75,0,0,0,0,0,0,0,0,0,0,0,0,0
-1,0,-1,-1,-1,-1,-1,-1,-1,-1,-1,-1,0,0,-1,-1,-1,-1,-1,-1,-1,-1,-1,-1,-1,0,-1,-1,-1,-1,-1,-1,-1,-1,-1,-1,-1,-1
0,0,0,0,0,0,0,0,0,0,0,0,0,0,0,0,0,0,0,0,0,1.22,0,0,1.44,0,0,0,0,0,0,0,0,0,0,0,0,0
0,0,0,1.79,0,0,0,0,0,0,0,0,0,0,0,0,0,0,0,0,0,0,0,0,0,0,0,0,0,0,0,0,0,0,0,0,0,0
0,0,0,0,0,0,0,0,0,0,0,0,0,0,0,0,0,0,0,0,0,0,0,0,0,0,0,0,0,0,0,0,0,0,0,0,0,0
0,0,0,0,0,0,0,0,0,0,0,0,0,0,0,0,0,0,0,0,0,0,0,0,0,0,0,0,0,0,0,0,0,0,0,0,0,0
0,0,0,0,0,0,0,0,0,0,0,0,0,0,0,0,0,0,0,0,0,0,0,0,0,0,0.6,3.42,0,0,0,0,1.77,1.64,4.01,11.07,1.78,0
0,0,0,0,0,0,0,0,0,0,0,0,0,0,0,0,0,0,0,0,0,0,0,0,0,0,0,0,0,0,0,0,0,0,0,0,0,0
0,0,0,0,0,0,0,0,0,0,0,0,0,0,0,0,0,0,0,0,0,0,0,0,0,0,0,0,0,0,0,0,0,0,0,0,0,0
0,0,0,0,1.64,0,0,0,0,0,0,0,0,0,0,0,0,0,0,0,0,0,0,0,0,0,0,0,0,0,0,0,0,0,0,0,0,0
0,0,0,0,0,0,0,0,0,0,0,0,0,0,0,0,0,0,0,0,0,0,0,0,0,0,0,0,0,0,0,0,0,0,0,0,0,0
0,0,0,0,0,0,0,0,0,0,0,0,0,0,0,0,0,0,0,0,0,0.66,4.69,3.22,0,0,0,0,0,0,0,0,0,0,0,0,0,0
0.49,0,0.66,0,2.51,0,0.7,0,1.23,0,0,0,0,0,0,0,0,0,0,0,0,0,0,0,0,0,0,0,0,0,0,0,0,0,0,0,0,0
1.79,1.79,0,0,4.2,0,0,1.79,3.52,0,0,0,0,1.56,0,0,0,0.6,0,0,0.6,0,4.21,0,0,0,0,3.16,0,1.08,0,0,0,0,0,0,0,0
0,0,0,0,0,0,0,0,0,0,0,0.61,0,2.36,0,0,2.49,0,0,0,0,0.64,0,0,0,0,0,0,0,0,0,0,0,0,0.64,0,0,0
0,0,0,0,0,0,0,0,0,0,0,0.62,0,1.73,2.31,0,0,0,0,1.74,0,0,0,0,0,0,0,0,0,0,0,0,0,0,0,0,0,0
0,0,0,0,0,0,0,0,0,0,0,0,0,0,0,0,0,0,0,0,0,0,0,0,0,0,0,0,0,0,0,0,0,0,0,0,0,0
0,0,0,0,0,0,0,0,0,0,0,0,0,0,0,0,0,0,0,0.55,0,0,0,0,0,0,0,0,0,0,0,0,0,0,0,0,0,0
0,0,0,0,0,0,0,0,0,0,0,0,0,0,0,0,0,0,0,0,0,0,0,0,0,0,0,0,0,0,0,0,0,0,0,0,0,0
0,0,0,0,0,0,0,0,0,1.56,0,0,0,0,0,0,0,0,0,0,0.61,0,0,0,0,0,0,0,0,0,0,0,0,0,0,0,0,0
1.78,1.78,0,0,0,0,0,0,0,1.5,0.61,0,0,0,0,0,0,0,0,0,0,0,0,0,0,0,0,0,0,0,0,0,0,0,0,0,0,0
0,0,0,0,0,0,0,0,0,0,0.73,0,0,0.44,0,0,0.53,0,0,0,0,0.68,1.75,0,1.52,0,0,0,0,0,0,0,0,0,1.65,0,0,0
0,0,0,0,0,0,0,0,0,0.65,0.68,0,0,0,0,0,0,0,0,0,0,0,0,0,0,0,0,0,0,0,0,0,0,0,0,0,0,0
0,0,0,0,0.72,0,0,0,0,0,0,0,0,0,0,0,0,0,0,0,0,0,0,0,0,0,0,0,0,0,0,0,0,0,0,0,0,0
0,0,0,0,1.73,0.1,0,1.66,1.67,0,0,-0.37,0,0,0,0,0,0,0,1.63,0,0,0,0,-0.38,0,0,0,0,0,0,0,0,0,0,0,0,0
0,0,0,0,0,0,0,0,0,0,0,0,0,0,0,0,0,0,0,0,0,0,0,0,0,0,0,0,0,0,0,0,0,0,0,0,0,0
0,0,0,0,0,0,0,0,0,0,0,0,0,0,0,0,0,0,0,0,0,0,0,0,0,0,0,0,0,0,0,0,0,0,0,0,0,0
0,0,0,0,0,0,0,0,0,0,0.73,0,0,0,0,0,0,0,0,0,0,0.79,2.3,0,0,0,0,0,0,0,0,0,0,0,0,0,0,0
0,0,0,0,0,0,0,0,0,0,0,0,0,0,1.61,0,2.88,0,0,1.51,0,0,0,0,0.68,0,0,0.75,0,0,0,0,0,0,1.72,0,0,0
0,0,0,0,0,0,0,0,0,0,0,0,0,0,0,0,0,0,0,0,0,0,0,0,0,0,0,0,0,0,0,0,0,0,0,0,0,0
0,0,0,0,0,0,0,0,0,0,0,0,0,0,0,0,0,0,0,0,0,0,0,0,0,0,0,0,0,0,0,0,0,0,0,0,0,0
0,0,0,0,0.71,0,0,0,0,0,0,0,0,0,0,0,0,0,0,0,0,1.46,0,0,0,0,0,0,0,0,0,0,0,0,0,0,0,0
0,0,0,0,0,0,0,1.73,0,0,0,0,0,0,1.55,0,1.51,0,0,0,0,0,0,0,0,0,0,0,0,0,0,0,0,0,0,0,0,0
0,0,0,0,0,0,0,0,0,0,0,0,0,1.71,2.16,0,0,0,0,0,0,0,0,0,0,0,0,0,0,4.16,0,0,0,0,0,0,0,0
0,0,0,0,0,0,0,0,0,0,0,0,0,0,0,0,0,0,0,0,0,0,0,0,0,0,0,0,0,0,0,0,0,0,0,0,0,0
0,0,0,0,0,0,0,0,0,0,0,0,0,0,4.93,0,0,0,0,0,0,0,0,0,0,0,0,0.73,0,0,0,0,0,0,0,0,0,0
0,0,0,0,0.66,0,0,0,0,0,0,0,0,0,0,0,0,0,0,0,0,0,0,0,0,0,0,0,0.61,0,0,0,0,0,0,0,0,0
0,0,0,0,0,0,0,0,0,0.74,0,0,0,0,0,0,0,0,0,0,0,0,0,0,0,0,0,0,0.77,0,0,0,0,0,0,0,0,0
0,0,0,0,0,0,0,0,0,0,0,0,0,0,0,0,0,0,0,0,0,0,0,0,0,0,0,0,0,0,0,0,0,0,0.77,0,0,0
0,0,0,0,0,0,0,0,0,0,0,0,0,0,0,0,0,0,0,0,0,0,0,0,0,0,0,0,0,0,0,0,0,0,0,0,0,0
1.74,0,0,0,1.75,0,0,1.48,1.75,1.78,0,0,0,0,0,0,0,0,0,0,0,0,0,0,0,0,0,0,0,0.68,1.52,1.78,1.77,0,0,0,-0.59,0
0,0,0,0,0,0,0,0,0,0,0,0,0,0,0,0,0,0,0,0,0,0,0,0,0,0,0,0,0,0,0,0,0,0,0,0,0,0
0,0,0,0,0,0,0,0,0,0,0,0,0,0,0,0,0,0,0,0,0,0,0,0,0,0,0,0,0,0,0,0,0,0,0,0,0,0
0,0,0,0,0,0,0,0,0,0,0,0,0,0,0,0,0,0,0,0,0,0,0,0,0,0,0,0,0,0,0,0,0,0,0,0,0,0
0,0,0,0,0,0,0,0,0,0,0,0,0,0,0,0,0,0,0,0,0,0,0,0,0,0,0,0,0,0,0,0,0,0,0,0,0,0
0,0,0,0,5.31,5.27,3.22,1.56,0,1.56,2.28,2.31,0,0,0,0,0,0,0,0.73,0,0,0,0,0,0,5.31,0,0,0,1.69,0,1.75,0.74,0,0,0,0
0,0,0,0,0,0,0,0,0,0,0,0,0,0,0,0,0,0,0,0,0,0,0,0,0,0,0,0,0,0,0,0,0,0,0,0,0,0
0,0,0,0,2.32,0,0,0,0,0.76,0,0,0,0,0,0,0,0,0,0,0,0,0,0,0,0,0,0,0,0,0,0,8.58,0,0,0,0,0
0,0,0,0,0,0,0,0,0,0,0,0,0,0,0,0,0,0,0,0,0,0,0,0,0,0,0,0,0,0,0,0,0,0,0,0,0,0
0,0,0,0,0,0,0,0,0,0,0,0,0,0,0,0,0,0,0,0,0,0,0,0,0,0,0,0,0,0,0,0,0,0,0,0,0,0
0,0,0,0,0,0,0,0,0,0,0,0,0,0,0,0,0,0,0,0,0,0,0,0,0,0,0,0,0,0,0,0,0,0,0,0,0,0
0,0,0,0,0,6.62,3.97,0,0,1.52,11.72,15.66,1.67,0,0,0,0,0,0,0,0,0,0,0,0,0,0,0.71,5.74,2.37,0,1.48,10.49,0,0,0,0,0
7.85,7.09,2.14,0.77,2.37,1.76,6.76,6.91,1.78,0.51,4.8,4.19,0,0,3.04,0,0,1.56,0,0,0,0,1.75,1.1,0.67,0.7,0.65,1.74,1.56,11.52,1.78,3.52,2.26,0,0,0,0,0
1.75,0,5.29,1.76,1.67,0,0,0,0,0,0,0,0,1.79,0,0,0,0,0,1.78,3.33,0,0,0,0,0,5.68,0,0,0.38,0,0,3.51,0,0,0,0,0
1.1,0,0,0,0,0,0.48,3.31,2.23,0,0,0,0.31,0,0,0,0,1.78,0,0,0.68,0.69,2.27,0,0,0,0,0,0,3.22,0,0,0,0.67,0,1.77,3.13,0
0,0,0,0,0,0,0,0,0,0,0,0,0,0,0,0,0,0,0,5.79,0,0,0,0,0,0,0,0.68,0.58,0,0,0,0,0,0,0,0,0
3.49,0,2.17,0,0,0,4.02,8.99,0,0,4.79,3.33,0,0,0,0,0,0,0,0,0,0.77,1.71,0,0,0,0.77,0,0,0,0,0,0,0,10.12,4.13,0,0
-1,0,-1,-1,-1,-1,-1,-1,-1,-1,-1.32,-1,0,0,-1,-1,-1,-1,-1,-1,-1,-1,-0.45,-1,-1,0,-1,-0.39,-1,-1,-1,-1,-1,-1,-1,-1,-1,-1
0,0,0,0,0,0,0,0,0,0,1.77,0,0,0,0,0,0,0,0,0,0,0,0,0,0,0,0,0.53,0,0,0,0,0,0,0,0,0,0
0,0,0,0,0,0,0,0,0,0,0,0,0,0,0,0,0,0,0,0,0,0,0,0,0,0,0,0,0,0,0,0,0,0,0,0,0,0
0.52,1.79,3.49,0,7.61,12.73,13.11,9.31,7.25,5.78,3.76,5.81,0,0.72,3.1,2.4,1.14,2.25,0,4.21,3.95,0.72,3.52,2.36,8.03,0,4.21,4.15,6.66,2.67,3.98,3.29,8.45,2.32,0,5.06,1.49,0
0,0,0,0,0,0,0,0,0,0,0,0,0,0,0,0,0,0,0,0,0,0,0,0,0,0,0,0,0,0,0,0,0,0,0,0,0,0
0,0,0,0,0,0,0,0,0,0,0,0,0,0,0,0,0,0,0,0,0,0,0,0,0,0,0,0,0,0,0,0,0,0,0,0,0,0
0,0,0,0,0,0,0,0,0,0,0,0,0,0,0,0,0,0,0,0,0,0,0,0,0,0,0,0,0,0,0,0,0,0,0,0,0,0
-0.43,0,0,0,2.49,4.87,4.86,4.69,3.41,1.78,3.37,8.12,0,0,1.79,0,0,0,0.75,2.52,0,0.73,0.72,0,3.58,0,0,0.57,5.83,1.57,1.67,0,2.35,4.04,0,1.77,0,0
6.75,3.14,3.77,0.67,2.36,4.09,10.67,8.97,4.96,9.39,1.47,7.44,0.77,1.52,1.01,0,0.61,1.34,1.48,7.94,1.35,2.26,2.51,0,1.49,0,2.04,1.53,10.79,12.08,14.64,2.68,25.55,24.77,6.48,14.81,10.34,4.12
0,0,0,0,0,0,0,0,0,0.58,0,0,0,0,0.64,0,0,0,0,0,0,0,0,0,0,0,0,0,0,0,0,0,0,0,0,0,0,0
0,0,0.65,0,0,0,0,0,0,0.74,1.52,0,0,0,0,0,0,0,0,0,0,0,0,0,0,0,0,0,0,0,0,0,0,0,0,0,0,0
0,0,0,0,0,0,0,0,0,0,0,0,0,0,0,0,0,0,0,0,0,0,0,0,0,0,0,0,0,0,0,0,0,0,0,0,0,0
0,0,0,0,0,0,0,0,0,0,0,0,0,0,0,0,0,0,0,0,0,0,0,0,0,0,0,0,0,0,0,0,0,0,0,0,0,0
0,0,0,0,0,0,0,0,0,0,0,0,0,0,0,0,0,0,0,0,0,0,0,0,0,0,0,0,0,0,0,0,0,0,0,0,0,0
0,0,0,0,0.56,0,0,0,0,0,0,0,0,0,0,0,0,0,0,0,0,0,0,0,0,0,0,0,0,0,0,0,0,0,0,0,0,0
17.41,6.04,11.84,18.24,13.82,7.81,9.09,7.04,10.35,7.12,9.65,3.99,4.28,1.25,0,1.76,0,0,0.46,0,1.73,0.69,3.44,5.27,5.26,0.73,0,0,-0.5,0,0,0,0,3.18,1.54,0,0,0
0,0,0,0,0,0,0,0,0,0,0,0,0,0,0,0,0,0,0,0,0,0,0,0,0,0,0,0,0,0,0,0,0,0,0,0,0,0
0,0,0,0,0,0,0,0,0,0,0,0,0,0,0,0,0,0,0,0,0,0,0,0,0,0,0,0,0,0,0,0,0,0,0,0,0,0
0,0,0,0,0,0,0,0,0,0,0,0,0,0,0,0,0,0,0,0,0,0,0,0,0,0,0,0.47,1.67,3.55,1.53,0,7.11,3.79,0,3.89,1.77,2.47
0,0,0,0,0.77,0,0,0,0,0,0,0,0,0,0,0,0,0,0,0,0,0,0,0,0,0,0,0,0,0,0,0,0,0,0,0,0,0
1.31,0,0,0,0,0,0,0,0,0,0,0,0,0,0,0,0,0,0,0,0,0,0,0,0,0,0,0,0,0,0,0,0,0,0,0,0,0
0,0,0,0,0.77,0,0,0,1.78,4.36,3.19,-0.24,0,0,2.47,3.11,0.75,1.74,3.1,1.78,2.24,3.02,2.34,0,1.74,0,0,0,0.76,0,2.24,0,0,0,0,0.76,0,0
0,0,0,0,0,1.24,0,0,0,0,-0.34,0,0,0,0,0.53,0,0,0,0,0,0.72,0,0,0,0,0,0,0,0,0,0,0,0,0,0,0,0
0,0,3.09,3.44,0,4.58,0,0,0.73,3.37,0.6,1.78,0,0,1.96,0.71,1.37,0,0.64,0,0,-0.58,0.73,0,0.65,0,0,0,0.67,1.68,0,0,0,0.53,0,0.74,0,0
0,0,0,0,0,0,1.73,0,0,0,0,0,0,0,0,1.52,1.05,0,0.59,0,0,0.78,0.61,0,3.38,0,0,0,0,1.72,5.34,0,0,0,0,2.52,0,0
0,0,0,0,0,0,0,0,0,0,0,0,0,0,0,0,0,0,0,0,0,0,0,0,0,0,0,0,0,0,0,0,0,0,0,0,0,0
3.36,0,6.79,1.77,0.5,7.54,2.75,3.4,4.27,1.77,2.64,6.52,2.16,5.51,3.83,0.93,6.32,4.57,0,4.05,1.77,7.05,3.16,1.09,1.87,0,1.14,5.95,8.79,13.25,10.32,0,8.86,3.56,5.13,11.12,8.43,3.47
1.49,0,1.77,1.66,0,1.78,0,0,3.33,1.61,1.77,2.17,3.17,0,1.78,2.91,6.85,5.21,3.24,0,0,0.47,0.74,3.48,0.52,0,3.82,0.72,4.9,3.39,5.96,0,4.94,1.63,6.53,13.27,3.18,1.77
10.06,0,7.73,2.68,8.08,15.57,3.94,0,11.39,8.86,5.26,14.92,7.51,3.06,8.73,7.7,3.42,5.52,3.38,3.33,9.61,10.44,10.42,12.91,3.35,1.18,3.35,4.05,4.75,5.87,12.12,1.65,15.9,8.85,8.88,20.99,12.59,3.1
0,0,0,0,0,0,0,0,0,0,0,0,0,0,0,0,0,0,0,0,0,0,0,0,0,0,0,0,0,0,0,0,0,0,0,0,0,0
0,0,0,0,0,0,0,0,0,1.54,1.33,0,0,0,0.77,0,0,0,0,0,0,0.63,0,0,0,0,0,0,0,0,0,0,1.78,0,0,0,0,0
0,0,0,0,0.76,0,0,0,0,0.69,0.59,0,0,0,0,0,0,0,0,0,0,-0.37,-0.4,0.53,0,0,0,0,0,0,0,0,0,0,0,0,0,0
16.9,3.56,9.72,4.7,15.15,16.33,2.96,2.07,5.08,2.82,7.47,8.87,3.2,0,2.74,2.2,2.97,2.14,5.25,2.41,1.71,3.46,1.77,3.03,2.79,0.61,7.25,7.29,14.2,9.78,23.8,7.91,19.33,10.61,17.5,32.8,8.08,17.88
0,0,0,0,0,0,0,0,1.78,0,0,0,0,0,0.65,0,0,0,6.9,0,0,0,2.28,0,0,0,0,0,0,0,0,0,0,0,0,0,0,4.26
33.51,2.41,20.93,17.21,13.58,30.73,22.14,18.34,16.91,20.15,19.77,22,8.95,8.85,11.07,22.99,30.64,13.17,22.15,19.45,18.78,27.93,35.79,39.84,7.15,3.45,13.1,28.6,17.61,18.65,20.17,5.54,19.35,16.21,17.44,30.2,16.96,24.53
0,0,0,0,0,0.78,0,0,0,0.6,0,0,0,0,0.67,0,0,0,0.68,0.42,0,0,2.46,0,0,0,0,0,0,0,0,0,0,0,0,0,0,0
0,0,0,0,0,0,0,0,0,0,0,0,0,0,0,0,0,0,0,0,0,0,0,0,0,0,0,0,0,0,0,0,0,0,0,0,0,0
3.19,0,0,0,1.76,0,0,3.33,1.47,0,1.37,0,0,0,0,0,0,0,0,0,0,0,0,0,0,0,0,0,0,0,0,0,1.78,0,0,0,2.48,0
21.73,0,6.69,3.73,0,16,0,0.46,3.23,10.55,5.13,1.12,1.79,0,0.6,1.24,0.57,5.82,3.67,4.7,2.46,5.79,7.52,8.98,1.59,0.7,1.49,10.64,6.31,1.68,2.36,0.47,14.45,5.68,7.36,11.25,0,7.43
1.59,0,0,1.57,0,0.58,0,0,4.42,0.54,0,6.49,0,0.75,0,2.82,7.54,3.07,2.11,0,0,0.59,0.53,0,0,0,0,1.78,0,0,0.62,0,0,0,0,0,0,0
3.42,0,1.77,1.47,2.06,4.82,0.77,0,1.32,3.41,1.49,5.52,1.74,0,3.48,0,1.76,0,3.44,0,0,1.76,0,0,0.58,0.61,0.49,0,0,3.17,0.61,0,3.48,0.46,0,5.67,0,1.79
0.63,0,0,0,0,0.75,0,1.56,2.2,0,0,0,0,0,0.63,0,0,0,0.66,0,0,0,0,1.77,0,0,0,5.29,0,0,0.65,0,0,0,0,0,0,-0.24
0,0,0,0,0,0,0,0,0,0,0,0,0,0,0.5,0,0,0,1.06,0,0,0,0,0,0,0,0,0,5.22,0,0,0,0,0,0,0,0,11.26
0,0,0,1.78,0,0,0,0,0,0,0,0,0,0,0,0,0,1.78,0,0,0,0.78,0,0,0,0,0,0,1.49,0,0,0,0,0,0.72,0,0,0
3.57,0,0,0,1.27,0,0,0,0,0,0,0,0,0,0,0,0,0,0,0,0,2.42,0,0,0,0,0,2.54,0,0,0,1.78,0,1.78,0,0,0.62,0
3.22,1.72,0,0.7,0,1.71,2.28,3.1,1.55,3.77,1.37,0.66,1.79,0,4.84,1.78,4.17,1.98,1.16,1.76,0,0,0.77,0,1.03,0,0,0,0,1.54,0,2.08,0,0,0,0,1.77,0
0.78,0,3.9,3.03,1.57,7.47,6.41,0,4.1,2.3,3.52,4.08,0.68,0,1.72,1.78,1.79,0.52,0,1.68,0,1.5,1.78,4.04,4.85,0,0.51,1.78,0,2.97,0,5.38,0,2.93,0.48,6.78,0.77,3.5
-1,0,-1,-1,-1,-1,-1,-1,-1,-1,-1,-1,0,0,-1,-1,-1,-1,-1,-1,-1,-1,-1,-1,-1,0,-1,-1,-1,-1,-1,-1,-1,-1,-1,-1,-1,-1
0,0,3.29,0,0,1.63,0,0,0,0,1.66,0,0,0,0,1.67,0,0,0,0,0,0,0,3.48,0,0,0,0,0.5,0.66,0,0,0,0,0,0,0,0
0,0,0,0,0,0,0,0,0,0.7,0.46,0,0,0,0.55,0,0,0,0,0,0,0.51,0,0,0.77,0,0,0,0,0,0,0,0,0,0,0,0,6.56
1.25,0,0,1.78,0,0,0,0,0,0,4.49,0,0,0,0,0,0,0,0,0,0,0,0,0,0,0,0,1.25,0,0,0,0.47,0,0,0,0,0,0
6.71,0,3.75,3.02,0,1.78,4.68,0,6.04,2.08,0,0,0,0,0.75,0,1.54,3.54,3.48,13.71,0.62,1.49,3.32,3.2,0,0,3.58,1.78,0,0,0,2.26,0,1.18,1.49,0.57,0,0
0,0,0,0,0,0,0,0,0,0,0,0,0,0,0,1.54,0,0,0,0,0,0,0,0,0,0,0,0,0,0,0,0,0,0,0,0,0,0
0,0,0,0,0,0,0,0,0,0,0,0,0,0,0,0,0,0,0,0,0,0,0,0,0,0,0,0,0,0,0,0,0,0,0,0,0,0
0.66,0,0,3.46,0.51,3.56,0,0,1.72,0,5.06,3.21,9.49,0,0,1.78,0,0.78,0,3.88,0,1.67,3.31,4.04,9.61,0,1.04,8.25,2.57,0,0,7.38,0,12.89,3.65,2.69,2.76,10.23
0,0,0,0,0,0.77,3.92,0,0,0,0,0,0,0,3.99,1.6,0,1.82,1.36,0.75,1.73,1.6,0,0,0,0,0,0,0.76,0,0,0,0,1.31,0,0,0,0
7.39,2.23,0.65,1.36,3.91,5.6,7.72,6.18,11.9,4.4,9.12,14.33,6.21,6.97,15.78,11.31,21.36,16.52,5.33,7.36,2.24,7.25,11.7,6.43,20.85,0,3.53,8.63,15.34,11.63,3,28.55,4.87,10.22,14.01,17.71,13.8,15.24
15.03,2.06,4.39,5.76,4.82,6.33,9.64,1.17,6.94,0.68,4.45,5.2,8.34,2.28,5.08,2.61,8.52,3.31,2.21,4.53,3.19,0.78,6.24,1.33,10.5,0,0,3.79,1.32,2.73,2.22,5.16,0,1.6,0.5,9.46,1.78,1.76
0,0,0,0,0,0,0,0,0,0,0,0,0,0,0,0,0,0,0,0,0,0,0,1.77,0,0,0,0,0,0,0,0,0,0,0,0,0,0
3.1,1.53,1.65,2.66,5.12,0,0.76,0.77,2.85,0.01,3.47,0.75,0,1.24,2.33,0,4.46,2.54,2.86,0.77,0,0.76,0.74,0.61,2.79,0,0,0.76,-0.53,0.58,0,0.77,0,4.75,4.78,0.99,0,0
0,0,0,1.5,0,0,1.78,0,0,0,2.96,0,0,1.5,0,0,0,0,0.62,0,0,0,0,0,0.48,0,0,0,0,0,0,0,0,0,0,0.46,0,0
4.76,0,5.99,2.64,2.43,2.54,8.48,0,3.38,0,3.43,2.32,2.54,4.94,4.62,2.48,9.63,18.6,4.31,3.6,2.67,7.99,19.48,6.3,18.74,1,5.46,7.67,-0.58,2.4,0,3,1.46,2.45,2.79,5.58,0.66,3.34
0,0,0,0,0,0,0,0,0,0,0,0,0,0,0,0,0,0,0,0,0,0,0,0,0,0,0,0,0,0,0,0,0,0,0,0,0,0
0,0,0,0,0,0,0,0,0,0,0,0,0,0.68,0,0,0,0,0,0,0,0,0,0,0,0,0,0,0,0,0,0,0,0,0,1.77,0,0
0,0,0,0,0,0,0,0,0,0,0,0,0,0.6,0,0,0,0,0,0,0,0,0,0,0,0,0,0,0,0,0,0,0,0,0,0,0,0
0,0,0,0,0,0,0,0,0,0,0,0,0,0,0,0,0,0.66,0,1.77,0.55,0,0,0,0,0,0,0,0,0,0,1.67,0,0.77,0,0,0,3.33
21.86,1.62,18.45,22.48,17.12,20.16,26.14,11.71,22.43,9.5,18.71,11.06,12.32,6.38,14.73,4.67,7.54,6.49,10.21,7.6,2.68,16.19,12.87,8.5,17.47,3.29,7.49,19.2,11.37,10.84,1.74,22.43,4.28,13.68,25.73,10.78,14.04,23.21
3.24,0,0,0,0,1.63,2.36,1.71,0,1.78,0,0,0,0.72,1.76,0,1.79,1.75,0,0,0,1.6,10.06,3.5,5.67,0,0,1.57,0,0,0,0,0,0,1.57,0,0,0
0,0,0,0,0,0,1.64,0,0,0,0,0,0,0,0,0,0,0,0,0,0,0,0,0,0,0,0,0,0,0,0,0,0,0,0,0,0,0
0,0,0,0,0,0,0,0,0,0,0,0,0,0,0,0,0,0,0,0,0,0,0,0,0,0,0,0,0,0,0,0,0,0,0,0,0,0
2.99,0,0,1.71,0.69,4.56,1.45,0.78,0,3.52,0,1.73,0,0.61,0.68,0.71,0,0.64,0.53,0,0,0,3.97,0,0,0,0,0,0,0,0,0,0,0.73,0,0,2.32,0
0,0,0,0,0,0,0,0,0,0,0,0,0,0,0,0,0,0,0,0,0,0,0,0,0,0,0,0,0,0,0,0,0,0,0,0,0,0
0,0,0,1.63,0,1.73,1.69,0.78,0,0,1.68,0,0,0,0,0,0,0,0,0,0,0,0,0,0,0,0,4.93,0,0,0,0.73,0,0,0,0,0,0
0,0,0,0,0,0,0,0,0,0,0,0,0,0,0,0,0,0,0,0,0,0,0,0,0,0,0,0,0,0,0,0,0,0,0,0,0,0
13.17,0,1.74,0.78,5.78,3.17,1.96,2.24,1.71,0,1.66,0,0,0,0,0,0,0,4.19,3.46,0,1.49,0.74,0,0,0,0,0,3.55,1.52,0,0,0.64,0,0,0,5.29,0.75
0,0,0,0,0.59,0,0,0,0,0,0,0,0,0,0,0,0,0,0,0,0,0.77,0.56,0,0.76,0,0,0.51,0,0,0,0,0,0,0,0,0,0
3.38,0,0,1.12,0,0.72,0,0,0,1.75,0.74,0,0,0,0,0,3.32,0,0,3.48,0,0.35,0,0,0,0,0,0.58,0,0,0,0,0,0,0,0,4.94,0.72
1.55,0,0,0,0,0,0,0,0,0,0,0,0,0,0,0,0,0,0,0,0,0,0,0,0,0,0,0,0,0,0,0,0,0,0,0,0,0
0,0,0,0,0,0,0,0,0,0,0,0,0,0,0,0,0,0,0,0,0,0,0,0,0,0,0,0,0,0,0,0,0,0,0,0,0,0
0.59,0,-1,-1,-1,-1,-1,-1,-1,-1,-1,-1,0,0,-1,-1,-1,-1,-1,-1,-1,-1,0.59,-1,-1,0,-1,-1,-1,-1,-1,-1,-1,-1,-1,-1,-1,-1
1.55,0,0,0,0,0,0,0,0,0,0,0,1.78,0,0,0,0,0,0,-0.48,0,1.51,1.74,0,0.73,0,0,5.29,0,1.76,0,2.82,0,0,0,0,0,0
2.38,0,1.72,0,0,7.09,0,0,0,0,0,0,0,0,0,6.63,0,0,1.74,0,0,0,0,0,0,0,0,5.02,2.04,0,0,3.47,0,0,0,0,0,1.49
0,0,0,0,0.72,0,0,0,0,0,0,0,0,0,0,1.74,0,0,0,0,0,0,0,0,0,0,0,0,0,0,0,0,0,0,0,0,0,0
4.92,0,1.26,3.92,2.3,3.38,3.56,-0.28,0.44,2.47,2.14,0,1.79,0,0,-0.5,0,0,0.59,0.61,0.21,2.28,3.27,0,1.11,0,0,0.56,1.55,1.51,0,1.66,0.59,0,0,0,0,1.67
0,0,0,0,0,0,0,0,0,0,0,0,0,0,0,0,0,0,0,0,0,0,0,1.59,0,0,0,1.44,0,0,0,0,0,0,0,0,0.58,0
0,0,0,0,0,0,0,0,0,0,0,1.46,0,0,0,8.62,0,0,0,0,0,1.78,0,3.18,0,0,0,-0.16,0,0,0,1.6,0,0,0,0,0,0
0,0,0,0,0.49,0,0,0,0,0.71,0.59,0,0,0,0,0,0,0,0,0,0,0,0.76,0,0,0,0,0,0,0,0,0,0,0,0,0,0,0
0,0,0,0,1.5,0,0,0,0,0,0,0,0,0,0,0,0,0,1.13,0,0,0,0,0,0,0,0.75,0.86,0,0.63,0,0,0,0,0,0,0.53,0
2.64,0,4.86,1.57,3.18,0,0,3.21,0,4.67,7.12,0,1.03,0,3.49,0,0,4.07,11.26,5.82,0.74,0,0,3.56,0,0,0.74,2.29,0,0,0,1.47,0,0,0,0,0,0
6.3,0,0,0,0,0,0,0,3.4,19.3,12.55,1.6,15.45,5.63,3.91,4.41,2.36,5.49,22.95,14.76,1.38,2.89,0,1.78,1.39,0.71,0.63,1.96,0.73,0,0,3.57,0,5.81,0.96,0,0,0
6.42,0,0.62,3.51,3.21,7.58,3.02,0.77,0,0.78,0,-0.64,0,0.72,0,1.17,0,14.57,17.33,14.33,15.36,17.39,12.95,18.19,10.86,2.62,17.19,8.01,19,5.05,1.41,14.18,0,6.93,14.82,4.26,8.79,8.06
0,0,0,0,0,0,0,0,0,0,0,0,0,0,0,0,0,0,0,0,0,0,0,0,0,0,0,-0.36,0,0,0,0,0,0,0,0,0,3.4
1.75,0,0,0,0,0,1.72,0,0,0,0,0,0,0,0,0,0,0,0,0,0,0,0,0,0,0,0,0,0,0,0,0,0,0,0,0,0,0
5.49,0,0,0,2.2,0,0,0.67,3.47,0,0.47,4.05,0,0,0,10.3,5.31,7.4,12.63,9.32,10.44,13.25,24.85,19.51,5.68,3.24,9.95,7.99,6.04,5.15,0,7.69,0,7.52,7.71,1.48,7.53,4.93
2.72,0,1.08,1.97,6.04,16.94,3.52,1.32,7.43,1.78,2.95,0.81,3.32,0,0,4.66,0,1.48,9.09,2.87,7.51,1.12,1.13,3.28,1.25,0,0,1.72,9.28,3.73,0.69,3.19,0,13.95,1.77,0,10.26,0.73
1.71,0,5.01,0,0,3.65,0.6,0,0,0.51,-0.45,5,0,0,0,0,0,0,0,1.78,3.42,2.45,0,1.85,0,0,4.98,-0.34,1.15,3.62,2.36,0,3.07,0,1.68,0,0,0
0,0,0,0,0,0,0,0,0,0,0,0,0,0,0,0,0,0,0,0,0,0,0,0,0,0,0,0,0,0,0,0,0,0,0,0,0,0
0.56,0,0,0,1.51,0,0,0,0,0,0,0,1.77,0,0,0,1.49,0,0,0,0,0,0,0,0,0,0,0,0,0,0,0,0,0.74,0,0,0,0
0,0,0,0,0,0,0,0,0,0,0,0,0,0,0,0,0,0,0,0,0,0,0,0,0,0,0,0,0,0,0,0,0,0,0,0,0,0
0,0,0,0,0,0,0,0,0,0,0,0,0,0,0,0,0,0,0,0,0,0,0,0,0,0,0,0,0,0,0,0,0,0,0,0,0,0
0.6,0,0.6,0.6,0,0.6,0.6,0.6,0,0,0,0,0,0,0,0,0,0,0,0,0,0,0,0,0,0,0,0,0,0,0,0,0,0,0,0,0,0
0,0,0,0,0,0,0,0,0,0,0,0,0,0,0,0,0,0,0,0,0,0,0,0,1.61,0,0,0.76,0.77,0,0,0,0,0,0,0,0,0
0,0,0,0,0,0,0,0,0,0,0,0,0,0,0,0,0,0,0,0,0,0.53,0,0,0,0,0,0,0,0,0,0,0,0,0,0,0,0
0,0,0,0,0,0,0,0,0,0,0,2.52,0,0,0,0.51,1.5,0.49,0,0,0,1.58,1.61,0,0,0,1.79,0,3.47,0.46,1.49,0,1.73,0,0,0,0,0.38
-1,0,-0.43,-1,-0.41,-1,2.5,-1,-1,-1,0.78,1.48,1.59,0,-1,-1,2.15,-1,-1,-1,-1,-1,-1,-1,-1,0,4.96,-1,0.58,-1,-1,-1,0.19,-1,-1,-1,-1,-1
0,0,0,0,0,0,0,0,0,0,0.44,0,0,0,0,0,0,0,0,0,0,1.47,2.06,0,0,0,0,0.7,0.78,0,0,0,0,0,0,0,0,0
0,0,1.6,0,0,0,0,0.67,0,0,0,0,0,0,0,0,0.48,1.61,0,0,0,0,2.17,3.53,0,0,1.59,1.78,1.54,0,1.24,0,0.63,0,0.49,0,0,0
0,0,0,0,0,0,0,0,1.5,0,0,0,0,0,0,-0.41,1.5,1.78,0,0,0,0.76,0.57,0,0.73,0,0,0,0,0,0,0,1.49,0,0,0,0,0
-1,0,-1,-1,-0.4,-1,-1,-1,-1,-1,-1,-1,0,0,-1,-1,-1,-1,-1,-1,-1,-1.27,-1,-1,-1,0,-1,-1,0.48,-1,-1,-1,0.76,-1,-1,0.53,-1,-1
0,0,0,0,0,0,0,0,0,0,0,0,0,0,0,1.24,5.32,0.62,0,0,0,0,0,0,0,0,0,0,0,0,0,1.58,0,0,0,2.17,0,0
0,0,0,0,0,0,0,0,0,0,0,0,0,0,0,0,0,0,0,0,0,0,0,0,0,0,0,0,0,0,0,0,0,0,0,0,0,0
0,0,0,0,0.71,0,0,0,0,0,0,0,0,0,0,0,0,0,0,0,0.7,0,0,0,0,0,0.73,0,3.51,0,0.77,0,0,0,0,0,0,0
0,0,0,0,-0.28,0,0,0,0.6,0.49,0,0,0,0,0,0,0,0,0,0,0,0.13,-0.63,0.98,0.75,0,0,0,1.51,0,0,0,0,0,0,0,0,0
0,0,0,0,0,0,1.46,0,0,0,0,0,0,0,0,0,0,0,0,0,0,0,0,0,0.49,0,0,0,0,0,0,0,0,0,0,0,0,0
0,0,0,0,0,0,0,0,0,0,0,0,0,0,0,0,0,2.9,0,0,0.61,0,0,0,0,0,0,0,0,0,0,0,0,0,0,0,0,0
0,0,0,0,0,0,0,0,0,0,0,0,0,0,0,0,0,0,0,0,0,0,0,0,0,0,0,0,0,0,0,0,0,0,0,0,0,0
0,0,0,0,0,0,0,0,0,0,0,0,0,0,0,0,0,0,0,0,0,0,0,0,0,0,0,0,0,0,0,0,0,0,0,0,0,0
0,0,0,0,0,0,0,0,0,0,0,0,0,0,0,0,0,0,0,0,0,0,0.53,0,0,0,1.77,5.13,0,1.64,0,0,0.57,0,0,0,0,0
4.3,0,0.7,2.82,0.7,0.67,7.66,11.74,3.54,6.63,6.34,4.97,2.35,0,0.78,1.66,0,1.77,1.74,5.13,4.84,1.58,4.86,2.13,0.36,0,0,0,-0.93,0,0.74,1.26,0,4.63,4.66,2.93,0,0
0,0,0,0,0,0,0,0,0,0,0,0,0,0,0,0,0,0,0,0,0,0,0,0,0,0,0,1.48,0,0,0,0,0,0,0,0,0,0
1.56,0,0,0,0,0,0,0,0,0,0,0,0,0,0,2.23,0,0,0,0,0,0,0,0,0,0,0,0,0,0,3.2,0,0,0,0,2.29,0,0
0,0,0,0,0,0,0,0,0,0,0,0,0,0,0,0,0,0,0,0,0,0,0,0,0,0,0,0,0,0,0,0,0,0,0,0,0,0
0,0,0,0,2.76,0,0,0,0,0,1.5,0,2.36,0,0,0,0,3.56,0,0,0,0,0,0,0,0,0,0,0,0,0,0,0,0,0,0,0,0
0,0,0,0,0,0,0,0,0,0,0,0,0,0,0,0,0.56,3.15,0,0,1.54,0,1.77,6.91,0,0,4.87,1.61,2.51,2.93,2.97,0,1.28,0,0,0,0,0
0,0,0,0,0,0,0,0,0,0,0,1.68,0,0,0,1.55,0,0,0,0,0,0,0,0,0,0,0,0,0,0,0,0,0,0,0,0,0,0
1.5,0,0,1.73,0.52,1.18,0.72,0,0,0,0,1.72,6.53,3.18,0,6.66,0,6.56,0,1.63,0.57,0,2.51,0,1.78,0,11.21,4,1.48,4.01,8.38,3.54,8.06,1.24,0.75,5.99,0.67,3.21
0,0,0,0,0,0,0,0,0,0,3.57,0,0,0,0,0,0.69,0,0,0,2.52,0.55,0,0,0,0,0,0,0,0,0,0,0,0,0,0,0,0
0,0,0,0,0,0,0,0,0,0,0,0,0,0,0,0,0,0,0,0,0,0,0,0,0,0,0,0,0,0,0,0,0,0,0,0,0,0
-1,0,-1,-1,-1,-1,-1,-1,-1,-1,-1,-1,0,0,-1,-1,-1,-1,-1,-1,-1,-1,-1,-1,-1,0,-1,-1,-1,-1,-1,-1,-1,-1,-1,-1,-1,-1
0,0,0,0,0,0,0,0,0,0,0,0,0,0,0,0,0,0,0,0,0,0,0,0,0,0,0,0,0,0,0,0,0,0,0,0,0,0
0,0,0,0,0,0,0,0,0,0,0,0,0,0,0,0,0,0,0,0,0,0,0,0,0,0,0,0,0,0,0,0,0,0,0,0,0,0
0,0,0,0,0,0,0,0,0,0,0,0,0,0,0,0,0,0,0,0,0,0,0,0,2.68,0,1.79,3.99,1.59,6.3,4.62,0,1.31,0,0,0,0,0
0,0,0,0,0,0,0,0,0,0,0,0,0,0,0,0,0,0,0,0,0,0,0,0,1.63,0,0,0,0,0,0,0,0,0,0,0,0,0
0,0,0,0,0,0,0,0,0,0,0,0,0,0,0,0,0,0,0,0,0,0,0,0,0,0,0,0,0,0,0,0,0,0,0,0,0,0
0,0,0,0,0,0,0,0,0,0,0,0,0,0,0,0,0,0,0,0,0,0,0,0,0,0,0,0,0,0,0,0,0,0,0,0,0,0
0,0,0.62,0,0,0,1.78,0,0,2.22,0,0,0,0,0,0,0,0,1.76,0,0,-0.47,0,0,0,0,0,0,1.78,0,0,0,0,0,0,0,1.47,0.48
0,0,0,0,0,0,0,0,0,0,0,0,0,0,0,0,0,0,0,0,0,0,0,0,0,0,0,0,0,0,0,0,0,0,0,0,0,0
0,0,0,0,0,0.71,0,0,0,0,0,0,0,0,0,0,0,0,0,0,0,0,0,0,0,0,0,0,0,0,0,0,0,0,0,0,0,0
0,0,0,0,0,0,0,0,0,0,0,0,0,0,0,0,0,0.67,0,0,0,0.71,0,0,0,0,0,0,0,0,0,0,0,0,0,0,0,0
0,0,0,0,0,0,0,0,0,0,0,0,0,0,0,0,0,0.76,0.76,0,0,0,0,0,0,0,0,0,0,0,0,0,0,0,1.77,1.58,0,1.47
1.54,0,0,0,4.33,0,-0.49,0.76,3.58,1.45,0.57,0,0,0,0,2.46,-0.42,0,0,0,0,0.48,0,0,0,0,0,0,0,0,0,0,0,0,0,0,0,0
0,0,0,0,0,0,0,0,0,0,0,0,0,0,0,0,0,0,0,0,0,0,0,0,0,0,0,0,0,0,0,0,0,0,0,0,0,0
0,0,0,0,0,0,0,0,0,0,0,0,0,0,0,0,0,0,0,0,0,0,0,0,0,0,0,0,0,0,0,0,0,0,0,0,0,0
0,0,0,0,0,0,0,0,0,0,0,0,0,0,0,0,0,0.7,0.7,0,0,1.77,0,3.49,4.81,0,1.79,0,0,0,0,0,0.5,3.42,0.47,0,0,0
0,0,0,0,0,0,0,0,0,0,0,0,0,0,0,0,0,0,0,0,0,0,0,0,0,0,0,0,0,0,0,0,0,0,0,0,0,0
0,0,0,0,0,0,0,0,0,0,0,0,0,0,0,0,0,0,0,0,0,0,0,0,0,0,0,0,0,0.48,0,0,0,0,0,0,0,0
0,0,0,0,0,0,0,0,0,0,0,0,0,0,0,0,0,0,0,0,0,0,0,0,0,0,0,0,0,0,0,0,0,0,0,0,0,0
0,0,0,0,0,0,0,0,0,0,0,0,0,0,0,0,0,0,0,0,0,0,0,0,0,0,0,0,0,0,0,0,0,1.56,0,0,0,0
0,0,0,0,0,-0.53,0,0.56,3.15,0,0,0,0,0,0,0,0,0,1.56,0,0,0,0,0,0,0,0,0,0,0,0,0,-0.48,0.69,0,0,0,0
0,0,0,0,0,0,0,0,0,0,0,0,0,0,0,0,0,0,0,0,0,0,0,0,0,0,0,0,0,0,0,0,0,0,0,0,0,0
0,0,0,0,0,0,0,0,0,0,0,0,0,0,0,0,0,0,0,0,0,0,0,0,0,0,0,0,0,0,0,0,0,0,2.49,0,0,0
0.76,0,0.76,0.72,0,0.72,0.66,0.72,0,0,0,0,3.56,0,0,0,0,6.97,6.9,0.64,0,1.97,1.44,2.41,0,4.81,0,0.7,0,0,0,0.65,0,3.37,6.3,10.84,3.58,19.31
0.71,0,0,0,0,0,0,0,0,0,0,0,0,0,0,0,0,0,0,0,0,0,0.52,0,0.78,0,0,0,0.78,0,0,0,0,0,0,0,0,0
0,0,0,0,0,0,0,0,0,0,0,0,0,0,5.54,0,0,0,0,0,0,0,0,0.77,0,0,0,0,0,0,0,0,0,0,0,0,0,0
0,0,0,0,0,0,0,0,0,0,0,0,0,0,0,0,0,0,0,0,0,0,0,0,0,0,0,0,0,0,0,0,0,0,0,0,0,0
0,0,0,0,0,0,0,0,0,0,0,0,0,0,0,0,0,0,0,0,0,0,0,0,0,0,0,0,0,0,0,0,0,0,0,0,0,0
1.08,0,0,0,0.71,0,0,0,0,0,1.47,1.66,0,0,0,1.75,0,0,0,0,0,0,1.55,0,0,0,0,0,0,0,0,3.54,0,0,0,0,0,0.78
0,0,0,0,0,0,0,0,0,0,0,0.47,0,0,0,0,0,0,0,0,0,0,0,0,0,0,0,0,0,0,0,0,0,0,0,0,0,0
0,0,0,0,0,0,0,0,0,0,0,0,0,0,0,0,0,0,0,0,0,0,0,0,0,0,0,0,0,0,0,0,0,0,0,0,0,0
16.19,0,8.64,3.48,3.3,6.82,10.61,6.59,11.59,6.06,4.7,3.38,5.73,1.75,5.64,5.94,9.5,21.46,18.95,18.29,12.39,22.86,18.7,22.03,6.94,2.35,25.04,9.36,19.55,4.34,0,9.43,6.92,8.23,14.66,12.96,4.61,9.95
0,0,0,0,0,0,0,0,0,0,0,0,0,0,0,0,0,0,0,0,0,0,0,0,0,0,0,0,0,0,0,0,0,0,0,0,0,0
0,0,0,0,0,0,0,0,0,0,0.67,0,0,0,0.65,0,0,8.23,0.76,0,0.63,1.53,0,0,2.3,0,0,0,0,0,0,0,0,0,0,0,1.74,1.52
-1,0,-1,-1,-1,-1,-1,-1,-1,-1,-1,-1,0,0,-1,-1,-1,-1,-1,-1,-1,0.63,0.44,-1,-0.31,0,-1,-1,-0.23,-1,-1,-1,-1,-1,-1,-1,-1,-1
0,0,0,0,0,0,0,0,0,0,0,0,0,0,0,0,0,0,0,0,0,0,0.62,0,0,0,0,0,0,1.61,0,0,0.64,3.91,5.24,0.53,1.79,1.63
0,0,0,0,0,0,0,0,0,0,0,0,0,0,0,0,0,0,0,0,0,0,0,0,0,0,0,0,0,0,0,0,0,0,0,0,0,0
0,0,0,0,0,0,0,0,0,0,0,0,0,0,0,0,0,0,0,0,0,0,0,0,0,0,0,0,0,0,0,0,0,0,0,0,0,0
0,0,0,0,0,0,0,0,0,0,0,0,0,0,0,0,0,0,0,0,0,0,0,0,0,0,0,0,0,0,0,0,0,0,0,0,0,0
0,0,0,0,0,0,0,0,0,0,0,0,0,0,0,0,0,0,0,0,0,0.78,0,0,0,0,0,0,0,0,0,0,0,0,0,0,0,0
0,0,0,0,0,0,0,0,0,0,0,0,0,0,0,0,0,0,0,0,0,0,0,0,0,0,0,0,0,0,0,0,0,0,0,0,0,0
0,3.57,0,0,3.9,2.44,3.01,0.66,0,0.48,0,1.51,0,0,3.08,0,10.64,5.31,0,5.45,0,1.63,0,3.5,0,0,0,0,0,0,0,0,0,4.82,0.65,1.75,0,0
0,0,0,0,0,0.51,2.34,0,0,0,0,0,0,0,0,0,0,0,0,0,0,0,0,0,0,0,0,0,0,0,0,0,0,0,0,0,0,0
4.86,1.74,0,0,1.63,1.37,6.48,0,3.98,0,0,0,0,0,1.3,0,5.37,0,0,0,0,0,0,0,0,0,0,0,0,0,0,0,3.32,0,0,0.68,0,0
1.64,0,0,0,0,0,0,2.54,0,0,0,0,0,0,1.46,0,0,1.55,0,0,0,1.61,0,0,0,0,0,0.57,0,0.74,0,0,0,0,0,1.72,0,0
0,0,0,0,3.51,3.41,3.45,4.93,0.57,0,0.98,0,0,0,1.29,0,3.56,0,0,0,0,0.77,0,1.49,0,0,0,2.2,1.48,0,0,0,0,0.66,1.99,1.68,0.69,0.7
0,0,0,0,0,0,0,0,0,0,0,0,0,0,0,0,0,0,0,0,0,0,0,0,0,0,0,0,0,0,0,0,0,0,0,0,0,0
0,0,1.79,1.73,1.74,0,2.49,3.14,0,0,1.67,0,0.55,0,0,0,0.55,0,0,5.28,1.72,1.78,0,0,0,0,0,0,1.75,0,0,1.39,0,0.74,0,0,0,0
0,0,0,0,0,0,0,0,0,0,0,0,0,0,0,0,0,0,0,0,0,0,0,0,0,0,0,0,0,0,0,0,0,0,0,0,0,0
0,0,0,0,0,0,0,0,0.48,0,0,1.66,0,0,0,0,0,0,0,0,0,0,0,0,0,0,0,0,0,0,0,0,0,0.57,0,0,0,0
0,0,0,0,0,0,2.83,1.73,0,0.62,0,0,0,0,0,0,0,0,0,1.75,0,0,0,0,0,0,0,0,0,0,0,1.3,0,0.77,0,0,0,0
0,0,0,0,0,0,0,0,0,0,0.63,0,0,0,0,0,0,0,0,0,0,0.7,0,0,0,0,0,0,0.64,0,0,0,0,0,0,0,0,0
0,0,0,0,0,0,0,1.11,0.58,0,0,0,0,0,0,0,0,0,0,0,0,1.47,0,0,0.69,0,0,0,0,0,0,0,0,0,0,0,0,0
0,0,0,0,0,1.78,3.14,1.4,0,0.68,0,2.39,1.79,0,0,0,0,0,3.4,0,0.76,0,1.3,0,0,0,0,0,0,0,0,0,0,0,0,0,0,0.66
10.79,0,0.62,6.25,2.89,5.32,9.83,7.48,0.57,0,2.94,3.99,1.52,1.6,3.13,11.49,8.54,4.71,4.12,16.7,3.32,3.4,3.03,4.53,2.54,0,0,0,1.65,2.22,0,0,0.65,14.28,11.72,14.02,0.67,0
8.12,5.15,0,8.21,7.23,3.26,10.28,12.91,0.62,2.5,0.69,0,0,0,5.03,3.14,7.78,5.76,9.95,1.76,4.64,0.94,16.15,11,5.62,0,0.48,0,2.01,6.02,0,0,0,3.87,0,4.96,1.23,0
0,0,0,0,0,0,0,0,0,0,0.5,0,0,0,0,0,0,0,0,0,0,0.58,0,0,0,0,0,0,0,0,0,0,0,0,0,0,0,0
7,1.48,-1,-1,1.23,1.55,1.16,-0.43,-1,-1,-1,-1,0.77,0,1.49,4.71,5.26,0.8,6.52,7.73,11.45,6.02,3.94,8.45,8.56,0.48,10.66,1.27,2.91,-0.3,-1,5.51,-1,24.27,13.2,16.19,8.89,7.92
0,0,0,0,0,0,0,0,0,0,0,0,0,0,0,0,0,0,0,0,0,1.63,0,0,0,0,0,0,0.51,0,0,0,0,0,0,0,0,0
0,0,0,0,0.67,0,0,0,0,0,0,0,0,0,0,0,0,0,0,0,0,0,0,0,0,0,0,0,0,0,0,0,0,0,-0.46,0,0,0
5.35,0,2.34,8.6,6.82,0.78,1.25,4.04,3.07,0,0,0,0,0,0,0,1.58,0,1.44,0,0,0.66,0,0,0,0,0,0,0,2.33,0,0,0,-1.16,2.46,3.06,0,3.37
0,0,0,0,0,0,0,0,0,0,1.61,0,0,0,0,0,0,0,0,0,0,0,5.09,9.77,2.5,1.48,0,0,0,0,0,0,0,6.58,1.44,0,0,1.16
28.88,3.79,5.39,17.28,4.41,12.6,31.53,30.8,8.52,9.19,1.69,6.89,5.01,5.03,19.97,22.46,34.67,26.29,29.18,29.02,23.41,17.28,28.88,5.64,2.54,4.08,11.61,13.78,8.49,9.28,1.68,15.57,0,27.89,10.11,1.78,3.09,3.71
0,0,0,0,0,0,0,0,0,0,0,0,0,0,0,0,0,0,0,0,0,0,0,0,0,0,0,0,0,0,0,0,0,0,0,0,0,0
0,0,0,0,0,0,0,0,0,0,0,0,0,0,0,0,0,0,0,0,0,0,0,0,0,0,0,0,0,0,0,0,0,0,0,0,0,0
0,0,0,0,0,0,3.69,0,0,0,0,0,0,0,0,0,0,0,0,0,0,0,0,0,0,0,0,0,0,0,0,0,0,0,0,0,0,0
0,0,0,0,0,0,0,0,0,0,0,0,0,0,0,0,0,0,0,0,0,0,0,0,0,0,0,0,0,0,0,0,0,0,0,0,0,0
0,0,0,0,0,0,0,1.61,0,0,0,0,0,0,0,0,1.54,0,0,0,0,0,0,0,0,0,0,0,0,0,0,0,0,0,0,0,0,0
-1,0,-1,-1,-1.38,-1,-1,-1,-1,-1,-1,0.78,0,0,-1,-1,-1,-1,-1,0.76,-1,-1,-1,-1,-1,0,-1,-1,-1,-1,-1,-1,-1,-1,-1,-1,-1,-1
0,0,0,0,0,0,0,0,0,0,0,0,0,0,0,0,0,0,0,0,0,0,0,0,0,0,0,0,0,0,0,0,0,0,0,0,0,0
0,0,0,0,0,0,0,0,0,0,0,0,0,0,0,0,0,0,0,0,0,0,0,0,0,0,0,0,0,0,0,0,0,0,0,0,0,0
0,0,0,0,0,0,0,0,0,0,0,0,0,0,0,0,0,0,0,0,0,0,0,0,0,0,0,0,0,0,0,0,0,0,0,0,0,0
0,0,0,0,0,0,0,0,0,0,0,0,0,0,0,0,0,0,0,0,0,0,0,0,0.77,0,0,0,0,0,0,0,0,0,0,0,0,1.61
0,0,0,0,0,0,0,0,0,0,0,0,0,0,0,0,0,0,0,0,0,0,0,0,0,0,0,0,0,0,0,0,0,0,0,0,0,0
0,0,0,0,0,0,0,0,0,0,0,0,0,0,0,0,0,0,0,0,0,0,0,0,0,0,0,0,0,0,0,0,0,0,0,0,0,0
0,0,0,0,0,0,0,0,0,0,0,0,0,0,0,0,0,0,0,0,0,0,0,0,0,0,0,0,0,0,0,0,0,0,0,0,0,0
1.74,0,0,0,0,0,0,0,0,0,0,1.79,0,0,0,0,0,0,0,0,0,0,0,0,0,0,0,0,0,0,0,1.49,0,0,6.74,0,0,0
0,0,0,0,0,0,0,0,0,0,0,0,0,0,0,0,0,0,0,0,0,0.61,0.78,0,1.71,0,0,0,0,0,0,0,0,0,0,0,0,0
5.04,0,8.97,0,5.56,9.46,1.78,3.55,1.77,5.6,3.37,1.77,0,0,0,1.62,3.32,0,0,4.59,1.66,0.62,2.92,0,0,1.68,0,0.56,1.62,0,0,1.64,0,0,2.15,0,0,1.64
0,0,0,0,0,0,0,0,0,0,0,0,0,0,0,0,0,0,0,0,0,0,0,0,0,0,0,0,0,0,0,0,0,0,0,0,0,0
3.38,0,0,0,0,0,0,0,0,0,0.69,0,0,0,0,0,0,0,0,0,0,0.77,0.57,0,0,0,0,0,0,0,0,0,0,0,0,0,0,0
2.32,0,0,0,0,0,0.77,0.59,0,0.53,0,0,0,0,0,0,0,0,0,0,0,0,0,0,0,0,0,0,0,0,0,0,0,0,0,0,0,0
0,0,0,0,0,0,0,0,0,0,0.77,0,0,0,0,0,0,0,0,0,0,0,0,0,0,0,0,0,0,0,0,0,0,0,0,0,0,0
0,0,0,0,0,0,0,0,0,1.76,0,0,0,0,0,0,0,0,0,0,0,0,0,0,0,0,0,0.71,0,0,0,0,0,0,-0.35,0,0,0
0,0,0,0,0,0,0,0,0,0,0,0,0,0,0,0,0,0,0,0,0,0,0,0,0,0,0,0,0,0,0,0,0,0,0,0,0,0
0,0,0,0,0,0,0,0,0,0,0,0,0,0,0,0,0,0,0,0,0,0,0,0,0,0,0,0,0,0,0,0,0,0,0,0,0,0
0,0,0,0,0,0,0,0,0,0,2.04,0,0,0,0,0,0,0,0,0,0,0,0,0,0,0,0.69,0,0,0,0,0,0,0,0,2.01,0,0
0,0,0,0,0,0,0,0,0,0,0,1.62,0,0,0,0,0,0,0,0,0,0,0,0,0,0,0,0,0,0,0,0,0,0,0,0,0,0
0,0,0,0,0.65,0,0,0,0,0,0,0,0,0,0,0,0,0,0,0,0,0,1.66,0,1.75,0,0,0,0,0,0,0,0,0,0,0,0,0
0.75,0,0,0,0,0,0,0,1.74,0,0,0,0,0,0,0,0,0,0,0,0,0,0,0,0,0,0,0,0,0,0,0,0,0,1.49,0,0,0
0,0,0,0,1.77,0,0,0,0,2.6,0,0,0,0,0,1.71,1.65,0.78,0,1.78,2.41,0,0,0,0,0,0,0,0,0,0,0.54,0,4.15,5.93,1.77,0,0.54
6.85,0,2.05,1.72,3.9,1.92,0.42,1.47,1.7,5.12,8.27,1.63,1.64,0,0,1.78,8.7,3.29,1.79,8,3.86,0,2.44,0,3.06,0,0,0,0,0,0,0.49,0,0,2.52,0,0,0
5.44,0,3.58,0,1.25,0.65,3.4,1.51,0.55,1.51,3.31,0,0,0,3.73,0,1.75,1.72,2.11,0,0,0,0.76,0,0,0,0,0,0,0,0,0,0,0.59,1.78,0,0,0
1.59,0,0,0,-0.5,0,0,0,0,0,2.97,2.26,1.49,0,0,0,7.13,1.77,3.41,7.91,2.52,0,0,0,0,0,0,1.76,0,1.49,0,9.67,1.52,2.94,12.85,5.55,0,3.39
0,0,0,0,0,0,0,0,0,0,0,0,0,0,0,0,0,0,0,0,0,0,0,0,0,0,0,0,0,0,0,0,0,0,0,0,0,0
2.26,0,2.39,0,3.93,4.03,1.67,3.84,0.68,2.11,3.32,0,0,0,0,0,0,0,0,0.39,5.09,4.02,3.2,0,0,0.61,3.2,0,2.42,0,0,2.59,1.69,16.64,11.04,1.63,0,0.67
0,0,0,0,0,0,0,0,0,0,0,0,0,0,0,0,0,0,0,0,0,0,0,0,0,0,0,0,0,0,0,0,0,0,0,0,0,0
0,0,0,0,0,0,0,0,0,0,0,0,0,0,0,0,0,0,0,0,0,0,0,0,0,0,0,0,0,0,0,0,0,0,0,0,0,0
7.63,0,0,0,1.52,0,1.51,0,0,5.42,5.34,0,0,0,0,12.46,3.52,1.79,0,0.44,0,0,3.29,6.82,0,3.56,7.14,1.78,0,0,0,7.08,0,11.03,25.26,1.79,3.58,2.99
0,0,0,0,0,0,0,0,0,0,0,0,0,0,0,0,1.71,0,0,0,3.53,0,0,0,0,0,0,0,0,0,0,0,0,0,0,0,0,0
-1,0,-1,-1,-1,-1,-1,-1,-1,-1,-1,-1,0,0,-1,-1,0.78,-1,-1,-1,-1,-1,-1,-1,-1,0,-1,-1,-1,-1,-1,-1,-1,-1,-1,-1,-1,-1
0,0,0,0,0,0,0,0,1.62,0,7.66,3.38,0,0,0,0,0,0,0,0,0,0,0,0,0,0,0,0,0,0,0,0,1.77,0,0,0,0,0
0,0,0,0,0,0,0,0,0,0,0,0,0,0,0,0,0,0,0,0,0,0,0,0,0,0,0,0,0,0,0,0,0,0,0,0,0,0
0,0,0,0,0,0,0,0,0,0,0,0,0,0,0,0,0,0,0,0,0,0,0,0,0,0,0,0,0,0,0,0,0,0,0,0,0,0
0,0,0,0,0,0,0,0,0,0,0,0,0,0,0,0,0,0,0,0,0,0,0,0,0,0,0,0,0,0,0,0,0,0,0,0,0,0
2.55,0,0,1.74,0.61,0.63,2.32,3.25,2.08,1.33,4.79,6.31,0,0.73,4.89,12.96,5.55,9.53,3.47,2.5,2.53,2.73,2.2,0.18,0.27,0,4.77,0,1.35,7.57,16.74,0,2.36,5.3,1.3,0,-0.47,0
0,0,0,0,0,0,0,0,0,0,0,0,0,0,0,0,0,0,0,0,0,0,0,0,0,0,0,0,0,0,0,0,0,0,0,0,0,0
0,0,0,0,0,0,0,0,0,0,0,0,0,0,0,0,0,0,0,0,0,0,0,0,1.49,0,0,0,0,0,-0.49,0,0,0,0,0,0,0
0.77,0,0,0,0,0,0,0,0,0,0,0,0,0,0,0,0,0,0,0,0,0,0,0,0,0,0,0,0,0,3.46,0,0,0,0,0,0,0
0,0,0,0,0,0,0,0,0,0,0,0,0,0,0,0,0,0,0,0,0,0,0,0,0,0,0,0,0,0,0,0,0,0,0,0,0,0
0,0,0,0,0,0,0,0.49,8.62,0,0,0,1.77,0,1.52,0,0,0,0,0,0,0,0,0,1.68,0,0,0,0,0,0,0,0,0,0,0,0,0
0,0,0,0,0,0,0,0.47,0.47,0,0,0,0,0,0,0,0,1.75,0,0,0,3.57,8.45,0,0,0,0.49,0,1.69,2.8,13.56,0.63,0,0,0.63,0,0,0.63
1.39,0,0,0,0,0,2.37,0,0,0,0,0,0,0,0,0,0,0,0,0,0,0,0,0,0,0,0,0,0,0,0,0,0,0,0,0,0,0
0,0,0,0,0,0,0,0,0,0,0,0,0,0,0,0,0,0,0,0,0,0,0,0,0,0,0,0,0,0,0,0,0,0,0,0,0,0
0,0,0,0,0,0,0,1.54,1.55,0,0,0,0,0,0,0,0,0,0,0,0,-0.15,0,0,0,0,0,0,3.87,0,2.33,0,0,0,0,0,0,-0.27
0,0,0,0,0,0,0,0,0,0,0,0,0,0.56,0,0,0,0,0,0,0,0,0,0,0,0,0,0,0,0,0,0,0,0,0,0,0,0
0,0,0,0,0,0,0,0,0,0,0.66,0.53,0,0,0,0,0,0,0,0,0,0,0,0,0,0,1.37,0,0,0,0,0,0,0,0,0,0,0
0,0,0,0,0,0,0,1.52,0,0,0,0,0,0,0,0,0,0,0,0,0,0,0,0,0,0,0,0,0,0,0,0,0,0,0,0,0,0
0,0,0,0,0,0,0,0,0,0.55,0,0,0,0,0,0,0,0,0,0,0,0,0,0,0,0,0,0.53,3.23,3.14,4.38,0,0.7,0,0,0,0,0
1.59,0,0,0,0,0,0,0,0,0,0,0,0,0,0,0,0,0,0,0.58,0,0,0,0,0,0,2.98,0.51,0,0,4.34,0,1.72,0,0,0,1.52,0
0.75,0,0,1.74,-0.34,0,0,0,0,0,0,0,0,0,0,0,0,0,0,0,0,0,0.78,0,0.67,1.75,0.5,0,0,0,0,0,1.62,0,0,0.76,0,0
11.83,3.85,1.59,3.03,5.24,0.97,1.39,12.03,0.64,11.35,7.98,16.85,2.52,6.52,7.05,8.29,4.92,0,0.64,1.62,3.47,6.77,2.32,0,1.45,0,7.09,0.7,0.76,5.3,8.9,1.52,1.12,0,0,0,0,3.56
0,0,0,0,0,0,0,0,0,0.62,0.51,0,0,0,0,0,0,0.77,2.35,0,0,0,1.73,0,0,0,0.5,0,0,0,0,0,1.48,0,0.71,0,0,0
0,0,0,0,0,0,0,0,0,0,0,0,0,0,0,2.17,2.55,2.52,0,0,0,0.48,1.21,0,0,0,0.51,0,0,0.69,0,4.97,0,0,0,0,0,0
0,0,0,0,0,0,0,0,0,0,0,0,0,0,0,0,0,0,0,0,0,0,0,0,0,0,0,0,0,0,0,0,0,0,0,0,0,0
0,0,0,0,0,0,0,0,0,0.51,1.47,0.68,0,0,0,0,0,0,0,0,0,0,0,0,0,0,0,0,0,0,0,0,0,0,0,0,0,0
0,0,0,0,0.74,0,0.71,5.14,0,4.31,0.65,2.03,0,0,0,0,0,0,0,0,0,0,0,0,0,0,0,0,0,0,0,0,0,0,0,0,0,0
0,0,0,0,0,0,0,0,0,0,3.15,0.76,0,0,0,1.69,0,2.48,0,0,0.71,0.71,0,0,0,0,0,0.48,0,0,0,0,0,0,0,0,0,1.6
0,0,0,0,0,0,0.59,6.82,0,0.63,4.23,9.75,3.58,0,5.33,5.54,11.07,7.03,0.47,8.31,2.92,2.39,0.55,6.16,4.07,0,11.87,0.76,5.59,5.04,7.33,1.49,0.38,0,0.75,0,0,0
0,0,0,0,0,0,0,0,0,0,1.76,1.75,0,0,0,5.8,12.58,13.62,1.24,2.23,0.71,0,0,0,0,0,3.7,0,0.69,6.69,3.14,0,0,0,0,0,0,0
0,0,0,0,0,0,0,0,0,0,0,0,0,0,0,1.67,0,0,0,0,0.47,0,0,0,0,0,1.52,0,0,0,0,0,0,0,0,0,0,0
0,0,0,0,0,0,0,0,0,0,0,0,0,0,0,0,0,0,0,0,0,0,0,0,0,0,0,0,0,0,0,0,0,0,0,0,0,0
0,0,0,0,0,0,0,0,0,0,0,12.11,0,0,0,0,0,0,0,0,0,0,0,0,0,0,1.49,0,0,0,0,0,0,0,0,0,0,0
0,0,0,0,0,0,0,0,0,0,0,0,0,0,0,0,0,0,0,0,0,0,0,0,0,0,0,0,0,0,0,0,0,0,0,0,0,0
0,0,0,0,0,0,0,0,0,0,0,0,0,0,0,0,0,0,0,0,0,0,0,0,0,0,0,0,0,0,1.68,0,0,0,0,1.74,0,0
0,0,0,0,0,0,0,0,0,0,0,0,0,0,0,0,0,0,0,0,0,0,0,0,0,0,0,0,0,0,0,0,0,0,0,0,0,0
0,0,0,0,0,0,0,0,0,0,0,0,0,0,0,0,0,0,0,0,0,1.73,4.61,0,0.74,0,0.66,0,1.6,0,0,0,0,0,0,0,0,0
0,0,0,0,0,0,0,0,0,0,0,0,0,0,0,0,0,0,0,0,0,0,0,0,0,0,0,0,0,0,0,0,0,0,0,0,0,0
0,0,0,0,0,0,0,0,0,0,0,0,0,0,0,0,0,0,0,0,0,0,0,0,0,0,0,0,0,0,0,0,0,0,0,0,0,0
0,0,0,0,0,0,0,0,0,0,0,0,0,0,0,0,0,0,0,0,0,0,0,0,0,0,0,0,0.69,0,0,0,0,0,0,0,0,0
0,0,0,0,0,0,0,0,0,0,0,0,0,0,0,0,0,0,0,0,0,0,0,0,0,0,0,0,0,0,0,0,0,0,0,0,0,0
1.78,0,0,0,1.78,1.77,3.56,0,0,1.79,0,0,0,0,0,0.66,0,0,0,0,1.1,0,0.46,0,0.77,0,0,3.54,0,0,0,0,0,0.61,1.73,0,1.5,1.51
0,0,0,0,0,0,0,0,0,0,0,0,0,0,0,0,0,0,0,0,0,0,0,1.78,0,0,0,0,0,0,0,0,0,0,0,0,0,0
2.88,0,-0.52,0,3.85,1.69,11.62,7.01,15.87,0.49,3.38,0,8.94,5.1,0.62,12.04,6.89,6.64,9.06,4.93,15.94,2.3,4.22,3.62,2.54,3.35,6.99,6.69,6.03,0.65,0,3.16,0,5.87,10.17,1.29,5.29,1.21
1.58,0,0,0,0,0,0,0,0,0,0,0,0,0,0,0,0,0,0,0,0,0.56,0,0,0,0,0,0,0,0,0,0,0,0,0,0,0,0
0,0,0,0,0,0,0,0,0,0,0,0,0,0,0,0,0,0,0,0,0,0,0,0,0,0,0,0,0,0,0,0,0,0,0,0,0,0
0,0,0,0,0,0,0,0,0,0,0,0,0,0,0,0,0,0,0,0,0,0,0,0,0,0,0,0,0,0,0,0,0,0,0,0,0,0
0,0,0,0,0,0,0,0,0,0,0,0,0,0,0,0,0,0,0,0,0,0,0,0,0,0,0,0,0,0,0,0,0,0,0,0,0,0
0,0,0,0,0,0,0,0,0,0,0,0,0,0,0,0,3.57,0,0,0,0,0,3.24,0,0,0,0,0,0,0,0,0,0,0,0,0,0,0
0,0,0,0,0,0,0,0,0,0,0,0,0.67,0,0,0,0,0,0,0,0,0,0,0,0,0,0,0,0,0,0,0,0,0,0,0,0,0
6.47,0,0,0,0,0,0.76,1.77,0,0,0.74,0,0,0,0,1.79,0,0,0,0,0,0.72,1.77,7.29,0.67,0,0,0,5.14,0,0,2.93,0,5.24,7.37,2.26,16.15,3.84
4.06,0,3.56,0,0.74,0,0,0,0,1.66,1.79,0,0,0,0,0,1.71,0,0,0,-0.5,1.69,0,0,0,0,0,1.54,0,0,0,0,0,0,0,0,0,0
0,0,0,0,0.74,0,0,0,0,0,0,0,0,0,0,0,0,0,0,0,0,0,0,0,0,0,0,0,0,0,0,0,0,0,0,0,0,0
0,0,0,0,0,0,1.78,0,1.7,0,0,0,0,0,0,0,0,0,0,0,0,0,0,0,0,0,0,0,0,0,0,1.42,0,0,0,0,0,0
0,0,0,0,0,0,0,0,0,0,0,0,0,0,0,0,0,0,0,0,0,0,0,0,0,0,0,0,0,0,0,0,0,0,0,0,0,0
3.83,0,0,1.79,0,3.21,14.13,1.79,2.36,0,1.78,-0.54,14.33,2.38,1.78,7.11,3.17,2.37,7.39,2.38,10.29,0,1.79,0.57,1.32,5.08,11.42,16.75,16.05,0.54,0.49,8.8,3.23,12.52,23.13,8.17,13.66,2.37
0,0,0,0,0,0,0,0,0,0,0,0,0,0,0,0,0,0,0,0,0,0,0,0,0,0,0,0,0,0,0,0,0,0,0,0,0,0
0,0,0,0,0,0,0,0,0,0,0,0,0,0,0,0,0,0,0,0,0,0,0,0,0,0,0,0,0,0,0,0,0,0,0,0,0,0
0,0,0,0,0,0,0,0,0,0,0,0,0,0,0,0,0,0,0,0,0,0,0,0,0,0,0,0,0,0,0,0,0,0,0,0,0,0
0,0,0,0,2.47,0,1.76,1.78,5.19,1.78,0,0,2.46,0.51,0,0,0.47,0.62,0,0.64,0,0,1.74,0,0,1.77,0,1.54,0,1.54,0,0,0,0,0,0,0,0
0,0,0,0,0,0,0,0,0,0,0,0,0,0,0,0,0,0,0,0,0,0,0,0,2.43,0,0,0,0,0,0.59,1.78,0.61,0,0,0,0,0
0,0,0,0,0,0,0,0,0.68,0,0,0,0,0,0,0,0,0.51,0.51,0,0,0,0,0,0,0,0,0,0,0,0,0,0,0,0,0,0,0
0,0,0,1.75,1.78,0,0,0,0,0,0,0,0,0,0,0,0,0,0,0,0,0.78,0,0,0,0,0,0,0,0,0,0,0,0,0,0,0,0
0,0,0,0,0,0,0,0,0,0,0,0,0,0,0,0,0,0,0,0,0,0,0,0,0,0,0,0,0,0,0,0,0,0,0,0,0,0
0,0,0,0,0,0,0,0,0,0,0,0,0,0,0,0,0,0,0,0,0,0,0,0,0,0,0,0,0,0,0,0,0,0,0,0,0,0
0,0,0,0,0,0,0,0,0,0,0,0,0,0,0,0,0,0,0,0,0,0,0,0,0,0,0,0,0,0,0,0,0,0,0,0,0,0
0,0,0,0,0,0,0,0,0,0,0,0,0,0,0,0,0,0,0,0,0,0,0,0,0,0,0,0,0,0,0,0,0,0,0,0,0,0
0,0,0,0,0,0,0,0,0,0,0,0,0,0,0,0,0,0,0,0,0,0,0,1.03,0,0,0.62,0,0,0,0,1.68,0,0,0,0,0,0
